date,collected,at_base_mix,base_mix_coverage
2017-01-01,1.546,NA,NA
2017-02-01,1.447,NA,NA
2017-03-01,1.262,NA,NA
2017-04-01,1.356,NA,NA
2017-05-01,1.354,NA,NA
2017-06-01,1.4,NA,NA
2017-07-01,1.551,NA,NA
2017-08-01,1.527,NA,NA
2017-09-01,1.467,NA,NA
2017-10-01,1.442,NA,NA
2017-11-01,1.335,NA,NA
2017-12-01,1.315,NA,NA
2018-01-01,1.453,NA,NA
2018-02-01,1.445,NA,NA
2018-03-01,1.219,NA,NA
2018-04-01,1.318,NA,NA
2018-05-01,1.393,NA,NA
2018-06-01,1.607,NA,NA
2018-07-01,1.868,NA,NA
2018-08-01,1.892,NA,NA
2018-09-01,2.021,NA,NA
2018-10-01,2.467,NA,NA
2018-11-01,2.412,NA,NA
2018-12-01,2.62,NA,NA
2019-01-01,2.553,NA,NA
2019-02-01,2.403,NA,NA
2019-03-01,2.069,NA,NA
2019-04-01,2.149,NA,NA
2019-05-01,2.262,NA,NA
2019-06-01,2.678,NA,NA
2019-07-01,2.84,NA,NA
2019-08-01,2.791,NA,NA
2019-09-01,3.244,NA,NA
2019-10-01,2.989,NA,NA
2019-11-01,2.896,NA,NA
2019-12-01,2.897,NA,NA
2020-01-01,3.194,NA,NA
2020-02-01,2.697,NA,NA
2020-03-01,1.997,NA,NA
2020-04-01,2.626,NA,NA
2020-05-01,2.777,NA,NA
2020-06-01,2.682,NA,NA
2020-07-01,2.776,NA,NA
2020-08-01,2.958,NA,NA
2020-09-01,2.954,NA,NA
2020-10-01,2.866,NA,NA
2020-11-01,2.783,NA,NA
2020-12-01,2.758,NA,NA
2021-01-01,3.072,NA,NA
2021-02-01,2.97,NA,NA
2021-03-01,2.939,NA,NA
2021-04-01,2.812,NA,NA
2021-05-01,2.935,NA,NA
2021-06-01,2.834,NA,NA
2021-07-01,2.957,NA,NA
2021-08-01,3.127,NA,NA
2021-09-01,3.069,NA,NA
2021-10-01,3.017,NA,NA
2021-11-01,2.842,NA,NA
2021-12-01,2.92,NA,NA
2022-01-01,3.107,NA,NA
2022-02-01,3.037,NA,NA
2022-03-01,2.756,NA,NA
2022-04-01,2.796,NA,NA
2022-05-01,2.771,NA,NA
2022-06-01,2.743,NA,NA
2022-07-01,2.932,NA,NA
2022-08-01,2.981,NA,NA
2022-09-01,2.75,NA,NA
2022-10-01,2.609,NA,NA
2022-11-01,2.473,NA,NA
2022-12-01,2.494,NA,NA
2023-01-01,2.565,NA,NA
2023-02-01,2.458,NA,NA
2023-03-01,2.15,NA,NA
2023-04-01,2.386,NA,NA
2023-05-01,2.378,NA,NA
2023-06-01,2.339,NA,NA
2023-07-01,2.462,NA,NA
2023-08-01,2.386,NA,NA
2023-09-01,2.353,NA,NA
2023-10-01,2.262,NA,NA
2023-11-01,2.167,NA,NA
2023-12-01,2.334,NA,NA
2024-01-01,2.472,2.33,0.987
2024-02-01,2.428,2.333,0.988
2024-03-01,2.21,2.35,0.99
2024-04-01,2.17,2.344,0.991
2024-05-01,2.233,2.351,0.991
2024-06-01,2.346,2.386,0.991
2024-07-01,2.485,2.411,0.991
2024-08-01,2.514,2.413,0.99
2024-09-01,2.406,2.405,0.99
2024-10-01,2.351,2.424,0.989
2024-11-01,2.351,2.434,0.988
2024-12-01,2.337,2.417,0.988
2025-01-01,2.216,2.412,0.985
2025-02-01,2.331,2.719,0.984
2025-03-01,3.718,5.24,0.988
2025-04-01,7.183,8.974,0.986
2025-05-01,9.06,12.271,0.982
2025-06-01,9.288,11.946,0.982
2025-07-01,9.505,11.882,0.98
2025-08-01,10.489,12.474,0.971
2025-09-01,10.534,13.762,0.98
2025-10-01,10.836,14.104,0.981
2025-11-01,9.79,12.805,0.978
2025-12-01,9.34,12.278,0.98
2026-01-01,9.872,12.423,0.978
2026-02-01,8.477,11.062,0.979
2026-03-01,6.849,8.877,0.98
2026-04-01,6.739,9.154,0.981
2026-05-01,6.891,9.116,0.98
2026-06-01,6.813,9.02,0.98
2026-07-01,6.452,8.679,0.981
