date,firms_fewer_than_50_employees,firms_50_to_249_employees,firms_250_or_more_employees
2025-12-14,17.2,21.2,29.6
2025-12-28,17.3,21.8,30.3
2026-01-11,17.6,22.7,30.8
2026-01-25,17.9,24.2,31.5
2026-02-08,17.9,23.7,31.3
2026-02-22,17.9,22.9,33.4
2026-03-08,17.9,22.4,33.6
2026-03-22,18.4,23.2,35.3
2026-04-05,18.9,25,34.5
2026-04-19,19.1,26.5,35.2
2026-05-03,19.2,27.5,34.9
2026-05-17,19.5,27.3,36.7
2026-05-31,19.8,26.8,37.9
2026-06-14,20.2,27.2,39.3
2026-06-28,20.5,27.8,39.9
2026-07-12,20.8,29.1,38.6
2026-07-26,21.2,29.1,39
2026-08-09,21.5,28.8,39.4
2026-08-23,22.1,28.3,39.9
2026-09-06,22.7,29.1,40.8
