date,energy_goods_spending,energy_goods,market_housing_spending,market_housing,core,headline_spending,headline,market_core_spending,market_core
1959-01-01,15021,9.793,NA,NA,15.501,306091,15.164,NA,NA
1959-02-01,15174,9.987,NA,NA,15.513,309554,15.179,NA,NA
1959-03-01,15186,9.982000000000001,NA,NA,15.530999999999999,312702,15.189,NA,NA
1959-04-01,15039,10.049,NA,NA,15.57,312193,15.219,NA,NA
1959-05-01,15332,9.994,NA,NA,15.589,316130,15.226999999999999,NA,NA
1959-06-01,15456,9.953000000000001,NA,NA,15.635,318193,15.270999999999999,NA,NA
1959-07-01,15330,9.904,NA,NA,15.672,317787,15.303,NA,NA
1959-08-01,15270,10.066,NA,NA,15.697,320161,15.325000000000001,NA,NA
1959-09-01,15024,10.003,NA,NA,15.737999999999998,324228,15.365000000000002,NA,NA
1959-10-01,15659,10.203,NA,NA,15.765,322794,15.402000000000001,NA,NA
1959-11-01,15942,10.219,NA,NA,15.793999999999999,322860,15.412,NA,NA
1959-12-01,15042,10.220999999999998,NA,NA,15.818,322871,15.43,NA,NA
1960-01-01,15152,10.145999999999999,NA,NA,15.822000000000001,323603,15.421,NA,NA
1960-02-01,15188,10.116,NA,NA,15.852000000000002,325338,15.437,NA,NA
1960-03-01,16148,10.023,NA,NA,15.853000000000002,330150,15.446,NA,NA
1960-04-01,16133,10.094,NA,NA,15.882000000000001,336482,15.502,NA,NA
1960-05-01,15572,10.061,NA,NA,15.908,330042,15.517999999999999,NA,NA
1960-06-01,15876,10.129999999999999,NA,NA,15.917,330102,15.525,NA,NA
1960-07-01,15744,10.240999999999998,NA,NA,15.945,331366,15.553,NA,NA
1960-08-01,15891,10.352000000000002,NA,NA,15.968,331613,15.579,NA,NA
1960-09-01,16118,10.336,NA,NA,15.981,333397,15.588,NA,NA
1960-10-01,15803,10.26,NA,NA,15.99,335398,15.606,NA,NA
1960-11-01,15974,10.413,NA,NA,16.033,335366,15.659,NA,NA
1960-12-01,16106,10.337,NA,NA,16.028,331307,15.662,NA,NA
1961-01-01,15947,10.38,NA,NA,16.032,332178,15.665000000000001,NA,NA
1961-02-01,15739,10.366000000000001,NA,NA,16.048,333717,15.679,NA,NA
1961-03-01,15581,10.238999999999999,NA,NA,16.053,337664,15.67,NA,NA
1961-04-01,15809,9.987,NA,NA,16.075,337639,15.661,NA,NA
1961-05-01,15597,10.07,NA,NA,16.096,339870,15.67,NA,NA
1961-06-01,15782,10.102,NA,NA,16.12,340857,15.677,NA,NA
1961-07-01,15774,10.210999999999999,NA,NA,16.145,340560,15.710999999999999,NA,NA
1961-08-01,15657,10.31,NA,NA,16.162,342068,15.723999999999998,NA,NA
1961-09-01,15756,10.327,NA,NA,16.194000000000003,344368,15.741999999999999,NA,NA
1961-10-01,15540,10.230999999999998,NA,NA,16.199,346499,15.740999999999998,NA,NA
1961-11-01,15935,10.295,NA,NA,16.201999999999998,349881,15.741999999999999,NA,NA
1961-12-01,15558,10.136,NA,NA,16.216,352398,15.745999999999999,NA,NA
1962-01-01,15850,10.168,NA,NA,16.235,353161,15.776,NA,NA
1962-02-01,16020,10.296999999999999,NA,NA,16.261999999999997,353951,15.818,NA,NA
1962-03-01,16322,10.092,NA,NA,16.3,357353,15.839,NA,NA
1962-04-01,16279,10.302000000000001,NA,NA,16.303,359006,15.857000000000001,NA,NA
1962-05-01,16206,10.285,NA,NA,16.326,361978,15.867,NA,NA
1962-06-01,16107,10.156,NA,NA,16.356,360389,15.877,NA,NA
1962-07-01,15945,10.006,NA,NA,16.37,361358,15.868,NA,NA
1962-08-01,16092,10.167,NA,NA,16.372,362882,15.891,NA,NA
1962-09-01,16343,10.474,NA,NA,16.404,368757,15.969000000000001,NA,NA
1962-10-01,16672,10.399000000000001,NA,NA,16.403,366548,15.953000000000001,NA,NA
1962-11-01,16826,10.41,NA,NA,16.415,371684,15.964,NA,NA
1962-12-01,17128,10.522,NA,NA,16.419999999999998,373621,15.958,NA,NA
1963-01-01,17316,10.394,NA,NA,16.451,374423,15.997,NA,NA
1963-02-01,17200,10.379000000000001,NA,NA,16.47,373411,16.014000000000003,NA,NA
1963-03-01,16864,10.267999999999999,NA,NA,16.479999999999997,375016,16.001,NA,NA
1963-04-01,16657,10.233999999999998,NA,NA,16.5,376350,16,NA,NA
1963-05-01,17130,10.297999999999998,NA,NA,16.53,377205,16.026,NA,NA
1963-06-01,16449,10.136,NA,NA,16.558,381683,16.061,NA,NA
1963-07-01,16520,10.299,NA,NA,16.573,384407,16.093,NA,NA
1963-08-01,17035,10.46,NA,NA,16.587999999999997,386287,16.115000000000002,NA,NA
1963-09-01,17035,10.223999999999998,NA,NA,16.618000000000002,385488,16.112000000000002,NA,NA
1963-10-01,16571,10.322000000000001,NA,NA,16.655,386023,16.143,NA,NA
1963-11-01,16623,10.262,NA,NA,16.67,389440,16.166,NA,NA
1963-12-01,17668,10.307,NA,NA,16.694000000000003,394684,16.19,NA,NA
1964-01-01,17156,10.277,NA,NA,16.717000000000002,396783,16.224,NA,NA
1964-02-01,17198,10.277,NA,NA,16.749,400161,16.247,NA,NA
1964-03-01,17227,10.232,NA,NA,16.764999999999997,401801,16.257,NA,NA
1964-04-01,17421,10.196,NA,NA,16.779999999999998,402823,16.269,NA,NA
1964-05-01,17181,10.133999999999999,NA,NA,16.794,408431,16.271,NA,NA
1964-06-01,17701,10.135,NA,NA,16.806,411355,16.294,NA,NA
1964-07-01,17705,10.132,NA,NA,16.823,414912,16.315,NA,NA
1964-08-01,18084,10.117999999999999,NA,NA,16.845,417737,16.327,NA,NA
1964-09-01,18020,10.165000000000001,NA,NA,16.852,416618,16.352,NA,NA
1964-10-01,18626,10.213999999999999,NA,NA,16.859,419602,16.362,NA,NA
1964-11-01,17655,10.245,NA,NA,16.883,416359,16.384999999999998,NA,NA
1964-12-01,17934,10.311,NA,NA,16.907,421001,16.409,NA,NA
1965-01-01,17802,10.409,NA,NA,16.93,424440,16.427,NA,NA
1965-02-01,18463,10.413,NA,NA,16.95,431397,16.434,NA,NA
1965-03-01,18623,10.478,NA,NA,16.959999999999997,433297,16.455,NA,NA
1965-04-01,18810,10.51,NA,NA,16.979999999999997,437059,16.480999999999998,NA,NA
1965-05-01,18792,10.51,NA,NA,17.011000000000003,437625,16.518,NA,NA
1965-06-01,19210,10.575000000000001,NA,NA,17.007,435243,16.566,NA,NA
1965-07-01,19556,10.556000000000001,NA,NA,17.024,441033,16.578,NA,NA
1965-08-01,19265,10.543,NA,NA,17.056,444375,16.581999999999997,NA,NA
1965-09-01,19485,10.589,NA,NA,17.076,452006,16.59,NA,NA
1965-10-01,19964,10.672,NA,NA,17.07,458479,16.595,NA,NA
1965-11-01,19861,10.655000000000001,NA,NA,17.102,459054,16.623,NA,NA
1965-12-01,19748,10.703,NA,NA,17.154000000000003,461673,16.683,NA,NA
1966-01-01,19991,10.703999999999999,NA,NA,17.159000000000002,465158,16.703,NA,NA
1966-02-01,19747,10.671,NA,NA,17.201,470220,16.772,NA,NA
1966-03-01,19919,10.674,NA,NA,17.223,475031,16.813000000000002,NA,NA
1966-04-01,20266,10.674,NA,NA,17.284999999999997,476948,16.871000000000002,NA,NA
1966-05-01,20400,10.725,NA,NA,17.331000000000003,473094,16.892,NA,NA
1966-06-01,20631,10.720999999999998,NA,NA,17.387,475524,16.934,NA,NA
1966-07-01,20676,10.786,NA,NA,17.438,480562,16.967,NA,NA
1966-08-01,21003,10.819,NA,NA,17.47,483152,17.032,NA,NA
1966-09-01,21217,10.916,NA,NA,17.524,489159,17.086,NA,NA
1966-10-01,21276,10.947999999999999,NA,NA,17.581,488285,17.131000000000004,NA,NA
1966-11-01,21045,10.984,NA,NA,17.625,490050,17.156000000000002,NA,NA
1966-12-01,21695,11.002,NA,NA,17.679000000000002,491843,17.192,NA,NA
1967-01-01,21235,11.064,NA,NA,17.695,494203,17.193,NA,NA
1967-02-01,21999,11.067,NA,NA,17.727,492952,17.213,NA,NA
1967-03-01,21119,11.035,NA,NA,17.754,495797,17.221999999999998,NA,NA
1967-04-01,21164,11.133999999999999,NA,NA,17.803,501315,17.251,NA,NA
1967-05-01,22231,11.133999999999999,NA,NA,17.842,502243,17.284,NA,NA
1967-06-01,22041,11.133,NA,NA,17.887,506814,17.339000000000002,NA,NA
1967-07-01,22225,11.149,NA,NA,17.947999999999997,506708,17.398,NA,NA
1967-08-01,21554,11.163,NA,NA,18.003,509821,17.451999999999998,NA,NA
1967-09-01,21879,11.277999999999999,NA,NA,18.067,515622,17.505,NA,NA
1967-10-01,21871,11.18,NA,NA,18.134000000000004,512203,17.554000000000002,NA,NA
1967-11-01,22651,11.315000000000001,NA,NA,18.192,517400,17.612000000000002,NA,NA
1967-12-01,22545,11.199,NA,NA,18.237000000000002,525145,17.64,NA,NA
1968-01-01,22729,11.296,NA,NA,18.318,530934,17.721999999999998,NA,NA
1968-02-01,23168,11.329,NA,NA,18.397000000000002,533622,17.794,NA,NA
1968-03-01,23039,11.299,NA,NA,18.47,544333,17.852,NA,NA
1968-04-01,22974,11.233999999999998,NA,NA,18.538,544007,17.907999999999998,NA,NA
1968-05-01,22823,11.297999999999998,NA,NA,18.608,549783,17.974,NA,NA
1968-06-01,23137,11.344,NA,NA,18.681,556253,18.032,NA,NA
1968-07-01,23335,11.346,NA,NA,18.743,563156,18.087,NA,NA
1968-08-01,23529,11.459000000000001,NA,NA,18.816000000000003,567007,18.161,NA,NA
1968-09-01,23462,11.392000000000001,NA,NA,18.892,568203,18.224,NA,NA
1968-10-01,23365,11.426,NA,NA,18.968999999999998,571644,18.304000000000002,NA,NA
1968-11-01,23460,11.483,NA,NA,19.041,576748,18.366,NA,NA
1968-12-01,23582,11.394,NA,NA,19.098,576540,18.404,NA,NA
1969-01-01,23717,11.496,NA,NA,19.17,583479,18.476,NA,NA
1969-02-01,24144,11.530999999999999,NA,NA,19.236,588675,18.523,NA,NA
1969-03-01,24922,11.67,NA,NA,19.326,588862,18.610000000000003,NA,NA
1969-04-01,24870,11.772,NA,NA,19.4,593870,18.692,NA,NA
1969-05-01,25064,11.751,NA,NA,19.477999999999998,600271,18.767,NA,NA
1969-06-01,25155,11.82,NA,NA,19.544999999999998,600869,18.858,NA,NA
1969-07-01,24937,11.753,NA,NA,19.636000000000003,602700,18.941,NA,NA
1969-08-01,25141,11.766,NA,NA,19.691000000000003,609939,18.993,NA,NA
1969-09-01,25095,11.745999999999999,NA,NA,19.77,613239,19.072,NA,NA
1969-10-01,25474,11.746999999999998,NA,NA,19.855,618515,19.137000000000004,NA,NA
1969-11-01,25537,11.679,NA,NA,19.931,620476,19.22,NA,NA
1969-12-01,25563,11.748999999999999,NA,NA,20.005,622768,19.308,NA,NA
1970-01-01,26120,11.713,NA,NA,20.071,628728,19.377000000000002,NA,NA
1970-02-01,25587,11.76,NA,NA,20.148,633992,19.454,NA,NA
1970-03-01,25866,11.587,NA,NA,20.223,632334,19.502,NA,NA
1970-04-01,25937,11.983,NA,NA,20.303,636017,19.601000000000003,NA,NA
1970-05-01,26124,11.914,NA,NA,20.375,642427,19.663,NA,NA
1970-06-01,26233,11.821,NA,NA,20.447999999999997,646268,19.714000000000002,NA,NA
1970-07-01,26431,11.905000000000001,NA,NA,20.526,648472,19.785999999999998,NA,NA
1970-08-01,26005,11.745999999999999,NA,NA,20.597,652907,19.838,NA,NA
1970-09-01,26562,11.84,NA,NA,20.683,659068,19.927,NA,NA
1970-10-01,26654,11.995000000000001,NA,NA,20.784999999999997,658315,20.026,NA,NA
1970-11-01,26715,12.051,NA,NA,20.892,656559,20.105,NA,NA
1970-12-01,27192,12.133,NA,NA,20.997,665608,20.194000000000003,NA,NA
1971-01-01,27703,12.179,NA,NA,21.08,676149,20.237000000000002,NA,NA
1971-02-01,27265,12.039,NA,NA,21.16,679409,20.296,NA,NA
1971-03-01,27188,11.981,NA,NA,21.227999999999998,682000,20.363,NA,NA
1971-04-01,27410,11.842,NA,NA,21.307000000000002,688759,20.442999999999998,NA,NA
1971-05-01,27061,11.853000000000002,NA,NA,21.4,691134,20.528,NA,NA
1971-06-01,27591,11.9,NA,NA,21.484999999999996,699781,20.619000000000003,NA,NA
1971-07-01,27004,11.797999999999998,NA,NA,21.567,698881,20.681,NA,NA
1971-08-01,27823,12.209,NA,NA,21.597,704916,20.741,NA,NA
1971-09-01,28401,12.256,NA,NA,21.633000000000003,712999,20.772,NA,NA
1971-10-01,27989,12.283999999999999,NA,NA,21.667,715838,20.804000000000002,NA,NA
1971-11-01,28480,12.202,NA,NA,21.716,720940,20.847,NA,NA
1971-12-01,27850,12.229999999999999,NA,NA,21.784,728438,20.929,NA,NA
1972-01-01,28145,12.105,NA,NA,21.877000000000002,731497,21.015,NA,NA
1972-02-01,28322,12.069,NA,NA,21.936,736160,21.098,NA,NA
1972-03-01,28543,12.07,NA,NA,21.979,749188,21.128,NA,NA
1972-04-01,28294,11.974,NA,NA,22.03,752541,21.16,NA,NA
1972-05-01,28529,12.057,NA,NA,22.081,757962,21.207,NA,NA
1972-06-01,28275,11.951,NA,NA,22.126,761589,21.239,NA,NA
1972-07-01,28822,12.069,NA,NA,22.189,769918,21.315,NA,NA
1972-08-01,29766,12.229999999999999,NA,NA,22.236,776335,21.377000000000002,NA,NA
1972-09-01,29931,12.450000000000001,NA,NA,22.310000000000002,781143,21.473,NA,NA
1972-10-01,30781,12.472000000000001,NA,NA,22.323,794943,21.497,NA,NA
1972-11-01,31349,12.529,NA,NA,22.381999999999998,800451,21.561,NA,NA
1972-12-01,31960,12.515,NA,NA,22.448999999999998,806112,21.630000000000003,NA,NA
1973-01-01,32004,12.547999999999998,NA,NA,22.462999999999997,816471,21.695,NA,NA
1973-02-01,32953,12.723999999999998,NA,NA,22.534000000000002,825800,21.809,NA,NA
1973-03-01,32616,12.770999999999999,NA,NA,22.625,832750,21.964,NA,NA
1973-04-01,33238,12.968,NA,NA,22.756,835703,22.127000000000002,NA,NA
1973-05-01,33828,13.074,NA,NA,22.844,841581,22.236,NA,NA
1973-06-01,33297,13.356000000000002,NA,NA,22.942999999999998,844298,22.363,NA,NA
1973-07-01,33841,13.372000000000002,NA,NA,23.041,854131,22.444,NA,NA
1973-08-01,34168,13.417,NA,NA,23.148,853252,22.703,NA,NA
1973-09-01,34695,13.355000000000002,NA,NA,23.264999999999997,869246,22.793,NA,NA
1973-10-01,35982,13.962000000000002,NA,NA,23.355,868163,22.921999999999997,NA,NA
1973-11-01,38217,14.706999999999999,NA,NA,23.467999999999996,876880,23.110000000000003,NA,NA
1973-12-01,37061,15.52,NA,NA,23.598,876619,23.3,NA,NA
1974-01-01,37349,16.584999999999997,NA,NA,23.714000000000002,884533,23.523,NA,NA
1974-02-01,39238,17.448999999999998,NA,NA,23.865,889670,23.797,NA,NA
1974-03-01,41036,18.471,NA,NA,24.051000000000002,901400,24.073,NA,NA
1974-04-01,42778,18.787999999999997,NA,NA,24.231,910797,24.243,NA,NA
1974-05-01,44638,19.206,NA,NA,24.464,922436,24.481999999999996,NA,NA
1974-06-01,45104,19.281,NA,NA,24.715,928033,24.69,NA,NA
1974-07-01,46244,19.396,NA,NA,24.934,937949,24.872,NA,NA
1974-08-01,45038,19.342,NA,NA,25.174000000000003,954819,25.132,NA,NA
1974-09-01,45660,19.302,NA,NA,25.4,955059,25.393,NA,NA
1974-10-01,46758,19.099,NA,NA,25.599,959232,25.575,NA,NA
1974-11-01,45092,19.027,NA,NA,25.785999999999998,956186,25.767,NA,NA
1974-12-01,47257,19.029,NA,NA,25.967999999999996,961818,25.971,NA,NA
1975-01-01,46147,19.091,NA,NA,26.119000000000003,975602,26.132,NA,NA
1975-02-01,45647,19.078,NA,NA,26.304000000000002,989395,26.274,NA,NA
1975-03-01,45164,19.156000000000002,NA,NA,26.441,990575,26.363,NA,NA
1975-04-01,46675,19.186,NA,NA,26.57,995033,26.451999999999998,NA,NA
1975-05-01,46674,19.404999999999998,NA,NA,26.683,1018937,26.558,NA,NA
1975-06-01,47497,19.805,NA,NA,26.813000000000002,1026777,26.724,NA,NA
1975-07-01,48815,20.444,NA,NA,26.977999999999998,1039789,26.953,NA,NA
1975-08-01,50096,20.647000000000002,NA,NA,27.071,1046958,27.07,NA,NA
1975-09-01,49289,20.844,NA,NA,27.218,1054829,27.204,NA,NA
1975-10-01,49736,21.04,NA,NA,27.354000000000003,1060854,27.362,NA,NA
1975-11-01,49441,21.051000000000002,NA,NA,27.535,1075758,27.538,NA,NA
1975-12-01,51060,21.027,NA,NA,27.701999999999998,1092058,27.69,NA,NA
1976-01-01,52358,21.016000000000002,NA,NA,27.844,1107148,27.794999999999998,NA,NA
1976-02-01,50461,20.855,NA,NA,27.955,1107695,27.831000000000003,NA,NA
1976-03-01,50582,20.682,NA,NA,28.047,1114879,27.873,NA,NA
1976-04-01,50976,20.47,NA,NA,28.157000000000004,1125424,27.936,NA,NA
1976-05-01,51280,20.616000000000003,NA,NA,28.29,1122700,28.069,NA,NA
1976-06-01,52524,20.864,NA,NA,28.404999999999998,1140496,28.192,NA,NA
1976-07-01,52699,20.919999999999998,NA,NA,28.561,1149590,28.335,NA,NA
1976-08-01,52863,20.987999999999996,NA,NA,28.726,1157982,28.491,NA,NA
1976-09-01,54121,21.146,NA,NA,28.894000000000002,1168847,28.651000000000003,NA,NA
1976-10-01,54886,21.393,NA,NA,29.036,1176784,28.801000000000002,NA,NA
1976-11-01,56577,21.622,NA,NA,29.168,1188960,28.932,NA,NA
1976-12-01,56828,21.727,NA,NA,29.326,1211481,29.094,NA,NA
1977-01-01,57834,21.921,NA,NA,29.505,1214984,29.262999999999998,NA,NA
1977-02-01,56236,22.197000000000003,NA,NA,29.686,1231325,29.491999999999997,NA,NA
1977-03-01,55617,22.387999999999998,NA,NA,29.812,1238329,29.64,NA,NA
1977-04-01,57681,22.427999999999997,NA,NA,29.959,1247267,29.812,NA,NA
1977-05-01,57352,22.571,NA,NA,30.112000000000002,1257068,29.962999999999997,NA,NA
1977-06-01,56936,22.484999999999996,NA,NA,30.291999999999998,1263605,30.131000000000004,NA,NA
1977-07-01,57662,22.407999999999998,NA,NA,30.479,1280483,30.287,NA,NA
1977-08-01,57658,22.429,NA,NA,30.629,1285687,30.427999999999997,NA,NA
1977-09-01,58379,22.559,NA,NA,30.758,1294544,30.543,NA,NA
1977-10-01,58856,22.785999999999998,NA,NA,30.907,1311405,30.685,NA,NA
1977-11-01,59055,22.994,NA,NA,31.067,1326983,30.861,NA,NA
1977-12-01,60536,23.144000000000002,NA,NA,31.227,1336024,31.011000000000003,NA,NA
1978-01-01,59985,23.130000000000003,NA,NA,31.414,1329486,31.194000000000003,NA,NA
1978-02-01,59904,23.014000000000003,NA,NA,31.535,1355131,31.339000000000002,NA,NA
1978-03-01,60723,23.061,NA,NA,31.706,1377542,31.541999999999998,NA,NA
1978-04-01,60264,22.987999999999996,NA,NA,31.911,1396368,31.781,NA,NA
1978-05-01,61813,23.029,NA,NA,32.099000000000004,1411964,32.008,NA,NA
1978-06-01,59709,23.087,NA,NA,32.278000000000006,1425824,32.217,NA,NA
1978-07-01,61272,23.233,NA,NA,32.468,1426815,32.393,NA,NA
1978-08-01,61070,23.494,NA,NA,32.642,1446954,32.556999999999995,NA,NA
1978-09-01,61156,23.794999999999998,NA,NA,32.83,1452881,32.742000000000004,NA,NA
1978-10-01,62693,24.235,NA,NA,33.071,1466922,33.003,NA,NA
1978-11-01,64038,24.64,NA,NA,33.249,1480617,33.190000000000005,NA,NA
1978-12-01,64808,25.049,NA,NA,33.378,1496523,33.345,NA,NA
1979-01-01,65831,25.273,NA,NA,33.549,1502425,33.597,NA,NA
1979-02-01,70369,25.513,NA,NA,33.659,1517821,33.776,NA,NA
1979-03-01,70197,26.662,NA,NA,33.852,1531178,34.04,NA,NA
1979-04-01,72415,27.994999999999997,NA,NA,34.165000000000006,1538448,34.395,NA,NA
1979-05-01,74887,29.38,NA,NA,34.462,1558800,34.751,NA,NA
1979-06-01,77928,31.2,NA,NA,34.655,1575659,35.038000000000004,NA,NA
1979-07-01,81461,32.849999999999994,NA,NA,34.829,1586126,35.305,NA,NA
1979-08-01,86813,34.428000000000004,NA,NA,35.06,1615572,35.575,NA,NA
1979-09-01,90045,35.855999999999995,NA,NA,35.29900000000001,1633904,35.888999999999996,NA,NA
1979-10-01,91162,36.567,NA,NA,35.556999999999995,1641601,36.182,NA,NA
1979-11-01,89966,37.145,NA,NA,35.784,1657250,36.433,NA,NA
1979-12-01,93579,37.999,NA,NA,36.041,1666255,36.739000000000004,NA,NA
1980-01-01,96717,40.508,NA,NA,36.315,1697298,37.124,NA,NA
1980-02-01,101113,42.352,NA,NA,36.677,1701393,37.526,NA,NA
1980-03-01,107115,44.69200000000001,NA,NA,37.016999999999996,1708215,37.986999999999995,NA,NA
1980-04-01,104827,44.609,NA,NA,37.207,1695241,38.185,NA,NA
1980-05-01,102182,44.636,NA,NA,37.507,1700079,38.482,NA,NA
1980-06-01,101636,44.458,NA,NA,37.756,1718848,38.72500000000001,NA,NA
1980-07-01,101316,44.455999999999996,NA,NA,38.021,1747082,39.026,NA,NA
1980-08-01,100864,44.479,NA,NA,38.29600000000001,1763778,39.35099999999999,NA,NA
1980-09-01,100743,44.472,NA,NA,38.657,1780453,39.715,NA,NA
1980-10-01,101239,44.72500000000001,NA,NA,38.975,1817093,40.033,NA,NA
1980-11-01,100368,44.88099999999999,NA,NA,39.282000000000004,1826815,40.358999999999995,NA,NA
1980-12-01,104652,45.336999999999996,NA,NA,39.518,1851714,40.621,NA,NA
1981-01-01,111464,47.203,NA,NA,39.861,1870041,41.010999999999996,NA,NA
1981-02-01,112590,50.113,NA,NA,40.152,1884239,41.426,NA,NA
1981-03-01,116286,51.596000000000004,NA,NA,40.375,1902921,41.715,NA,NA
1981-04-01,114523,50.824,NA,NA,40.633,1904356,41.897,NA,NA
1981-05-01,113528,50.109,NA,NA,40.913,1913765,42.085,NA,NA
1981-06-01,115168,49.629000000000005,NA,NA,41.117,1934451,42.253,NA,NA
1981-07-01,112045,49.402,NA,NA,41.365,1942122,42.508,NA,NA
1981-08-01,111885,49.400999999999996,NA,NA,41.642,1966640,42.774,NA,NA
1981-09-01,113867,49.604,NA,NA,41.915,1965535,43.033,NA,NA
1981-10-01,112699,49.743,NA,NA,42.165000000000006,1963887,43.22800000000001,NA,NA
1981-11-01,113444,49.929,NA,NA,42.410999999999994,1970646,43.46,NA,NA
1981-12-01,113815,49.800999999999995,NA,NA,42.568000000000005,1988808,43.594,NA,NA
1982-01-01,113689,49.55,NA,NA,42.829,1997087,43.852999999999994,NA,NA
1982-02-01,112122,48.721000000000004,NA,NA,42.994,2021248,43.985,NA,NA
1982-03-01,110082,47.756,NA,NA,43.182,2024130,44.098000000000006,NA,NA
1982-04-01,106221,45.220000000000006,NA,NA,43.352999999999994,2026327,44.120000000000005,NA,NA
1982-05-01,104907,45.391,NA,NA,43.589,2044491,44.382,NA,NA
1982-06-01,107118,47.475,NA,NA,43.808,2048116,44.704,NA,NA
1982-07-01,109793,48.13,NA,NA,44.092000000000006,2072242,44.969,NA,NA
1982-08-01,108356,48.064,NA,NA,44.29500000000001,2080123,45.108000000000004,NA,NA
1982-09-01,107888,47.665000000000006,NA,NA,44.458999999999996,2104649,45.233000000000004,NA,NA
1982-10-01,107686,47.675000000000004,NA,NA,44.741,2125774,45.486999999999995,NA,NA
1982-11-01,108991,47.521,NA,NA,44.906,2149261,45.624,NA,NA
1982-12-01,103347,46.44,NA,NA,45.049,2161628,45.693000000000005,NA,NA
1983-01-01,105940,45.833,NA,NA,45.35699999999999,2173954,45.906,NA,NA
1983-02-01,98941,44.378,NA,NA,45.525000000000006,2177039,45.983999999999995,NA,NA
1983-03-01,104011,43.516,NA,NA,45.583,2202774,46.043,NA,NA
1983-04-01,101917,44.97,NA,NA,45.721000000000004,2226393,46.253,NA,NA
1983-05-01,105953,46.093,NA,NA,45.787,2245902,46.38399999999999,NA,NA
1983-06-01,108057,46.285000000000004,NA,NA,46.001,2276020,46.556999999999995,NA,NA
1983-07-01,108931,46.418,NA,NA,46.31099999999999,2304398,46.82,NA,NA
1983-08-01,110126,46.749,NA,NA,46.55,2320429,47.02,NA,NA
1983-09-01,108788,46.423,NA,NA,46.73800000000001,2334858,47.185,NA,NA
1983-10-01,109305,46.160000000000004,NA,NA,46.821,2357587,47.26500000000001,NA,NA
1983-11-01,106242,45.597,NA,NA,46.93,2366269,47.332,NA,NA
1983-12-01,109262,45.174,NA,NA,46.965,2393632,47.358,NA,NA
1984-01-01,111154,45.446,NA,NA,47.121,2419379,47.564,NA,NA
1984-02-01,103966,46.045,NA,NA,47.418,2403535,47.88399999999999,NA,NA
1984-03-01,109002,46.11,NA,NA,47.598000000000006,2431581,48.041,NA,NA
1984-04-01,110005,46.059,NA,NA,47.822,2457516,48.224000000000004,NA,NA
1984-05-01,109144,45.906,NA,NA,47.933,2474478,48.285000000000004,NA,NA
1984-06-01,109604,45.427,NA,NA,48.046,2495634,48.370999999999995,NA,NA
1984-07-01,106888,44.661,NA,NA,48.253,2494602,48.544,NA,NA
1984-08-01,105815,44.19500000000001,NA,NA,48.412,2512193,48.693000000000005,NA,NA
1984-09-01,108273,44.402,NA,NA,48.486,2533775,48.759,NA,NA
1984-10-01,108582,44.875,NA,NA,48.595000000000006,2531326,48.873999999999995,NA,NA
1984-11-01,109272,44.648,NA,NA,48.69800000000001,2571438,48.943,NA,NA
1984-12-01,106704,44.150999999999996,NA,NA,48.891,2582626,49.080999999999996,NA,NA
1985-01-01,106573,44.264,NA,NA,49.165000000000006,2618764,49.326,NA,NA
1985-02-01,109062,44.29900000000001,NA,NA,49.42,2640778,49.555,NA,NA
1985-03-01,108787,44.992000000000004,NA,NA,49.593,2648481,49.749,NA,NA
1985-04-01,112106,45.755,NA,NA,49.652,2659479,49.821,NA,NA
1985-05-01,111614,45.589,NA,NA,49.823,2696421,49.939,NA,NA
1985-06-01,110808,45.689,NA,NA,49.988,2689393,50.075,NA,NA
1985-07-01,111640,45.72200000000001,NA,NA,50.134,2715697,50.19800000000001,NA,NA
1985-08-01,111892,45.19800000000001,NA,NA,50.379999999999995,2752098,50.364,NA,NA
1985-09-01,109615,45.039,NA,NA,50.483999999999995,2794650,50.449,NA,NA
1985-10-01,109891,45.132000000000005,NA,NA,50.565000000000005,2755779,50.533,NA,NA
1985-11-01,110363,45.529,NA,NA,50.689,2771148,50.68,NA,NA
1985-12-01,114029,45.882999999999996,NA,NA,50.827,2811273,50.849999999999994,NA,NA
1986-01-01,113698,45.862,NA,NA,51.101,2827130,51.083999999999996,NA,NA
1986-02-01,106251,43.586999999999996,NA,NA,51.233000000000004,2820196,51.083999999999996,NA,NA
1986-03-01,99868,38.379999999999995,NA,NA,51.388999999999996,2823619,50.972,NA,NA
1986-04-01,87920,34.496,NA,NA,51.482,2835206,50.868,NA,NA
1986-05-01,89553,34.79200000000001,NA,NA,51.57,2857488,50.961,NA,NA
1986-06-01,91124,35.67,NA,NA,51.72500000000001,2861673,51.150999999999996,NA,NA
1986-07-01,87319,33.464,NA,NA,51.818999999999996,2881188,51.164,NA,NA
1986-08-01,83319,31.851000000000003,NA,NA,51.925000000000004,2898579,51.22800000000001,NA,NA
1986-09-01,83776,32.62200000000001,NA,NA,52.096000000000004,2971835,51.396,NA,NA
1986-10-01,83428,31.959999999999997,NA,NA,52.273,2932936,51.488,NA,NA
1986-11-01,82919,31.71,NA,NA,52.38399999999999,2928413,51.58,NA,NA
1986-12-01,85121,31.979999999999997,NA,NA,52.452,2997074,51.650999999999996,NA,NA
1987-01-01,87130,34.14,441741,41.207,52.578,2935534,51.894,2156953,53.547
1987-02-01,93316,35.998000000000005,444382,41.393,52.685,3001715,52.076,2211172,53.694
1987-03-01,94514,36.101,446432,41.58,52.840999999999994,3013291,52.214,2221495,53.91
1987-04-01,94893,36.388,448714,41.803,53.065000000000005,3038838,52.409,2240739,54.112
1987-05-01,97761,35.806999999999995,451170,41.926,53.214,3048401,52.542,2245491,54.27
1987-06-01,96034,36.498000000000005,452706,41.995000000000005,53.36,3072751,52.741,2269289,54.422000000000004
1987-07-01,96928,37.26200000000001,455123,42.035000000000004,53.498000000000005,3094743,52.863,2289266,54.564
1987-08-01,97668,38.165000000000006,460181,42.29500000000001,53.679,3130801,53.072,2320281,54.746
1987-09-01,99180,37.988,463633,42.425000000000004,53.892,3126529,53.251,2320652,54.977
1987-10-01,99153,37.973,468440,42.69800000000001,54.12200000000001,3134528,53.42,2320123,55.203
1987-11-01,100671,38.076,470828,42.771,54.23500000000001,3144166,53.521,2334261,55.340999999999994
1987-12-01,99176,37.737,474167,43.028000000000006,54.349,3174055,53.620000000000005,2362064,55.449999999999996
1988-01-01,99689,37.29800000000001,477303,43.216,54.606,3213729,53.828,2384428,55.726000000000006
1988-02-01,97310,37.118,479642,43.372,54.718,3221419,53.908,2393434,55.858
1988-03-01,98259,36.836,481687,43.489,54.952,3260540,54.093,2424497,56.112
1988-04-01,99681,37.086,483785,43.585,55.219,3262972,54.355999999999995,2426511,56.373
1988-05-01,98559,36.962,486645,43.69800000000001,55.407,3293642,54.513999999999996,2449925,56.555
1988-06-01,100613,36.949999999999996,489327,43.87,55.641,3318535,54.746,2467858,56.778000000000006
1988-07-01,100041,37.281,492291,44.002,55.868,3342733,55.012,2479999,56.980999999999995
1988-08-01,101207,37.824,496030,44.179,56.007,3367972,55.175000000000004,2497390,57.094
1988-09-01,101370,37.333999999999996,499788,44.35099999999999,56.306999999999995,3374992,55.443999999999996,2510651,57.393
1988-10-01,101003,36.980999999999995,502420,44.428000000000004,56.521,3413661,55.62500000000001,2537136,57.638000000000005
1988-11-01,101020,36.935,505708,44.629000000000005,56.676,3430226,55.754,2556055,57.800999999999995
1988-12-01,99451,36.824,507647,44.757,56.864,3459729,55.928000000000004,2585208,58.029
1989-01-01,99665,37.26800000000001,509893,44.900999999999996,57.152,3483745,56.215,2604694,58.324
1989-02-01,104743,37.912,511999,45.031,57.297000000000004,3488011,56.402,2585462,58.513
1989-03-01,106099,38.711,514658,45.173,57.468,3498760,56.612,2602883,58.7
1989-04-01,114333,42.576,517177,45.312999999999995,57.661,3542964,56.989,2633502,58.899
1989-05-01,117596,43.261,520410,45.504,57.833,3551782,57.197,2636809,59.106
1989-06-01,116725,42.747,522783,45.650999999999996,57.986999999999995,3566555,57.322,2653376,59.287
1989-07-01,112703,42.28,525788,45.815999999999995,58.136,3585694,57.458999999999996,2672165,59.483
1989-08-01,110993,40.616,528901,46.016999999999996,58.217,3620641,57.466,2704593,59.601
1989-09-01,108323,39.76500000000001,531809,46.153999999999996,58.419,3621864,57.594,2703182,59.858
1989-10-01,110703,40.276,535880,46.400999999999996,58.631,3633599,57.818999999999996,2712258,60.102000000000004
1989-11-01,108594,39.706,539341,46.565000000000005,58.787,3643294,57.945,2719614,60.29200000000001
1989-12-01,114786,39.79200000000001,542917,46.761,58.95399999999999,3684184,58.113,2734159,60.47
1990-01-01,114499,43.836,546055,46.873,59.181,3730696,58.553,2802323,60.707
1990-02-01,118976,42.761,547565,46.899,59.468,3728233,58.81099999999999,2783125,61.026
1990-03-01,115773,42.349999999999994,553138,47.269000000000005,59.754,3754915,59.033,2805854,61.388999999999996
1990-04-01,114618,42.458999999999996,556102,47.43,59.932,3769991,59.157,2817609,61.58
1990-05-01,112696,41.983999999999995,558595,47.553,60.115,3775774,59.290000000000006,2822556,61.803999999999995
1990-06-01,114086,42.196000000000005,564116,47.928000000000004,60.349,3804496,59.552,2842012,62.039
1990-07-01,115941,42.246,567844,48.141,60.501,3821712,59.699000000000005,2859438,62.28
1990-08-01,128398,46.028000000000006,572304,48.437,60.753,3848288,60.096000000000004,2865333,62.550999999999995
1990-09-01,132021,50.08,574400,48.516,60.965,3870100,60.465,2873365,62.749
1990-10-01,141456,53.818,575862,48.599000000000004,61.172000000000004,3870551,60.81099999999999,2873207,62.983999999999995
1990-11-01,141921,53.767,576655,48.598000000000006,61.246,3871877,60.888,2874180,63.093
1990-12-01,140006,53.76800000000001,578732,48.733000000000004,61.330999999999996,3861300,60.945,2865038,63.221000000000004
1991-01-01,132867,50.739000000000004,581289,48.878,61.637,3840994,61.177,2845077,63.626000000000005
1991-02-01,123722,47.184,583646,48.985,61.806999999999995,3866693,61.208000000000006,2880154,63.842999999999996
1991-03-01,117597,44.927,585288,49.058,61.936,3912999,61.221000000000004,2918384,64.042
1991-04-01,117634,44.660000000000004,587940,49.15,62.06,3907079,61.332,2915280,64.21300000000001
1991-05-01,120703,45.224000000000004,590215,49.282000000000004,62.306999999999995,3933221,61.586,2923892,64.46700000000001
1991-06-01,120410,44.748000000000005,592508,49.340999999999994,62.442,3940495,61.690000000000005,2937796,64.607
1991-07-01,119828,44.013999999999996,595226,49.388999999999996,62.632000000000005,3965995,61.787,2960749,64.832
1991-08-01,119195,44.574,597470,49.478,62.803999999999995,3969105,61.931,2965359,65.007
1991-09-01,120302,44.69200000000001,601117,49.582,63.055,3984708,62.144,2980121,65.313
1991-10-01,119463,44.555,603991,49.751,63.194,3976045,62.260000000000005,2978982,65.48700000000001
1991-11-01,118650,45.158,607440,49.897,63.312,4003572,62.397,2996566,65.616
1991-12-01,123171,45.518,610534,50.113,63.468,4020479,62.553,3021780,65.777
1992-01-01,120816,44.35399999999999,613452,50.208000000000006,63.641,4084653,62.638000000000005,3076053,65.992
1992-02-01,117271,44.150999999999996,615427,50.336,63.81399999999999,4099539,62.797000000000004,3094687,66.187
1992-03-01,122232,44.236000000000004,619741,50.461,63.973,4117009,62.949,3093040,66.37299999999999
1992-04-01,122862,44.148,621230,50.546,64.18299999999999,4131544,63.119,3103655,66.581
1992-05-01,124918,44.527,623402,50.643,64.273,4158382,63.203,3127211,66.68799999999999
1992-06-01,124520,45.468,626158,50.693000000000005,64.323,4177056,63.315,3144095,66.739
1992-07-01,126837,45.777,628875,50.774,64.566,4204795,63.524,3162312,66.99600000000001
1992-08-01,125924,45.547,630769,50.873,64.62499999999999,4220850,63.609,3181075,67.032
1992-09-01,127785,45.415,631328,50.85099999999999,64.73,4255267,63.713,3199333,67.17099999999999
1992-10-01,127611,45.929,635908,51.019,64.979,4284729,63.938,3227415,67.44500000000001
1992-11-01,128674,46.078,639151,51.175000000000004,65.121,4300488,64.06400000000001,3230023,67.61
1992-12-01,130644,46.212,641561,51.308,65.242,4336398,64.17599999999999,3265529,67.718
1993-01-01,126126,46.136,644414,51.464,65.432,4340707,64.332,3280219,67.926
1993-02-01,130112,46.159,646363,51.59,65.557,4355340,64.429,3270757,68.016
1993-03-01,129698,45.840999999999994,648199,51.716,65.7,4352498,64.561,3267207,68.14999999999999
1993-04-01,127222,45.61,651635,51.846,65.891,4393413,64.733,3308575,68.32499999999999
1993-05-01,128386,44.624,653821,51.982,66.114,4422366,64.933,3333410,68.538
1993-06-01,123721,44.062000000000005,656775,52.062000000000005,66.17699999999999,4439965,64.955,3341605,68.583
1993-07-01,124009,43.76800000000001,658805,52.135000000000005,66.31400000000001,4468940,65.059,3365757,68.73100000000001
1993-08-01,126165,43.592000000000006,662039,52.205000000000005,66.438,4481096,65.16999999999999,3367803,68.856
1993-09-01,124993,43.174,664638,52.274,66.538,4511530,65.238,3390236,68.94000000000001
1993-10-01,127759,45.149,667472,52.39,66.647,4532758,65.44300000000001,3407548,69.046
1993-11-01,128587,44.505,670709,52.502,66.819,4554053,65.56700000000001,3422349,69.21300000000001
1993-12-01,125809,43.896,674952,52.649,66.849,4571141,65.582,3433767,69.23100000000001
1994-01-01,129009,43.48,679140,52.786,66.902,4585136,65.604,3437292,69.284
1994-02-01,128872,44.309,684726,52.952,67.04700000000001,4632580,65.756,3478420,69.435
1994-03-01,124233,44.047,688865,53.11,67.27499999999999,4645953,65.93700000000001,3503654,69.65799999999999
1994-04-01,124997,43.863,691316,53.208000000000006,67.37599999999999,4671080,66.015,3519680,69.777
1994-05-01,124143,42.921,694772,53.358999999999995,67.526,4669499,66.111,3513570,69.94000000000001
1994-06-01,125328,43.194,697638,53.432,67.67599999999999,4708909,66.27199999999999,3538859,70.087
1994-07-01,130103,44.597,700711,53.528000000000006,67.818,4720620,66.48100000000001,3556694,70.21900000000001
1994-08-01,134400,46.427,706033,53.648,67.894,4762623,66.634,3583443,70.27199999999999
1994-09-01,132198,46.202000000000005,710405,53.718,67.99700000000001,4775041,66.708,3597418,70.34
1994-10-01,132331,46.07,713795,53.848,68.157,4812888,66.821,3627999,70.49000000000001
1994-11-01,129936,46.376,717640,53.995000000000005,68.282,4825640,66.94800000000001,3646464,70.583
1994-12-01,135217,46.355,720231,54.155,68.30499999999999,4841610,66.99100000000001,3654226,70.593
1995-01-01,133839,46.061,725548,54.32,68.475,4851170,67.127,3661300,70.87299999999999
1995-02-01,136054,45.921,729126,54.449999999999996,68.587,4850763,67.24600000000001,3652626,70.975
1995-03-01,133692,45.563,733373,54.583,68.755,4885374,67.36999999999999,3691787,71.136
1995-04-01,133800,45.552,737447,54.731,68.915,4890197,67.54700000000001,3691081,71.31
1995-05-01,135913,45.956999999999994,741775,54.918,69.032,4933127,67.651,3724037,71.41600000000001
1995-06-01,137554,46.178000000000004,745654,55.059,69.092,4977503,67.71700000000001,3755526,71.458
1995-07-01,134539,45.830999999999996,748975,55.193000000000005,69.20100000000001,4970175,67.80199999999999,3757010,71.579
1995-08-01,132631,45.355,752376,55.326,69.367,5005318,67.94800000000001,3785094,71.74100000000001
1995-09-01,130675,44.836999999999996,755792,55.469,69.458,5020492,67.995,3814157,71.854
1995-10-01,130087,44.875,759899,55.647,69.627,5013903,68.17099999999999,3805028,72.016
1995-11-01,130273,44.046,763392,55.809999999999995,69.67199999999998,5055565,68.169,3833728,72.033
1995-12-01,131797,44.869,766669,55.982,69.77,5097498,68.3,3868248,72.10199999999999
1996-01-01,137485,46.421,769579,56.091,69.849,5085738,68.452,3840383,72.145
1996-02-01,135494,46.4,772066,56.197,69.94000000000001,5132843,68.56,3874103,72.251
1996-03-01,144308,47.645,775270,56.352,70.10199999999999,5173265,68.76700000000001,3906757,72.398
1996-04-01,148121,49.8,778093,56.448,70.197,5207961,68.973,3933036,72.488
1996-05-01,148926,50.109,781010,56.602000000000004,70.319,5223759,69.092,3949663,72.598
1996-06-01,146458,48.433,783766,56.719,70.37299999999999,5229777,69.09100000000001,3951917,72.643
1996-07-01,145081,48.207,787363,56.870999999999995,70.505,5251905,69.23700000000001,3967072,72.74100000000001
1996-08-01,143991,47.818999999999996,790299,57.005,70.566,5275019,69.303,3983383,72.762
1996-09-01,141309,47.878,792985,57.116,70.78,5296591,69.49900000000001,4006627,72.96100000000001
1996-10-01,146438,48.912,796348,57.241,70.94800000000001,5328454,69.709,4035049,73.098
1996-11-01,148561,49.696000000000005,799264,57.370999999999995,71.04100000000001,5351191,69.833,4051416,73.163
1996-12-01,150771,50.852,801976,57.486,71.068,5378645,69.91400000000002,4072476,73.166
1997-01-01,150412,51.103,806117,57.627,71.144,5411132,70.005,4092457,73.274
1997-02-01,153855,51.010999999999996,810386,57.771,71.29,5433958,70.151,4108602,73.383
1997-03-01,152219,49.926,814349,57.9,71.46000000000001,5454224,70.225,4136271,73.573
1997-04-01,147662,48.741,818780,58.067,71.6,5459332,70.29400000000001,4131514,73.70700000000001
1997-05-01,141925,46.988,822876,58.207,71.65199999999999,5460234,70.262,4141428,73.739
1997-06-01,143390,46.491,826948,58.345,71.758,5494236,70.35199999999999,4176403,73.85199999999999
1997-07-01,143161,46.363,831618,58.518,71.807,5548827,70.394,4216602,73.87299999999999
1997-08-01,146867,48.32,836070,58.672000000000004,71.77799999999999,5587042,70.45,4250227,73.837
1997-09-01,149410,49.021,840388,58.81099999999999,71.927,5601667,70.61999999999999,4255154,73.986
1997-10-01,147764,48.846999999999994,844378,58.93,72.036,5637666,70.712,4273805,74.02499999999999
1997-11-01,148992,47.87,849278,59.113,72.05799999999999,5661056,70.71600000000001,4298465,74.026
1997-12-01,146278,47.471,853536,59.249,72.1,5692107,70.70100000000001,4325979,74.092
1998-01-01,140870,45.638000000000005,858234,59.413999999999994,72.21000000000001,5689906,70.736,4338114,74.197
1998-02-01,135432,44.145,862369,59.542,72.27199999999999,5723833,70.699,4364113,74.276
1998-03-01,132184,42.428000000000004,867292,59.723000000000006,72.349,5750287,70.71000000000001,4379503,74.354
1998-04-01,130205,41.452999999999996,871793,59.870999999999995,72.482,5788053,70.798,4420843,74.453
1998-05-01,131498,42.19800000000001,876591,60.042,72.55199999999999,5837943,70.895,4454579,74.518
1998-06-01,133585,42.744,881602,60.22500000000001,72.46100000000001,5871702,70.835,4472027,74.41000000000001
1998-07-01,133613,42.688,886530,60.39,72.66499999999999,5889962,71.01,4486396,74.62899999999999
1998-08-01,131833,41.760000000000005,891421,60.555,72.807,5924994,71.10799999999999,4520232,74.783
1998-09-01,130722,41.413,896266,60.718,72.795,5965584,71.06700000000001,4555588,74.76400000000001
1998-10-01,131253,41.707,901505,60.909,72.93700000000001,5998823,71.223,4591519,74.91400000000002
1998-11-01,129816,41.172000000000004,905965,61.04,72.95,6015365,71.226,4607556,74.923
1998-12-01,127245,40.241,910159,61.162000000000006,73.076,6070526,71.298,4655351,75.059
1999-01-01,125931,39.949999999999996,914696,61.294000000000004,73.17999999999999,6073864,71.398,4652617,75.184
1999-02-01,125023,39.226000000000006,918514,61.391,73.15499999999999,6099229,71.35799999999999,4684568,75.17399999999999
1999-03-01,128007,40.342999999999996,922920,61.518,73.17699999999999,6133027,71.412,4702288,75.21100000000001
1999-04-01,144582,45.032000000000004,927379,61.653999999999996,73.365,6199523,71.757,4739512,75.394
1999-05-01,143906,44.436,931758,61.785000000000004,73.435,6232102,71.804,4768211,75.44800000000001
1999-06-01,143978,44.144,935794,61.891,73.474,6260300,71.826,4790919,75.474
1999-07-01,149634,45.948,940067,62.02,73.606,6287552,72.01700000000001,4800880,75.562
1999-08-01,153082,48.255,944301,62.15,73.642,6331887,72.148,4833672,75.546
1999-09-01,157491,49.966,948749,62.291000000000004,73.837,6386490,72.40700000000001,4870593,75.712
1999-10-01,162065,50.161,952465,62.388,73.96300000000001,6411379,72.529,4887632,75.811
1999-11-01,154843,49.727000000000004,957693,62.585,74.034,6448690,72.59400000000001,4928199,75.88199999999999
1999-12-01,169997,52.193000000000005,961520,62.691,74.12799999999999,6541049,72.763,4976293,75.968
2000-01-01,164788,53.218,968435,62.998000000000005,74.306,6542870,72.96100000000001,4992701,76.164
2000-02-01,172637,56.142,973187,63.153,74.415,6625259,73.191,5050608,76.27799999999999
2000-03-01,187245,60.986999999999995,978005,63.3,74.568,6686521,73.505,5087835,76.412
2000-04-01,180173,57.704,982654,63.432,74.617,6679067,73.44400000000002,5078589,76.426
2000-05-01,179631,56.637,987957,63.594,74.697,6709732,73.505,5099392,76.475
2000-06-01,190955,61.464,993889,63.789,74.754,6746933,73.754,5105530,76.46700000000001
2000-07-01,190402,60.989,999161,63.940999999999995,74.925,6768501,73.93900000000001,5125993,76.68799999999999
2000-08-01,183267,58.009,1005033,64.118,75.021,6802846,73.93400000000001,5156477,76.796
2000-09-01,194393,61.916,1011348,64.31400000000001,75.203,6888604,74.252,5218150,76.94900000000001
2000-10-01,190548,61.396,1017922,64.515,75.30799999999999,6893798,74.353,5221834,77.076
2000-11-01,186953,61.124,1024178,64.68299999999999,75.44100000000002,6909824,74.45700000000001,5232045,77.192
2000-12-01,193195,60.668000000000006,1031130,64.88799999999999,75.515,6952196,74.571,5248104,77.21400000000001
2001-01-01,190304,60.613,1038175,65.086,75.796,6987401,74.932,5280932,77.44100000000002
2001-02-01,186229,59.759,1045037,65.289,75.93,7001834,75.048,5304292,77.571
2001-03-01,181036,58.103,1052494,65.549,76.009,6996658,75.05499999999999,5297742,77.66799999999999
2001-04-01,185296,59.050999999999995,1059157,65.774,76.13,7004240,75.187,5303961,77.796
2001-05-01,197473,63.829,1066077,66.04,76.148,7052781,75.38499999999999,5328935,77.781
2001-06-01,188221,62.597,1072712,66.296,76.318,7069728,75.518,5358536,77.95
2001-07-01,180519,56.72800000000001,1077233,66.49600000000001,76.515,7082297,75.49300000000001,5371487,78.127
2001-08-01,171689,55.609,1082673,66.774,76.553,7121688,75.48400000000001,5419109,78.167
2001-09-01,187244,60.069,1087064,67.01100000000001,76.118,7007024,75.227,5342689,78.235
2001-10-01,168594,54.24,1091747,67.285,76.654,7212903,75.492,5513669,78.32799999999999
2001-11-01,154663,48.742000000000004,1096107,67.562,76.81,7182323,75.44100000000002,5502142,78.523
2001-12-01,144562,46.44,1099933,67.823,76.82799999999999,7166733,75.363,5480277,78.54700000000001
2002-01-01,144595,46.870999999999995,1101872,68.039,76.871,7184624,75.43100000000001,5515145,78.56400000000001
2002-02-01,146631,46.435,1103766,68.24000000000001,77.018,7225161,75.55799999999999,5546407,78.681
2002-03-01,155574,49.863,1106127,68.46000000000001,77.11,7243358,75.763,5542546,78.73
2002-04-01,165593,53.294000000000004,1108527,68.66499999999999,77.32499999999999,7312466,76.08,5593248,78.922
2002-05-01,169409,53.645,1110389,68.82,77.41100000000002,7288903,76.13,5557097,78.98
2002-06-01,171264,53.785000000000004,1113127,69.016,77.534,7322496,76.225,5593334,79.07
2002-07-01,170951,54.541,1116301,69.20400000000001,77.692,7387293,76.393,5641742,79.203
2002-08-01,175062,55.095000000000006,1118738,69.327,77.845,7412576,76.543,5667691,79.362
2002-09-01,174134,55.467,1122883,69.54,77.972,7391538,76.681,5644898,79.489
2002-10-01,178962,57.791000000000004,1126441,69.70400000000001,78.038,7435169,76.821,5654996,79.542
2002-11-01,181078,57.519,1130521,69.87599999999999,78.114,7463805,76.897,5678740,79.62899999999999
2002-12-01,181544,57.482,1134672,70.04,78.187,7519901,76.971,5727190,79.70700000000001
2003-01-01,195716,62.955,1139890,70.252,78.24000000000001,7541283,77.20100000000001,5716083,79.769
2003-02-01,212958,68.44400000000002,1143264,70.351,78.348,7548649,77.526,5705500,79.84100000000001
2003-03-01,211442,68.392,1146868,70.465,78.474,7611549,77.725,5763131,79.91600000000001
2003-04-01,192260,61.905,1149635,70.52799999999999,78.561,7634487,77.593,5788325,79.97
2003-05-01,172609,55.674,1153229,70.642,78.67399999999999,7650333,77.504,5825762,80.084
2003-06-01,175143,55.915,1155331,70.66499999999999,78.718,7699554,77.588,5870628,80.12299999999999
2003-07-01,179219,58.05,1160782,70.829,78.915,7757004,77.816,5906557,80.315
2003-08-01,201539,62.800999999999995,1165549,70.96000000000001,79.004,7852102,78.079,5972758,80.394
2003-09-01,211303,66.67799999999998,1171037,71.124,79.114,7853674,78.323,5967919,80.43
2003-10-01,200100,62.683,1176576,71.29100000000001,79.26,7867359,78.333,5981958,80.561
2003-11-01,200711,62.528000000000006,1182080,71.455,79.368,7922591,78.432,6027530,80.624
2003-12-01,203940,64.04,1186054,71.52799999999999,79.46700000000001,7950409,78.60499999999999,6045156,80.696
2004-01-01,218250,68.15199999999999,1190988,71.65899999999999,79.67099999999999,8007115,78.909,6066963,80.91000000000001
2004-02-01,217497,69.212,1195712,71.798,79.8,8040409,79.077,6094852,81.069
2004-03-01,220964,69.276,1200604,71.96100000000001,79.93400000000001,8098806,79.199,6152307,81.228
2004-04-01,214656,67.57,1206210,72.18299999999999,80.142,8107245,79.346,6151508,81.38499999999999
2004-05-01,226756,70.927,1210126,72.329,80.252,8176470,79.604,6199112,81.48
2004-06-01,232498,73.44000000000001,1214105,72.5,80.37899999999999,8157607,79.831,6168804,81.607
2004-07-01,228333,72.669,1223903,72.63799999999999,80.474,8236938,79.905,6240294,81.708
2004-08-01,231167,72.613,1233904,72.809,80.505,8271607,79.94600000000001,6265166,81.74600000000001
2004-09-01,232967,74.206,1242475,72.922,80.65599999999999,8341461,80.104,6316003,81.87499999999999
2004-10-01,252877,79.51400000000001,1250437,73.02,80.831,8397056,80.44800000000001,6344239,82.035
2004-11-01,261547,82.595,1257944,73.117,81.005,8444456,80.758,6368139,82.18599999999999
2004-12-01,255277,81.12299999999999,1265954,73.263,81.109,8504351,80.801,6424806,82.26
2005-01-01,251221,76.975,1274387,73.458,81.40100000000001,8497691,80.90700000000001,6419177,82.503
2005-02-01,255855,80.58,1283144,73.654,81.536,8559081,81.13199999999999,6465875,82.66199999999999
2005-03-01,258088,82.04400000000001,1291084,73.792,81.73700000000001,8598432,81.37499999999999,6482625,82.836
2005-04-01,268541,83.785,1299117,73.912,81.831,8678413,81.603,6546690,82.91300000000001
2005-05-01,254694,80.206,1308357,74.07499999999999,81.99900000000001,8671645,81.649,6544327,83.077
2005-06-01,252080,80.617,1316922,74.18799999999999,82.056,8753379,81.7,6613823,83.133
2005-07-01,279504,87.702,1319831,74.366,82.17599999999999,8853777,82.046,6677932,83.21900000000001
2005-08-01,306700,96.024,1322266,74.49600000000001,82.24300000000001,8850108,82.377,6635430,83.284
2005-09-01,349571,114.771,1325765,74.667,82.425,8900382,83.17199999999998,6628608,83.474
2005-10-01,341429,109.019,1329173,74.812,82.66199999999999,8938497,83.30499999999999,6655168,83.67199999999998
2005-11-01,294260,94.586,1333809,75.009,82.87299999999999,8946242,83.131,6694594,83.892
2005-12-01,293296,93.085,1338063,75.16499999999999,82.959,8981147,83.131,6719961,83.958
2006-01-01,309280,98.54400000000001,1343793,75.37899999999999,83.145,9071617,83.534,6810749,84.136
2006-02-01,305014,97.38499999999999,1349818,75.60799999999999,83.279,9095989,83.584,6802472,84.26
2006-03-01,298772,96.57499999999999,1356482,75.863,83.509,9132854,83.74600000000001,6832642,84.489
2006-04-01,324935,103.436,1363403,76.142,83.76400000000001,9191586,84.13499999999999,6862533,84.67099999999999
2006-05-01,328504,105.111,1371198,76.48,83.974,9231759,84.361,6877155,84.884
2006-06-01,329241,105.46100000000001,1379298,76.826,84.18599999999999,9259602,84.569,6906845,85.07199999999999
2006-07-01,361021,112.67799999999998,1386407,77.113,84.268,9343801,84.85799999999999,6938825,85.17499999999998
2006-08-01,362134,115.87299999999999,1393109,77.381,84.44000000000001,9342154,85.12499999999999,6940917,85.364
2006-09-01,324445,102.54400000000001,1399519,77.62499999999999,84.573,9375362,84.902,7008256,85.49000000000001
2006-10-01,294350,92.036,1406621,77.912,84.726,9393623,84.702,7040650,85.621
2006-11-01,287633,91.137,1412764,78.148,84.766,9400206,84.73100000000001,7055635,85.65799999999999
2006-12-01,310469,98.137,1419181,78.399,84.88,9488275,85.032,7121889,85.748
2007-01-01,301957,95.45100000000001,1424964,78.618,85.224,9538721,85.316,7152437,86.093
2007-02-01,310856,96.91000000000001,1431487,78.862,85.408,9565960,85.581,7155635,86.282
2007-03-01,323001,103.079,1437779,79.068,85.49400000000001,9611732,85.894,7199673,86.34700000000001
2007-04-01,336754,105.976,1443268,79.212,85.616,9643571,86.096,7196940,86.44100000000002
2007-05-01,343974,110.61999999999999,1448629,79.324,85.71700000000001,9685806,86.346,7242447,86.551
2007-06-01,344089,110.933,1455294,79.485,85.859,9706762,86.529,7246045,86.67299999999999
2007-07-01,353508,111.604,1462642,79.65299999999999,85.988,9751141,86.661,7269994,86.762
2007-08-01,337468,109.193,1471147,79.861,86.116,9798937,86.72,7315797,86.85799999999999
2007-09-01,356547,112.82499999999999,1480264,80.084,86.351,9845072,87.054,7340856,87.068
2007-10-01,354592,113.786,1489806,80.301,86.576,9882702,87.318,7383998,87.35799999999999
2007-11-01,385797,124.057,1500765,80.569,86.74600000000001,9955924,87.781,7406799,87.52499999999999
2007-12-01,398015,125.618,1511356,80.79400000000001,86.92,9972793,87.98400000000001,7411193,87.723
2008-01-01,391639,126.68299999999999,1521601,80.962,87.093,9996400,88.206,7432022,87.95
2008-02-01,384808,128.383,1530508,81.10499999999999,87.17799999999998,9981672,88.38199999999999,7409175,88.07
2008-03-01,410462,130.618,1538958,81.27,87.349,10035263,88.63499999999999,7429574,88.24400000000001
2008-04-01,398837,129.925,1546962,81.45400000000001,87.4,10070270,88.799,7456089,88.354
2008-05-01,413023,136.271,1552764,81.557,87.559,10132271,89.17999999999999,7495175,88.51400000000001
2008-06-01,451600,150.73999999999998,1559861,81.766,87.76,10187065,89.827,7498584,88.705
2008-07-01,460497,156.083,1565288,81.923,87.918,10185092,90.245,7484662,88.895
2008-08-01,444013,148.813,1569849,82.074,88.026,10175729,90.17199999999998,7500532,89.066
2008-09-01,432058,148.95800000000003,1574643,82.27199999999999,88.116,10116413,90.24700000000001,7456128,89.248
2008-10-01,396982,130.10299999999998,1577605,82.418,87.99100000000001,10034123,89.651,7403364,89.37899999999999
2008-11-01,282406,92.771,1581167,82.633,87.952,9885231,88.593,7371504,89.438
2008-12-01,226741,76.027,1581204,82.708,87.909,9801472,88.098,7359270,89.45100000000001
2009-01-01,235365,77.99600000000001,1582421,82.891,87.88199999999999,9847249,88.10799999999999,7399504,89.65899999999999
2009-02-01,256556,82.973,1582810,83.005,87.952,9824478,88.266,7395116,89.839
2009-03-01,241945,79.26100000000001,1584862,83.17999999999999,88.015,9773181,88.169,7357774,90.04
2009-04-01,243206,79.938,1586489,83.307,88.21100000000001,9772523,88.295,7376333,90.239
2009-05-01,253141,83.34,1588752,83.44200000000001,88.279,9791553,88.387,7403635,90.31700000000001
2009-06-01,299027,98.684,1589431,83.46600000000001,88.392,9852431,88.912,7414980,90.406
2009-07-01,297472,98.148,1591080,83.456,88.468,9886264,88.922,7457988,90.432
2009-08-01,314761,103.534,1594485,83.509,88.599,10004129,89.17999999999999,7548744,90.577
2009-09-01,314406,104.636,1595770,83.428,88.755,9927825,89.324,7464813,90.70100000000001
2009-10-01,322373,105.827,1598561,83.396,89.082,9976733,89.663,7487855,90.921
2009-11-01,333469,110.51700000000001,1600879,83.306,89.16,9985676,89.887,7497940,90.968
2009-12-01,332608,109.925,1605103,83.293,89.236,10052579,89.93900000000001,7520744,91.015
2010-01-01,339262,112.533,1609357,83.253,89.368,10056058,90.136,7525927,91.063
2010-02-01,326808,109.883,1613804,83.239,89.44600000000001,10093426,90.134,7542888,91.112
2010-03-01,323227,108.789,1617482,83.20100000000001,89.579,10155982,90.26100000000001,7621812,91.18499999999999
2010-04-01,328899,108.842,1621716,83.20100000000001,89.62499999999999,10182287,90.31,7641541,91.21700000000001
2010-05-01,321684,106.806,1626543,83.24700000000001,89.724,10210816,90.339,7653232,91.30799999999999
2010-06-01,317691,104.556,1631525,83.303,89.76700000000001,10231332,90.301,7680006,91.368
2010-07-01,324339,106.933,1634293,83.339,89.769,10268126,90.37799999999999,7697048,91.39
2010-08-01,328263,108.506,1636068,83.336,89.85499999999999,10307070,90.502,7728010,91.472
2010-09-01,337061,109.908,1638690,83.38799999999999,89.906,10327066,90.592,7741929,91.516
2010-10-01,352100,116.16799999999999,1640710,83.425,90.043,10386366,90.881,7777112,91.561
2010-11-01,358359,119.251,1643833,83.533,90.16,10433573,91.062,7798961,91.66799999999999
2010-12-01,382918,125.759,1646341,83.624,90.17899999999999,10470972,91.268,7797121,91.67999999999999
2011-01-01,384081,128.262,1648927,83.733,90.37199999999999,10514256,91.542,7835391,91.826
2011-02-01,389417,130.636,1651807,83.85199999999999,90.53,10540610,91.79700000000001,7862750,92.01100000000001
2011-03-01,411617,137.575,1653952,83.938,90.667,10619719,92.166,7899316,92.13499999999999
2011-04-01,425155,144.26299999999998,1655898,84.01700000000001,90.87499999999999,10652081,92.557,7911362,92.31400000000001
2011-05-01,425693,146.22899999999998,1658313,84.11999999999999,91.09100000000001,10672199,92.838,7922142,92.513
2011-06-01,419583,141.738,1661296,84.25,91.191,10694775,92.819,7935873,92.654
2011-07-01,418559,141.906,1664821,84.429,91.326,10731621,92.977,7946103,92.786
2011-08-01,417327,142.47899999999998,1668561,84.61999999999999,91.508,10750276,93.196,7968325,92.98700000000001
2011-09-01,424827,143.653,1670917,84.742,91.57,10783189,93.327,7998710,93.07499999999999
2011-10-01,417183,142.248,1674374,84.922,91.614,10802881,93.329,8024632,93.203
2011-11-01,419913,143.692,1677012,85.059,91.80799999999999,10806828,93.52,8034531,93.366
2011-12-01,412256,140.347,1680259,85.228,91.96000000000001,10817849,93.574,8056353,93.568
2012-01-01,414541,142.702,1683269,85.387,92.235,10896780,93.894,8116282,93.748
2012-02-01,433508,147.34,1685899,85.52,92.364,10987216,94.104,8168408,93.891
2012-03-01,429283,148.70499999999998,1689554,85.699,92.521,10993908,94.284,8180595,94.01100000000001
2012-04-01,431433,148.672,1693751,85.894,92.661,11018538,94.408,8190123,94.13199999999999
2012-05-01,419568,141.839,1696541,86.016,92.755,11006796,94.30199999999999,8190526,94.262
2012-06-01,399899,136.016,1699071,86.117,92.85,10989830,94.254,8187321,94.37599999999999
2012-07-01,386644,134.303,1702874,86.266,92.94600000000001,11016846,94.288,8202671,94.44900000000001
2012-08-01,431326,144.26899999999998,1707344,86.44200000000001,93.005,11056012,94.60499999999999,8207861,94.51100000000001
2012-09-01,436250,151.778,1712289,86.63799999999999,93.119,11105323,94.893,8249329,94.62499999999999
2012-10-01,449346,154.14899999999997,1717443,86.833,93.345,11137427,95.17399999999999,8256027,94.742
2012-11-01,425454,146.914,1721709,86.979,93.44500000000001,11178433,95.109,8316935,94.801
2012-12-01,405964,143.127,1726061,87.12199999999999,93.51400000000001,11181248,95.09400000000001,8345878,94.87899999999999
2013-01-01,426748,143.185,1732065,87.281,93.703,11252374,95.27499999999999,8394006,95.062
2013-02-01,444778,152.70499999999998,1738233,87.46700000000001,93.80499999999999,11290497,95.614,8389773,95.16799999999999
2013-03-01,427162,144.535,1743554,87.62799999999999,93.891,11290121,95.488,8390079,95.215
2013-04-01,411233,137.90200000000002,1748747,87.80499999999999,93.93700000000001,11281071,95.391,8400184,95.131
2013-05-01,409881,136.76899999999998,1753665,87.99000000000001,94.04700000000001,11321560,95.46100000000001,8438512,95.229
2013-06-01,413437,138.98800000000003,1758172,88.17199999999998,94.209,11344413,95.67299999999999,8463018,95.41300000000001
2013-07-01,417332,139.379,1761962,88.303,94.329,11372550,95.792,8490951,95.529
2013-08-01,422012,141.632,1767473,88.542,94.43100000000001,11406597,95.93400000000001,8505995,95.582
2013-09-01,418420,139.147,1771133,88.70700000000001,94.543,11445929,95.976,8536049,95.687
2013-10-01,415896,138.348,1774826,88.893,94.703,11498041,96.103,8572174,95.773
2013-11-01,426728,139.03,1778735,89.109,94.86,11562480,96.24600000000001,8603064,95.883
2013-12-01,425853,141.696,1782844,89.36,94.96100000000001,11593168,96.41400000000002,8622242,95.986
2014-01-01,432859,144.26299999999998,1785480,89.556,95.06400000000001,11578798,96.614,8587395,96.021
2014-02-01,433914,143.147,1788191,89.748,95.109,11636889,96.66,8646682,96.065
2014-03-01,420046,140.751,1791906,89.983,95.25,11722315,96.815,8709293,96.195
2014-04-01,431287,142.69,1795313,90.199,95.41300000000001,11762305,96.98700000000001,8750643,96.312
2014-05-01,421854,140.88400000000001,1798672,90.402,95.574,11807312,97.147,8790356,96.432
2014-06-01,418833,141.343,1801901,90.598,95.68199999999999,11861735,97.253,8839646,96.526
2014-07-01,423562,140.196,1805393,90.823,95.848,11904353,97.391,8878010,96.66799999999999
2014-08-01,420044,138.19,1808467,91.015,95.88499999999999,11983661,97.37899999999999,8934715,96.712
2014-09-01,399556,134.56,1812139,91.225,96.013,11991354,97.41300000000001,8955341,96.82199999999999
2014-10-01,400434,130.577,1815780,91.432,96.096,12064692,97.384,9005272,96.84400000000001
2014-11-01,380519,123.513,1820151,91.66999999999999,96.181,12083888,97.29100000000001,9030381,96.90700000000001
2014-12-01,347978,112.83,1823453,91.84400000000001,96.24900000000001,12096102,97.11999999999999,9073704,96.96900000000001
2015-01-01,301242,95.644,1828285,92.087,96.21400000000001,12066664,96.654,9079108,96.91900000000001
2015-02-01,315271,98.569,1833519,92.35,96.324,12116561,96.82499999999999,9089371,97.036
2015-03-01,323428,102.337,1838541,92.60199999999999,96.47,12176065,97.008,9151213,97.17199999999998
2015-04-01,318413,100.52799999999999,1843973,92.856,96.648,12209081,97.09400000000001,9187606,97.35199999999999
2015-05-01,338074,106.282,1848898,93.079,96.766,12275406,97.327,9231465,97.418
2015-06-01,343543,108.56700000000001,1855585,93.387,96.88199999999999,12307934,97.516,9253457,97.48100000000001
2015-07-01,347082,108.66199999999999,1861796,93.66,96.978,12364885,97.60499999999999,9296009,97.60199999999999
2015-08-01,339515,105.725,1867249,93.889,97.056,12396189,97.612,9327784,97.642
2015-09-01,307696,95.425,1873827,94.164,97.196,12386409,97.477,9339753,97.82799999999999
2015-10-01,303045,94.141,1879548,94.394,97.228,12394909,97.477,9346497,97.856
2015-11-01,299756,94.01100000000001,1885066,94.607,97.332,12423153,97.538,9374845,97.93900000000001
2015-12-01,288491,90.06700000000001,1891227,94.845,97.396,12451998,97.456,9419416,97.976
2016-01-01,276379,85.727,1898364,95.124,97.56700000000001,12477959,97.49600000000001,9441349,98.076
2016-02-01,251725,77.643,1904853,95.383,97.736,12554520,97.44500000000001,9525561,98.262
2016-03-01,272088,82.95100000000001,1910648,95.62199999999999,97.87599999999999,12536989,97.67299999999999,9520193,98.359
2016-04-01,282137,87.09400000000001,1917186,95.909,98.117,12611453,97.99300000000001,9554815,98.521
2016-05-01,288403,88.644,1924288,96.236,98.284,12652685,98.15299999999999,9582114,98.669
2016-06-01,299105,92.55799999999999,1930687,96.534,98.386,12731235,98.32499999999999,9625313,98.774
2016-07-01,285267,87.848,1937106,96.812,98.529,12756654,98.342,9639132,98.912
2016-08-01,281641,87.06,1943079,97.081,98.703,12788079,98.479,9660202,99.03
2016-09-01,292881,89.70700000000001,1950270,97.423,98.834,12846646,98.666,9705694,99.127
2016-10-01,295575,93.35799999999999,1956542,97.73,98.96100000000001,12867030,98.868,9724936,99.221
2016-11-01,301715,93.887,1963043,98.051,99.005,12893010,98.90100000000001,9753527,99.265
2016-12-01,317262,97.21300000000001,1968416,98.337,99.11999999999999,13005926,99.071,9800358,99.392
2017-01-01,320697,102.316,1972682,98.583,99.38499999999999,13063650,99.45100000000001,9854257,99.612
2017-02-01,326138,100.529,1977572,98.845,99.561,13088383,99.586,9871809,99.756
2017-03-01,323209,99.27499999999999,1981900,99.063,99.519,13139886,99.535,9883934,99.65299999999999
2017-04-01,320047,98.68599999999999,1986212,99.274,99.723,13169177,99.725,9910370,99.769
2017-05-01,306410,93.74000000000001,1991457,99.513,99.803,13171862,99.68199999999999,9908241,99.79
2017-06-01,303173,92.67999999999999,1997959,99.79700000000001,99.93700000000001,13225151,99.766,9955192,99.92
2017-07-01,296322,90.955,2003373,100.056,100.01,13263299,99.803,9978711,99.932
2017-08-01,312289,96.093,2010573,100.395,100.118,13294640,100.027,10001004,100.032
2017-09-01,346861,106.887,2016608,100.661,100.24000000000001,13417255,100.4,10066826,100.147
2017-10-01,333501,103.23,2023938,100.973,100.486,13447486,100.531,10102749,100.425
2017-11-01,344363,107.71000000000001,2030767,101.245,100.535,13540626,100.67499999999998,10173230,100.43700000000001
2017-12-01,354783,107.899,2039404,101.59400000000001,100.68299999999999,13666091,100.821,10234400,100.526
2018-01-01,362083,111.315,2047052,101.87799999999999,101.007,13703270,101.199,10260009,100.74900000000001
2018-02-01,355165,112.995,2052861,102.071,101.198,13738737,101.41600000000001,10312959,100.94800000000001
2018-03-01,360021,109.335,2060742,102.37599999999999,101.41900000000001,13793215,101.524,10323699,101.19
2018-04-01,362521,112.68799999999999,2069124,102.70100000000001,101.60199999999999,13838421,101.766,10347138,101.389
2018-05-01,369468,114.24000000000001,2076216,102.96300000000001,101.78,13905023,101.94100000000002,10416799,101.571
2018-06-01,374784,114.67199999999998,2082749,103.203,101.87199999999999,13930438,102.029,10427711,101.612
2018-07-01,369963,113.973,2090484,103.51,102.006,13974828,102.137,10473493,101.738
2018-08-01,376823,116.05,2098312,103.818,102.016,14013992,102.208,10497519,101.71600000000001
2018-09-01,376831,117.915,2104354,104.04400000000001,102.205,14017778,102.418,10483388,101.856
2018-10-01,381243,119.319,2111616,104.337,102.366,14083061,102.595,10508189,101.99400000000001
2018-11-01,363429,112.854,2119809,104.67699999999999,102.556,14162941,102.63,10578603,102.205
2018-12-01,347773,106.71300000000001,2125998,104.928,102.735,14051596,102.70100000000001,10510411,102.335
2019-01-01,324018,99.37799999999999,2134260,105.198,102.86999999999999,14084585,102.648,10582785,102.52799999999999
2019-02-01,339668,103.015,2143748,105.516,102.96300000000001,14117418,102.836,10631560,102.598
2019-03-01,353614,108.67299999999999,2154048,105.865,103.05799999999999,14248569,103.069,10720728,102.66799999999999
2019-04-01,376346,115.236,2164961,106.23400000000001,103.265,14289984,103.36,10746434,102.87499999999999
2019-05-01,366618,114.141,2173999,106.506,103.371,14353322,103.435,10818810,102.972
2019-06-01,354295,109.428,2184608,106.848,103.56,14408679,103.48400000000001,10874903,103.136
2019-07-01,353303,111.06,2194121,107.127,103.67799999999998,14495969,103.62199999999999,10933235,103.25
2019-08-01,352892,108.732,2203768,107.398,103.79700000000001,14558244,103.66999999999999,10993226,103.359
2019-09-01,344001,108.113,2214312,107.71400000000001,103.87299999999999,14590632,103.733,11042385,103.436
2019-10-01,348967,109.61999999999999,2223007,107.92,104.02799999999999,14617397,103.91700000000002,11077326,103.6
2019-11-01,356285,111.752,2233506,108.206,104.092,14710955,104.024,11141961,103.666
2019-12-01,360133,115.476,2244034,108.48100000000001,104.32199999999999,14774762,104.307,11185936,103.82499999999999
2020-01-01,356800,114.90100000000001,2256392,108.84,104.507,14868334,104.49000000000001,11236057,104.013
2020-02-01,336155,109.67099999999999,2266514,109.09,104.71100000000001,14828146,104.573,11254446,104.223
2020-03-01,262133,97.804,2277342,109.37199999999999,104.63199999999999,13812814,104.271,10082904,104.189
2020-04-01,165539,80.15199999999999,2286637,109.59,104.293,12249167,103.838,8722289,104.001
2020-05-01,191076,77.862,2297122,109.84100000000001,104.402,13281510,103.94200000000001,9779416,104.106
2020-06-01,235011,85.68499999999999,2305041,109.96000000000001,104.565,14049214,104.27,10497893,104.252
2020-07-01,247134,88.709,2315858,110.199,104.93700000000001,14307240,104.57799999999999,10710333,104.516
2020-08-01,255669,90.09100000000001,2325159,110.365,105.24300000000001,14462235,104.86999999999999,10851573,104.80199999999999
2020-09-01,269257,91.83,2333059,110.44800000000001,105.41000000000001,14668142,105.057,11013343,104.88
2020-10-01,257940,90.896,2343942,110.669,105.507,14725760,105.151,11077414,104.929
2020-11-01,253623,91.169,2351123,110.721,105.60499999999999,14701645,105.258,11067202,104.985
2020-12-01,271163,98.95400000000001,2360659,110.871,105.896,14822032,105.699,11123305,105.187
2021-01-01,299742,105.53,2370374,111.024,106.16799999999999,15072404,106.065,11300670,105.406
2021-02-01,313189,110.87299999999999,2382055,111.27799999999999,106.435,14974085,106.44100000000002,11186017,105.65199999999999
2021-03-01,355007,119.488,2393580,111.516,106.865,15706811,107.019,11812178,106.024
2021-04-01,349786,115.733,2405487,111.773,107.49300000000001,15913926,107.553,11997420,106.569
2021-05-01,363198,117.45,2418347,112.083,107.989,15969485,108.069,12037591,106.99600000000001
2021-06-01,386847,120.641,2431997,112.43100000000001,108.52199999999999,16185465,108.66799999999999,12190284,107.40400000000001
2021-07-01,393647,122.321,2445027,112.752,108.971,16236198,109.16199999999999,12217430,107.84100000000001
2021-08-01,396937,125.147,2458060,113.077,109.34,16403978,109.599,12319971,108.109
2021-09-01,408948,128.064,2473470,113.52199999999999,109.548,16489279,109.94800000000001,12379682,108.292
2021-10-01,430666,134.17499999999998,2490417,114.029,110.119,16704644,110.7,12533669,108.811
2021-11-01,464207,142.383,2507006,114.515,110.67099999999999,16842531,111.435,12621752,109.324
2021-12-01,466739,145.923,2522656,114.96300000000001,111.28,16879161,112.088,12642279,109.85799999999999
2022-01-01,457748,146.196,2539410,115.46700000000001,111.82199999999999,16994981,112.67799999999998,12713577,110.468
2022-02-01,486991,151.21399999999997,2557343,116.02499999999999,112.362,17092744,113.36999999999999,12770629,111.013
2022-03-01,565345,175.60999999999999,2574474,116.551,112.807,17336251,114.425,12905655,111.476
2022-04-01,522481,166.49,2593111,117.146,113.17799999999998,17481787,114.68799999999999,13032967,111.807
2022-05-01,560016,176.18,2613962,117.84100000000001,113.571,17568942,115.40100000000001,13049281,112.17499999999998
2022-06-01,597511,192.564,2638253,118.695,114.273,17734642,116.512,13143379,112.881
2022-07-01,539714,176.625,2661043,119.48400000000001,114.65799999999999,17750817,116.64999999999999,13186907,113.20100000000001
2022-08-01,498641,159.16299999999998,2685039,120.332,115.248,17877778,116.924,13318937,113.74300000000001
2022-09-01,481064,153.70999999999998,2710741,121.255,115.727,17962868,117.307,13401731,114.196
2022-10-01,505260,161.061,2733764,122.06400000000001,116.18599999999999,18087916,117.902,13492518,114.64
2022-11-01,502021,161.098,2757681,122.908,116.52,18075339,118.221,13457938,114.864
2022-12-01,458455,147.969,2783606,123.85199999999999,116.923,18085102,118.37199999999999,13509857,115.301
2023-01-01,471588,150.865,2806125,124.649,117.415,18414788,118.938,13840360,115.77799999999999
2023-02-01,474804,149.592,2830744,125.534,117.82499999999999,18442057,119.265,13857061,116.24100000000001
2023-03-01,469950,146.477,2848998,126.139,118.295,18483697,119.56400000000001,13882290,116.68799999999999
2023-04-01,465680,146.10899999999998,2869520,126.85199999999999,118.67099999999999,18575719,119.886,13975894,117.039
2023-05-01,443522,141.18,2888704,127.505,119.061,18607820,120.12899999999999,14028588,117.386
2023-06-01,451073,142.02100000000002,2907125,128.12800000000001,119.35,18692847,120.41000000000001,14092676,117.551
2023-07-01,441320,141.518,2925183,128.74599999999998,119.515,18791612,120.571,14175710,117.781
2023-08-01,476892,152.429,2940696,129.255,119.66199999999999,18869048,120.94400000000002,14215413,117.918
2023-09-01,489007,157.065,2959744,129.914,120.053,18984646,121.403,14302231,118.268
2023-10-01,482001,151.10999999999999,2977056,130.506,120.321,19059980,121.557,14366438,118.59400000000001
2023-11-01,459436,145.418,2996004,131.172,120.52499999999999,19136342,121.636,14442460,118.753
2023-12-01,453491,143.55800000000002,3012818,131.73499999999999,120.694,19212990,121.76,14530058,118.891
2024-01-01,441207,140.572,3030804,132.359,121.20100000000001,19239579,122.206,14541450,119.319
2024-02-01,437902,143.127,3048624,132.961,121.57,19373524,122.613,14633652,119.61999999999999
2024-03-01,467447,147.21599999999998,3065042,133.508,122.016,19513749,123.093,14710538,119.99900000000001
2024-04-01,465364,147.009,3081398,134.033,122.252,19582174,123.289,14754158,120.21600000000001
2024-05-01,462078,143.941,3098289,134.589,122.406,19688977,123.369,14841060,120.334
2024-06-01,437636,138.77499999999998,3111964,134.985,122.667,19775296,123.504,14916918,120.513
2024-07-01,446021,138.61299999999997,3128411,135.501,122.87199999999999,19863602,123.70100000000001,14975584,120.691
2024-08-01,433024,136.96,3146219,136.063,123.13499999999999,19909596,123.891,15020849,120.921
2024-09-01,427006,133.23899999999998,3161624,136.524,123.462,20066863,124.146,15145016,121.225
2024-10-01,423357,132.548,3179462,137.085,123.816,20146146,124.482,15201927,121.545
2024-11-01,417428,132.889,3192637,137.447,123.989,20251824,124.666,15299302,121.71000000000001
2024-12-01,441026,137.82600000000002,3207524,137.88500000000002,124.198,20458659,124.98400000000001,15432372,121.881
2025-01-01,450035,139.83,3222660,138.319,124.609,20400374,125.423,15358129,122.223
2025-02-01,442521,138.4,3236924,138.73,125.002,20437947,125.77,15411695,122.609
2025-03-01,421468,133.36800000000002,3253090,139.22299999999998,125.144,20593984,125.869,15559924,122.7
2025-04-01,414232,130.296,3268259,139.684,125.524,20654234,126.163,15627861,123.003
2025-05-01,399940,128.02,3281212,140.055,125.818,20666103,126.408,15642295,123.239
2025-06-01,407281,128.17299999999997,3294519,140.46,126.133,20799432,126.73,15740586,123.607
2025-07-01,399074,126.91900000000001,3307187,140.833,126.363,20927157,126.906,15846172,123.84400000000001
2025-08-01,407824,128.88400000000001,3321984,141.295,126.646,21029464,127.229,15923896,124.074
2025-09-01,424687,133.003,3330886,141.529,126.94000000000001,21126488,127.601,15972584,124.329
2025-10-01,408220,131.565,3339047,141.73299999999998,127.16499999999999,21196365,127.79,16032834,124.56700000000001
2025-11-01,422076,134.89200000000002,3347108,141.936,127.363,21274206,128.045,16082345,124.732
2025-12-01,428404,134.46,3360242,142.363,127.765,21336049,128.455,16105605,125.141
2026-01-01,410252,129.934,3370689,142.685,128.26999999999998,21383079,128.845,16133317,125.59700000000001
2026-02-01,416768,131.712,3380202,142.972,128.701,21501952,129.29299999999998,16244216,126.06700000000001
2026-03-01,497847,159.261,3391783,143.347,129.03,21692919,130.105,16333080,126.41700000000002
2026-04-01,533391,168.006,3413299,144.112,129.395,21856874,130.672,16432292,126.756
2026-05-01,535257,178.883,3427007,144.556,129.796,22027178,131.24099999999999,16567108,127.071
2026-06-01,494951,162.363,3437717,144.874,129.969,22095481,131.106,16673987,127.282
2026-07-01,483014,158.002,3449699,145.25,130.13299999999998,22117708,131.172,16688207,127.465
2026-08-01,503882,164.87800000000001,3459262,145.52,130.455,22308527,131.57899999999998,16829621,127.829
