date,twelve_month,six_month,one_month
1978-01-01,5.7,5.43,4.71
1978-02-01,5.57,5.3,5.44
1978-03-01,5.55,5.5,6.12
1978-04-01,5.71,5.85,6.73
1978-05-01,5.89,6.08,7.98
1978-06-01,5.91,6.23,6.44
1978-07-01,5.99,6.55,6.61
1978-08-01,6.03,6.76,6.72
1978-09-01,6.21,6.93,7.09
1978-10-01,6.54,7.24,8.6
1978-11-01,6.65,7.22,7.85
1978-12-01,6.71,7.18,6.26
1979-01-01,7.02,7.5,8.49
1979-02-01,7.21,7.66,7.67
1979-03-01,7.25,7.57,6.56
1979-04-01,7.25,7.27,6.77
1979-05-01,7.35,7.48,9.12
1979-06-01,7.39,7.6,6.98
1979-07-01,7.5,7.5,7.88
1979-08-01,7.68,7.71,8.96
1979-09-01,7.8,8.03,8.47
1979-10-01,7.89,8.52,9.74
1979-11-01,7.89,8.3,7.77
1979-12-01,8.04,8.49,8.11
1980-01-01,8.15,8.81,9.82
1980-02-01,8.35,9,10.11
1980-03-01,8.6,9.17,9.47
1980-04-01,8.55,8.59,6.28
1980-05-01,8.56,8.81,9.13
1980-06-01,8.72,8.95,8.9
1980-07-01,8.6,8.39,6.52
1980-08-01,8.57,8.13,8.53
1980-09-01,8.66,8.16,9.66
1980-10-01,8.57,8.55,8.6
1980-11-01,8.64,8.47,8.62
1980-12-01,8.64,8.34,8.14
1981-01-01,8.59,8.79,9.19
1981-02-01,8.6,9.06,10.16
1981-03-01,8.41,8.66,7.25
1981-04-01,8.5,8.46,7.4
1981-05-01,8.32,8.18,6.95
1981-06-01,8.07,7.8,5.92
1981-07-01,8.1,7.41,6.82
1981-08-01,8.01,6.97,7.48
1981-09-01,7.82,6.99,7.35
1981-10-01,7.62,6.79,6.2
1981-11-01,7.41,6.64,6.08
1981-12-01,7.14,6.49,5.01
1982-01-01,6.83,6.25,5.38
1982-02-01,6.38,5.79,4.7
1982-03-01,6.2,5.41,5.1
1982-04-01,5.86,4.93,3.33
1982-05-01,5.77,4.91,5.92
1982-06-01,5.74,4.99,5.52
1982-07-01,5.76,5.28,7.12
1982-08-01,5.49,5.19,4.22
1982-09-01,5.13,4.86,3.09
1982-10-01,5.06,5.19,5.34
1982-11-01,4.78,4.66,2.72
1982-12-01,4.61,4.23,2.97
1983-01-01,4.64,4,5.7
1983-02-01,4.57,3.95,3.89
1983-03-01,4.33,3.81,2.29
1983-04-01,4.47,3.75,4.96
1983-05-01,4.24,3.82,3.15
1983-06-01,4.06,3.89,3.39
1983-07-01,3.79,3.58,3.8
1983-08-01,3.7,3.45,3.15
1983-09-01,3.79,3.77,4.2
1983-10-01,3.56,3.37,2.57
1983-11-01,3.67,3.53,4.09
1983-12-01,3.63,3.37,2.45
1984-01-01,3.59,3.59,5.14
1984-02-01,3.64,3.83,4.55
1984-03-01,3.79,3.8,4.06
1984-04-01,3.78,4.18,4.84
1984-05-01,3.7,3.86,2.19
1984-06-01,3.7,4.04,3.47
1984-07-01,3.79,4,4.9
1984-08-01,3.88,3.93,4.13
1984-09-01,3.86,3.92,4.02
1984-10-01,3.94,3.69,3.46
1984-11-01,3.77,3.67,2.07
1984-12-01,3.88,3.72,3.76
1985-01-01,3.73,3.46,3.35
1985-02-01,3.82,3.72,5.68
1985-03-01,3.82,3.72,4.03
1985-04-01,3.61,3.54,2.39
1985-05-01,3.7,3.72,3.15
1985-06-01,3.76,3.79,4.2
1985-07-01,3.55,3.64,2.44
1985-08-01,3.54,3.36,3.98
1985-09-01,3.5,3.28,3.55
1985-10-01,3.46,3.38,2.97
1985-11-01,3.62,3.51,3.92
1985-12-01,3.62,3.45,3.86
1986-01-01,3.72,3.8,4.51
1986-02-01,3.47,3.58,2.7
1986-03-01,3.28,3.28,1.73
1986-04-01,3.33,3.28,3.02
1986-05-01,3.26,3.02,2.33
1986-06-01,3.24,3.04,3.97
1986-07-01,3.27,2.75,2.79
1986-08-01,3.19,2.79,2.94
1986-09-01,3.2,3.13,3.75
1986-10-01,3.27,3.26,3.77
1986-11-01,3.2,3.37,3.02
1986-12-01,3.13,3.22,3.07
1987-01-01,3.16,3.57,4.9
1987-02-01,3.22,3.64,3.37
1987-03-01,3.41,3.68,3.99
1987-04-01,3.57,3.89,5.01
1987-05-01,3.66,3.95,3.34
1987-06-01,3.6,3.97,3.25
1987-07-01,3.59,3.61,2.72
1987-08-01,3.74,3.83,4.7
1987-09-01,3.71,3.74,3.43
1987-10-01,3.73,3.57,3.97
1987-11-01,3.72,3.5,2.95
1987-12-01,3.62,3.28,1.91
1988-01-01,3.62,3.62,4.81
1988-02-01,3.57,3.31,2.84
1988-03-01,3.56,3.37,3.8
1988-04-01,3.51,3.45,4.41
1988-05-01,3.49,3.47,3.1
1988-06-01,3.59,3.91,4.51
1988-07-01,3.77,3.92,4.9
1988-08-01,3.71,4.12,3.98
1988-09-01,3.87,4.37,5.33
1988-10-01,3.82,4.2,3.39
1988-11-01,3.87,4.26,3.47
1988-12-01,4.01,4.12,3.63
1989-01-01,4.05,4.18,5.3
1989-02-01,4.15,4.18,3.98
1989-03-01,4.16,3.95,3.92
1989-04-01,4.16,4.11,4.38
1989-05-01,4.24,4.22,4.1
1989-06-01,4.13,4.14,3.14
1989-07-01,4.04,3.9,3.85
1989-08-01,3.95,3.72,2.96
1989-09-01,3.8,3.64,3.44
1989-10-01,3.94,3.76,5.1
1989-11-01,3.92,3.63,3.28
1989-12-01,3.94,3.75,3.86
1990-01-01,3.85,3.81,4.21
1990-02-01,3.82,3.91,3.58
1990-03-01,3.95,4.25,5.47
1990-04-01,3.9,4.04,3.85
1990-05-01,3.8,3.98,2.91
1990-06-01,3.94,4.13,4.81
1990-07-01,3.96,4.11,4.05
1990-08-01,4.14,4.37,5.13
1990-09-01,4.13,4.01,3.34
1990-10-01,4.01,3.99,3.7
1990-11-01,3.88,3.79,1.74
1990-12-01,3.84,3.55,3.37
1991-01-01,3.82,3.53,3.96
1991-02-01,3.73,3.09,2.46
1991-03-01,3.43,2.86,1.96
1991-04-01,3.35,2.72,2.83
1991-05-01,3.45,3.12,4.17
1991-06-01,3.23,2.91,2.13
1991-07-01,3.1,2.67,2.49
1991-08-01,2.91,2.73,2.8
1991-09-01,2.9,2.93,3.17
1991-10-01,2.83,2.94,2.89
1991-11-01,2.97,2.82,3.46
1991-12-01,3,3.09,3.72
1992-01-01,2.88,3.1,2.54
1992-02-01,2.9,3.07,2.65
1992-03-01,2.99,3.04,3
1992-04-01,2.94,2.94,2.27
1992-05-01,2.8,2.78,2.49
1992-06-01,2.8,2.52,2.15
1992-07-01,2.82,2.54,2.67
1992-08-01,2.75,2.43,2.02
1992-09-01,2.61,2.18,1.49
1992-10-01,2.64,2.34,3.25
1992-11-01,2.61,2.44,3.07
1992-12-01,2.5,2.49,2.46
1993-01-01,2.5,2.46,2.51
1993-02-01,2.51,2.59,2.81
1993-03-01,2.45,2.72,2.26
1993-04-01,2.52,2.69,3.07
1993-05-01,2.57,2.7,3.13
1993-06-01,2.54,2.58,1.72
1993-07-01,2.5,2.54,2.28
1993-08-01,2.49,2.38,1.85
1993-09-01,2.53,2.34,2.04
1993-10-01,2.49,2.28,2.67
1993-11-01,2.43,2.15,2.35
1993-12-01,2.4,2.22,2.13
1994-01-01,2.36,2.18,2.04
1994-02-01,2.35,2.32,2.7
1994-03-01,2.41,2.47,2.94
1994-04-01,2.3,2.33,1.82
1994-05-01,2.27,2.39,2.69
1994-06-01,2.34,2.45,2.53
1994-07-01,2.35,2.51,2.4
1994-08-01,2.34,2.36,1.81
1994-09-01,2.32,2.16,1.74
1994-10-01,2.26,2.2,2.02
1994-11-01,2.28,2.18,2.6
1994-12-01,2.25,2.05,1.72
1995-01-01,2.35,2.2,3.3
1995-02-01,2.29,2.22,1.94
1995-03-01,2.25,2.34,2.45
1995-04-01,2.31,2.42,2.5
1995-05-01,2.27,2.36,2.23
1995-06-01,2.19,2.33,1.59
1995-07-01,2.16,2.13,2.07
1995-08-01,2.21,2.21,2.4
1995-09-01,2.23,2.11,1.9
1995-10-01,2.32,2.21,3.09
1995-11-01,2.27,2.19,2.1
1995-12-01,2.31,2.29,2.19
1996-01-01,2.25,2.38,2.59
1996-02-01,2.25,2.3,1.92
1996-03-01,2.26,2.4,2.54
1996-04-01,2.22,2.24,2.09
1996-05-01,2.25,2.31,2.51
1996-06-01,2.29,2.28,2.05
1996-07-01,2.32,2.26,2.48
1996-08-01,2.31,2.31,2.22
1996-09-01,2.36,2.32,2.6
1996-10-01,2.34,2.44,2.81
1996-11-01,2.39,2.48,2.74
1996-12-01,2.38,2.48,2.06
1997-01-01,2.35,2.44,2.2
1997-02-01,2.36,2.4,2.02
1997-03-01,2.31,2.29,1.91
1997-04-01,2.31,2.17,2.12
1997-05-01,2.22,1.97,1.5
1997-06-01,2.22,1.95,1.98
1997-07-01,2.13,1.83,1.43
1997-08-01,2.06,1.72,1.4
1997-09-01,2.05,1.81,2.44
1997-10-01,1.9,1.63,1.03
1997-11-01,1.8,1.64,1.56
1997-12-01,1.73,1.5,1.13
1998-01-01,1.66,1.49,1.39
1998-02-01,1.61,1.49,1.41
1998-03-01,1.65,1.49,2.4
1998-04-01,1.63,1.63,1.91
1998-05-01,1.71,1.78,2.42
1998-06-01,1.64,1.78,1.19
1998-07-01,1.69,1.88,1.99
1998-08-01,1.75,2.01,2.13
1998-09-01,1.7,1.91,1.81
1998-10-01,1.77,1.9,1.88
1998-11-01,1.78,1.79,1.74
1998-12-01,1.81,1.84,1.49
1999-01-01,1.84,1.8,1.77
1999-02-01,1.8,1.59,0.83
1999-03-01,1.72,1.54,1.52
1999-04-01,1.77,1.64,2.53
1999-05-01,1.73,1.66,1.85
1999-06-01,1.76,1.67,1.53
1999-07-01,1.79,1.78,2.43
1999-08-01,1.75,1.91,1.63
1999-09-01,1.8,2.06,2.37
1999-10-01,1.81,1.97,2
1999-11-01,1.84,2.02,2.18
1999-12-01,1.88,2.08,1.9
2000-01-01,2,2.21,3.2
2000-02-01,2.12,2.33,2.36
2000-03-01,2.24,2.42,2.86
2000-04-01,2.18,2.38,1.82
2000-05-01,2.22,2.41,2.35
2000-06-01,2.27,2.46,2.17
2000-07-01,2.3,2.38,2.76
2000-08-01,2.32,2.31,1.93
2000-09-01,2.39,2.36,3.13
2000-10-01,2.42,2.45,2.41
2000-11-01,2.45,2.49,2.58
2000-12-01,2.5,2.54,2.42
2001-01-01,2.52,2.66,3.48
2001-02-01,2.54,2.76,2.55
2001-03-01,2.5,2.64,2.38
2001-04-01,2.59,2.72,2.91
2001-05-01,2.59,2.68,2.37
2001-06-01,2.67,2.81,3.2
2001-07-01,2.63,2.61,2.25
2001-08-01,2.65,2.55,2.17
2001-09-01,2.53,2.43,1.72
2001-10-01,2.5,2.28,2.01
2001-11-01,2.47,2.25,2.16
2001-12-01,2.37,1.93,1.25
2002-01-01,2.24,1.87,1.89
2002-02-01,2.23,1.91,2.44
2002-03-01,2.22,2,2.28
2002-04-01,2.17,2.06,2.32
2002-05-01,2.11,1.97,1.65
2002-06-01,2.01,2.09,1.99
2002-07-01,2.03,2.19,2.44
2002-08-01,2,2.1,1.91
2002-09-01,2.07,2.14,2.51
2002-10-01,2.08,2.11,2.17
2002-11-01,2.06,2.16,1.91
2002-12-01,2.1,2.1,1.67
2003-01-01,2.08,1.97,1.65
2003-02-01,2.01,1.92,1.6
2003-03-01,1.99,1.84,2.07
2003-04-01,1.84,1.58,0.56
2003-05-01,1.82,1.49,1.42
2003-06-01,1.74,1.38,1
2003-07-01,1.77,1.57,2.78
2003-08-01,1.8,1.67,2.24
2003-09-01,1.75,1.65,1.94
2003-10-01,1.73,1.89,1.99
2003-11-01,1.74,1.99,1.98
2003-12-01,1.74,2.1,1.65
2004-01-01,1.81,2.05,2.51
2004-02-01,1.88,2.09,2.46
2004-03-01,1.88,2.11,2.09
2004-04-01,2.11,2.34,3.34
2004-05-01,2.21,2.43,2.52
2004-06-01,2.33,2.56,2.42
2004-07-01,2.26,2.47,1.97
2004-08-01,2.2,2.31,1.52
2004-09-01,2.19,2.27,1.86
2004-10-01,2.21,2.09,2.24
2004-11-01,2.25,2.07,2.42
2004-12-01,2.27,1.99,1.94
2005-01-01,2.37,2.26,3.61
2005-02-01,2.38,2.46,2.68
2005-03-01,2.39,2.52,2.22
2005-04-01,2.29,2.49,2.06
2005-05-01,2.25,2.43,2.07
2005-06-01,2.18,2.37,1.61
2005-07-01,2.25,2.24,2.81
2005-08-01,2.29,2.11,1.92
2005-09-01,2.39,2.27,3.18
2005-10-01,2.45,2.41,2.88
2005-11-01,2.46,2.5,2.6
2005-12-01,2.44,2.5,1.63
2006-01-01,2.39,2.53,3
2006-02-01,2.34,2.56,2.08
2006-03-01,2.38,2.49,2.76
2006-04-01,2.47,2.54,3.18
2006-05-01,2.61,2.72,3.68
2006-06-01,2.78,3.06,3.68
2006-07-01,2.79,3.05,2.95
2006-08-01,2.86,3.17,2.75
2006-09-01,2.78,3.06,2.13
2006-10-01,2.71,2.87,2.05
2006-11-01,2.57,2.41,0.94
2006-12-01,2.67,2.28,2.91
2007-01-01,2.71,2.37,3.48
2007-02-01,2.82,2.48,3.37
2007-03-01,2.77,2.47,2.11
2007-04-01,2.66,2.46,1.96
2007-05-01,2.51,2.61,1.86
2007-06-01,2.41,2.54,2.49
2007-07-01,2.35,2.32,2.15
2007-08-01,2.3,2.12,2.17
2007-09-01,2.38,2.29,3.11
2007-10-01,2.47,2.47,3.08
2007-11-01,2.66,2.71,3.27
2007-12-01,2.63,2.72,2.56
2008-01-01,2.56,2.81,2.66
2008-02-01,2.44,2.76,1.89
2008-03-01,2.48,2.67,2.58
2008-04-01,2.51,2.54,2.27
2008-05-01,2.55,2.39,2.4
2008-06-01,2.6,2.47,3.05
2008-07-01,2.69,2.57,3.25
2008-08-01,2.64,2.51,1.54
2008-09-01,2.57,2.46,2.28
2008-10-01,2.44,2.34,1.51
2008-11-01,2.35,2.3,2.17
2008-12-01,2.21,1.94,0.93
2009-01-01,2.22,1.88,2.83
2009-02-01,2.22,1.92,1.83
2009-03-01,2.14,1.81,1.59
2009-04-01,2.08,1.82,1.6
2009-05-01,1.99,1.69,1.37
2009-06-01,1.86,1.77,1.42
2009-07-01,1.62,1.36,0.34
2009-08-01,1.6,1.28,1.4
2009-09-01,1.48,1.15,0.77
2009-10-01,1.5,1.18,1.83
2009-11-01,1.38,1.08,0.73
2009-12-01,1.36,0.95,0.66
2010-01-01,1.2,1.04,0.89
2010-02-01,1.08,0.89,0.44
2010-03-01,1,0.85,0.58
2010-04-01,0.93,0.67,0.74
2010-05-01,0.88,0.67,0.72
2010-06-01,0.81,0.67,0.65
2010-07-01,0.85,0.66,0.82
2010-08-01,0.85,0.81,1.33
2010-09-01,0.88,0.91,1.19
2010-10-01,0.8,0.92,0.82
2010-11-01,0.85,1.03,1.38
2010-12-01,0.89,1.12,1.18
2011-01-01,1,1.34,2.17
2011-02-01,1.16,1.51,2.36
2011-03-01,1.29,1.67,2.15
2011-04-01,1.42,1.92,2.28
2011-05-01,1.56,2.09,2.44
2011-06-01,1.62,2.12,1.33
2011-07-01,1.7,2.06,1.78
2011-08-01,1.79,2.07,2.43
2011-09-01,1.84,2,1.75
2011-10-01,1.93,1.93,1.87
2011-11-01,1.99,1.88,2.15
2011-12-01,2.06,1.99,1.96
2012-01-01,2.09,2.12,2.59
2012-02-01,2.02,1.97,1.53
2012-03-01,2.02,2.04,2.13
2012-04-01,1.99,2.04,1.91
2012-05-01,1.92,1.95,1.59
2012-06-01,1.9,1.81,1.12
2012-07-01,1.84,1.57,1.15
2012-08-01,1.79,1.6,1.74
2012-09-01,1.79,1.55,1.81
2012-10-01,1.78,1.51,1.67
2012-11-01,1.7,1.44,1.19
2012-12-01,1.62,1.43,1.04
2013-01-01,1.57,1.57,1.98
2013-02-01,1.61,1.62,2.04
2013-03-01,1.56,1.56,1.47
2013-04-01,1.42,1.34,0.3
2013-05-01,1.4,1.36,1.32
2013-06-01,1.5,1.57,2.32
2013-07-01,1.55,1.53,1.75
2013-08-01,1.54,1.45,1.57
2013-09-01,1.52,1.48,1.64
2013-10-01,1.52,1.71,1.69
2013-11-01,1.59,1.83,2.02
2013-12-01,1.65,1.73,1.72
2014-01-01,1.63,1.73,1.76
2014-02-01,1.57,1.7,1.35
2014-03-01,1.59,1.7,1.66
2014-04-01,1.72,1.73,1.9
2014-05-01,1.77,1.72,1.91
2014-06-01,1.72,1.71,1.68
2014-07-01,1.73,1.73,1.89
2014-08-01,1.69,1.68,1.03
2014-09-01,1.7,1.7,1.79
2014-10-01,1.68,1.63,1.45
2014-11-01,1.64,1.57,1.57
2014-12-01,1.6,1.49,1.22
2015-01-01,1.49,1.24,0.41
2015-02-01,1.55,1.43,2.14
2015-03-01,1.55,1.4,1.64
2015-04-01,1.57,1.52,2.15
2015-05-01,1.55,1.53,1.63
2015-06-01,1.57,1.64,1.9
2015-07-01,1.55,1.85,1.66
2015-08-01,1.57,1.71,1.27
2015-09-01,1.56,1.71,1.68
2015-10-01,1.52,1.53,1.03
2015-11-01,1.49,1.46,1.23
2015-12-01,1.48,1.32,1.03
2016-01-01,1.6,1.35,1.84
2016-02-01,1.59,1.47,2.02
2016-03-01,1.62,1.52,1.96
2016-04-01,1.64,1.75,2.44
2016-05-01,1.68,1.9,2.13
2016-06-01,1.66,2,1.65
2016-07-01,1.67,1.99,1.77
2016-08-01,1.71,1.95,1.75
2016-09-01,1.74,1.96,2.02
2016-10-01,1.82,1.89,2.04
2016-11-01,1.85,1.79,1.54
2016-12-01,1.91,1.81,1.76
2017-01-01,1.95,1.9,2.3
2017-02-01,1.91,1.87,1.54
2017-03-01,1.84,1.72,1.14
2017-04-01,1.78,1.66,1.71
2017-05-01,1.68,1.57,1
2017-06-01,1.68,1.55,1.64
2017-07-01,1.64,1.37,1.21
2017-08-01,1.64,1.42,1.85
2017-09-01,1.63,1.54,1.86
2017-10-01,1.63,1.6,2.04
2017-11-01,1.65,1.73,1.8
2017-12-01,1.66,1.78,1.89
2018-01-01,1.72,2.08,3.04
2018-02-01,1.75,2.08,1.84
2018-03-01,1.79,2.05,1.68
2018-04-01,1.76,1.92,1.29
2018-05-01,1.86,1.98,2.19
2018-06-01,1.9,2.02,2.1
2018-07-01,1.93,1.79,1.64
2018-08-01,1.93,1.78,1.78
2018-09-01,1.94,1.84,2.05
2018-10-01,1.96,2,2.28
2018-11-01,2.02,2.06,2.54
2018-12-01,2.02,2.01,1.79
2019-01-01,1.91,2.03,1.77
2019-02-01,1.97,2.16,2.55
2019-03-01,2.01,2.18,2.14
2019-04-01,2.13,2.26,2.75
2019-05-01,2.04,2.02,1.1
2019-06-01,2,1.99,1.64
2019-07-01,2.04,2.04,2.05
2019-08-01,2.05,1.94,1.98
2019-09-01,1.99,1.8,1.27
2019-10-01,1.97,1.68,2.02
2019-11-01,1.88,1.75,1.54
2019-12-01,1.88,1.78,1.81
2020-01-01,1.93,1.82,2.31
2020-02-01,1.93,1.91,2.53
2020-03-01,1.85,1.9,1.18
2020-04-01,1.73,1.79,1.39
2020-05-01,1.79,1.83,1.76
2020-06-01,1.79,1.8,1.63
2020-07-01,1.84,1.86,2.71
2020-08-01,1.84,1.78,2
2020-09-01,1.85,1.8,1.32
2020-10-01,1.8,1.81,1.44
2020-11-01,1.75,1.68,0.99
2020-12-01,1.74,1.68,1.63
2021-01-01,1.74,1.62,2.37
2021-02-01,1.73,1.69,2.42
2021-03-01,1.83,1.86,2.33
2021-04-01,1.94,2.08,2.73
2021-05-01,2.05,2.43,3.12
2021-06-01,2.12,2.57,2.47
2021-07-01,2.15,2.69,3.07
2021-08-01,2.26,2.84,3.32
2021-09-01,2.52,3.18,4.39
2021-10-01,2.81,3.56,4.99
2021-11-01,3.09,3.75,4.31
2021-12-01,3.36,4.15,4.82
2022-01-01,3.7,4.72,6.5
2022-02-01,3.91,4.99,4.93
2022-03-01,4,4.82,3.4
2022-04-01,4.07,4.58,3.53
2022-05-01,4.27,4.79,5.57
2022-06-01,4.66,5.17,7.15
2022-07-01,4.76,4.81,4.31
2022-08-01,5.01,5.02,6.23
2022-09-01,4.99,5.16,4.21
2022-10-01,5.01,5.45,5.26
2022-11-01,4.97,5.15,3.79
2022-12-01,4.92,4.67,4.21
2023-01-01,4.85,4.89,5.65
2023-02-01,4.82,4.61,4.55
2023-03-01,4.86,4.55,3.87
2023-04-01,4.91,4.38,4.2
2023-05-01,4.76,4.36,3.72
2023-06-01,4.37,4.07,2.46
2023-07-01,4.23,3.57,2.63
2023-08-01,3.91,3.22,2.45
2023-09-01,3.83,3.11,3.19
2023-10-01,3.6,2.83,2.55
2023-11-01,3.45,2.54,1.93
2023-12-01,3.27,2.47,2.1
2024-01-01,3.25,2.94,5.44
2024-02-01,3.16,3.1,3.44
2024-03-01,3.14,3.17,3.6
2024-04-01,3.02,3.2,2.74
2024-05-01,2.9,3.27,2.35
2024-06-01,2.91,3.34,2.51
2024-07-01,2.86,2.78,2.03
2024-08-01,2.81,2.53,1.94
2024-09-01,2.8,2.44,3.05
2024-10-01,2.87,2.55,3.41
2024-11-01,2.9,2.52,2.2
2024-12-01,2.98,2.61,3.06
2025-01-01,2.77,2.76,2.93
2025-02-01,2.73,2.93,2.91
2025-03-01,2.65,2.86,2.65
2025-04-01,2.64,2.74,2.68
2025-05-01,2.61,2.7,1.96
2025-06-01,2.7,2.79,3.59
2025-07-01,2.69,2.61,1.9
2025-08-01,2.8,2.67,3.25
2025-09-01,2.7,2.55,1.91
2025-10-01,2.55,2.36,1.57
2025-11-01,2.51,2.32,1.73
2025-12-01,2.44,2.09,2.19
2026-01-01,2.41,2.22,2.66
2026-02-01,2.34,2,1.97
2026-03-01,2.36,2.17,2.94
2026-04-01,2.35,2.35,2.62
2026-05-01,2.43,2.54,2.84
2026-06-01,2.26,2.43,1.54
2026-07-01,2.28,2.35,2.2
1977-07-01,NA,5.98,5.69
1977-08-01,NA,5.84,6.19
1977-09-01,NA,5.59,4.92
1977-10-01,NA,5.57,4.65
1977-11-01,NA,5.71,6.58
1977-12-01,NA,5.59,5.53
1977-02-01,NA,NA,7.01
1977-03-01,NA,NA,6.45
1977-04-01,NA,NA,4.75
1977-05-01,NA,NA,5.76
1977-06-01,NA,NA,6.23
