date,trend_low,trend,trend_high
1960-01-01,1.19,1.51,1.84
1960-02-01,1.22,1.52,1.84
1960-03-01,1.23,1.53,1.84
1960-04-01,1.22,1.52,1.81
1960-05-01,1.05,1.36,1.64
1960-06-01,1.03,1.3,1.59
1960-07-01,1.23,1.49,1.75
1960-08-01,1.31,1.57,1.85
1960-09-01,1.34,1.6,1.86
1960-10-01,1.13,1.38,1.65
1960-11-01,1.01,1.27,1.54
1960-12-01,1.06,1.32,1.58
1961-01-01,0.77,1.05,1.32
1961-02-01,0.9,1.16,1.41
1961-03-01,0.87,1.13,1.39
1961-04-01,0.95,1.2,1.47
1961-05-01,1.11,1.38,1.65
1961-06-01,1.15,1.39,1.64
1961-07-01,1.12,1.36,1.61
1961-08-01,1.09,1.33,1.59
1961-09-01,1.07,1.32,1.57
1961-10-01,1.02,1.27,1.53
1961-11-01,1.07,1.32,1.57
1961-12-01,1.13,1.37,1.63
1962-01-01,1.39,1.66,1.93
1962-02-01,1.37,1.62,1.87
1962-03-01,1.37,1.62,1.88
1962-04-01,1.07,1.32,1.57
1962-05-01,0.82,1.07,1.32
1962-06-01,0.84,1.09,1.35
1962-07-01,0.71,0.97,1.23
1962-08-01,0.52,0.78,1.04
1962-09-01,0.74,1,1.25
1962-10-01,0.83,1.08,1.32
1962-11-01,0.99,1.25,1.49
1962-12-01,0.94,1.2,1.45
1963-01-01,1.15,1.43,1.69
1963-02-01,0.93,1.2,1.47
1963-03-01,0.94,1.2,1.45
1963-04-01,1.2,1.47,1.73
1963-05-01,1.41,1.68,1.94
1963-06-01,1.42,1.7,1.98
1963-07-01,1.36,1.62,1.86
1963-08-01,1.38,1.64,1.89
1963-09-01,1.54,1.79,2.04
1963-10-01,1.69,1.94,2.2
1963-11-01,1.76,2.02,2.28
1963-12-01,1.58,1.84,2.12
1964-01-01,1.35,1.62,1.88
1964-02-01,1.29,1.53,1.79
1964-03-01,1.18,1.44,1.69
1964-04-01,1.06,1.31,1.56
1964-05-01,0.96,1.2,1.45
1964-06-01,0.96,1.22,1.47
1964-07-01,0.96,1.19,1.46
1964-08-01,0.98,1.23,1.48
1964-09-01,0.96,1.22,1.47
1964-10-01,1.04,1.3,1.54
1964-11-01,1.12,1.36,1.61
1964-12-01,1.12,1.35,1.6
1965-01-01,1.28,1.53,1.8
1965-02-01,1.32,1.59,1.84
1965-03-01,1.25,1.53,1.81
1965-04-01,1.47,1.73,2
1965-05-01,1.6,1.85,2.12
1965-06-01,1.52,1.77,2.03
1965-07-01,1.21,1.47,1.74
1965-08-01,1.19,1.45,1.73
1965-09-01,1.32,1.6,1.87
1965-10-01,1.46,1.73,2
1965-11-01,1.71,1.96,2.23
1965-12-01,2.08,2.34,2.61
1966-01-01,2.26,2.52,2.8
1966-02-01,2.48,2.76,3.04
1966-03-01,2.59,2.87,3.14
1966-04-01,2.94,3.21,3.48
1966-05-01,2.97,3.24,3.51
1966-06-01,3.16,3.43,3.7
1966-07-01,3.27,3.53,3.8
1966-08-01,3.27,3.51,3.79
1966-09-01,3.31,3.57,3.85
1966-10-01,3.3,3.56,3.84
1966-11-01,3.21,3.47,3.75
1966-12-01,2.88,3.14,3.4
1967-01-01,2.46,2.74,2.99
1967-02-01,2.26,2.52,2.8
1967-03-01,2.24,2.51,2.78
1967-04-01,2.63,2.88,3.16
1967-05-01,2.74,3,3.28
1967-06-01,2.96,3.24,3.51
1967-07-01,3.31,3.59,3.87
1967-08-01,3.55,3.83,4.09
1967-09-01,3.64,3.9,4.18
1967-10-01,3.76,4.04,4.31
1967-11-01,3.99,4.27,4.54
1967-12-01,4.3,4.57,4.86
1968-01-01,4.6,4.94,5.25
1968-02-01,4.66,4.96,5.3
1968-03-01,4.62,4.94,5.28
1968-04-01,4.42,4.73,5.05
1968-05-01,4.34,4.62,4.92
1968-06-01,4.44,4.72,5
1968-07-01,4.3,4.59,4.85
1968-08-01,4.44,4.7,4.98
1968-09-01,4.37,4.64,4.91
1968-10-01,4.47,4.76,5.01
1968-11-01,4.44,4.71,4.98
1968-12-01,4.4,4.68,4.95
1969-01-01,4.47,4.77,5.07
1969-02-01,4.42,4.71,5.01
1969-03-01,4.9,5.19,5.47
1969-04-01,4.97,5.24,5.53
1969-05-01,4.75,5.02,5.3
1969-06-01,4.54,4.82,5.11
1969-07-01,4.68,4.95,5.24
1969-08-01,4.41,4.69,4.97
1969-09-01,4.6,4.88,5.17
1969-10-01,4.49,4.78,5.05
1969-11-01,4.47,4.75,5.03
1969-12-01,4.39,4.66,4.95
1970-01-01,4.19,4.49,4.78
1970-02-01,4.38,4.67,4.95
1970-03-01,4.18,4.47,4.76
1970-04-01,4.3,4.6,4.9
1970-05-01,4.02,4.31,4.61
1970-06-01,4.16,4.45,4.74
1970-07-01,4.22,4.51,4.77
1970-08-01,4.14,4.43,4.73
1970-09-01,4.54,4.84,5.13
1970-10-01,4.82,5.12,5.43
1970-11-01,4.92,5.2,5.5
1970-12-01,4.72,5.02,5.31
1971-01-01,4.5,4.8,5.11
1971-02-01,4.36,4.66,4.94
1971-03-01,4.3,4.59,4.89
1971-04-01,4.59,4.88,5.18
1971-05-01,4.48,4.76,5.04
1971-06-01,4.45,4.74,5.04
1971-07-01,4.22,4.51,4.82
1971-08-01,3.95,4.27,4.59
1971-09-01,3.26,3.56,3.87
1971-10-01,2.71,3.04,3.36
1971-11-01,2.83,3.15,3.46
1971-12-01,3.23,3.53,3.86
1972-01-01,3.45,3.78,4.1
1972-02-01,3.03,3.33,3.65
1972-03-01,2.66,2.96,3.27
1972-04-01,2.69,3.01,3.32
1972-05-01,2.69,3.01,3.33
1972-06-01,2.81,3.12,3.45
1972-07-01,3.11,3.42,3.74
1972-08-01,3,3.33,3.66
1972-09-01,3.19,3.51,3.85
1972-10-01,3.01,3.35,3.7
1972-11-01,3.11,3.46,3.77
1972-12-01,3.22,3.56,3.89
1973-01-01,3.23,3.58,3.94
1973-02-01,3.92,4.27,4.61
1973-03-01,4.53,4.87,5.2
1973-04-01,4.97,5.3,5.67
1973-05-01,4.64,4.99,5.34
1973-06-01,4.72,5.09,5.45
1973-07-01,4.43,4.81,5.18
1973-08-01,4.5,4.87,5.26
1973-09-01,4.67,5.05,5.42
1973-10-01,4.85,5.22,5.59
1973-11-01,5.49,5.87,6.25
1973-12-01,5.83,6.2,6.57
1974-01-01,6.77,7.15,7.51
1974-02-01,7.45,7.83,8.21
1974-03-01,8.49,8.87,9.27
1974-04-01,9.33,9.71,10.09
1974-05-01,10.23,10.64,11.06
1974-06-01,10.55,10.98,11.39
1974-07-01,10.6,11.1,11.61
1974-08-01,10.63,11.05,11.48
1974-09-01,10.36,10.77,11.19
1974-10-01,9.85,10.26,10.67
1974-11-01,9.35,9.73,10.1
1974-12-01,8.85,9.22,9.61
1975-01-01,7.76,8.15,8.53
1975-02-01,7.34,7.72,8.09
1975-03-01,6.04,6.41,6.82
1975-04-01,5.79,6.16,6.54
1975-05-01,5.11,5.47,5.87
1975-06-01,5.27,5.65,6.02
1975-07-01,5.25,5.64,6.04
1975-08-01,5.26,5.63,6
1975-09-01,5.93,6.32,6.72
1975-10-01,6,6.39,6.78
1975-11-01,6.45,6.85,7.25
1975-12-01,6.25,6.66,7.04
1976-01-01,5.98,6.35,6.73
1976-02-01,5.7,6.06,6.45
1976-03-01,5.41,5.79,6.16
1976-04-01,5.3,5.68,6.07
1976-05-01,5.4,5.77,6.14
1976-06-01,5.38,5.77,6.13
1976-07-01,5.61,5.97,6.34
1976-08-01,5.71,6.09,6.47
1976-09-01,5.96,6.32,6.69
1976-10-01,5.93,6.3,6.67
1976-11-01,6.15,6.54,6.93
1976-12-01,6.21,6.59,6.97
1977-01-01,6.51,6.9,7.29
1977-02-01,6.36,6.78,7.18
1977-03-01,6.31,6.7,7.1
1977-04-01,6.09,6.5,6.9
1977-05-01,6.08,6.46,6.86
1977-06-01,6.27,6.66,7.06
1977-07-01,6.05,6.44,6.84
1977-08-01,5.9,6.3,6.67
1977-09-01,5.66,6.08,6.46
1977-10-01,5.58,6,6.38
1977-11-01,5.67,6.06,6.46
1977-12-01,5.81,6.2,6.6
1978-01-01,5.89,6.29,6.71
1978-02-01,6.12,6.53,6.93
1978-03-01,6.31,6.71,7.1
1978-04-01,6.56,6.97,7.36
1978-05-01,6.64,7.03,7.43
1978-06-01,6.59,6.97,7.38
1978-07-01,6.63,7.05,7.46
1978-08-01,6.71,7.12,7.53
1978-09-01,6.82,7.21,7.6
1978-10-01,7.03,7.44,7.85
1978-11-01,6.85,7.27,7.66
1978-12-01,6.75,7.17,7.58
1979-01-01,7.18,7.61,8.02
1979-02-01,7.24,7.63,8.03
1979-03-01,7.13,7.53,7.91
1979-04-01,7.02,7.43,7.85
1979-05-01,7.05,7.43,7.83
1979-06-01,7.03,7.45,7.84
1979-07-01,7.34,7.78,8.17
1979-08-01,7.69,8.09,8.51
1979-09-01,7.92,8.35,8.76
1979-10-01,8.43,8.86,9.29
1979-11-01,9,9.42,9.85
1979-12-01,9.32,9.73,10.17
1980-01-01,9.69,10.12,10.54
1980-02-01,9.91,10.35,10.8
1980-03-01,9.62,10.06,10.49
1980-04-01,9.16,9.57,9.98
1980-05-01,8.95,9.35,9.76
1980-06-01,8.67,9.09,9.5
1980-07-01,8.44,8.84,9.26
1980-08-01,8.47,8.85,9.26
1980-09-01,8.58,8.96,9.38
1980-10-01,8.27,8.67,9.08
1980-11-01,8.21,8.64,9.03
1980-12-01,8.24,8.65,9.08
1981-01-01,8.38,8.8,9.26
1981-02-01,8.3,8.71,9.16
1981-03-01,7.85,8.24,8.64
1981-04-01,7.65,8.05,8.46
1981-05-01,7.43,7.84,8.26
1981-06-01,7.25,7.63,8.03
1981-07-01,7.22,7.64,8.04
1981-08-01,7.16,7.56,7.97
1981-09-01,7.06,7.46,7.87
1981-10-01,6.8,7.21,7.61
1981-11-01,6.44,6.85,7.25
1981-12-01,6.03,6.42,6.79
1982-01-01,5.99,6.37,6.78
1982-02-01,5.74,6.16,6.54
1982-03-01,5.48,5.88,6.28
1982-04-01,5.45,5.82,6.21
1982-05-01,5.49,5.88,6.26
1982-06-01,5.51,5.9,6.29
1982-07-01,5.33,5.74,6.12
1982-08-01,5.02,5.42,5.82
1982-09-01,5,5.4,5.79
1982-10-01,5.08,5.47,5.87
1982-11-01,4.8,5.18,5.57
1982-12-01,4.69,5.08,5.47
1983-01-01,4.69,5.08,5.48
1983-02-01,4.35,4.74,5.14
1983-03-01,4.12,4.49,4.88
1983-04-01,3.98,4.36,4.75
1983-05-01,3.67,4.06,4.45
1983-06-01,3.6,3.98,4.39
1983-07-01,3.74,4.13,4.5
1983-08-01,3.69,4.09,4.47
1983-09-01,3.74,4.12,4.49
1983-10-01,3.76,4.14,4.5
1983-11-01,3.75,4.11,4.47
1983-12-01,3.56,3.93,4.29
1984-01-01,3.73,4.08,4.46
1984-02-01,3.71,4.06,4.43
1984-03-01,3.52,3.89,4.23
1984-04-01,3.51,3.86,4.23
1984-05-01,3.27,3.63,3.99
1984-06-01,3.18,3.54,3.89
1984-07-01,3.22,3.59,3.96
1984-08-01,3.17,3.54,3.89
1984-09-01,3.13,3.49,3.87
1984-10-01,3.16,3.52,3.89
1984-11-01,3.22,3.59,3.93
1984-12-01,3.37,3.71,4.06
1985-01-01,3.54,3.88,4.25
1985-02-01,3.71,4.06,4.43
1985-03-01,3.6,3.97,4.32
1985-04-01,3.39,3.77,4.11
1985-05-01,3.32,3.66,4.02
1985-06-01,3.33,3.68,4.02
1985-07-01,3.16,3.51,3.85
1985-08-01,3.27,3.62,3.97
1985-09-01,3.32,3.67,4.02
1985-10-01,3.36,3.7,4.06
1985-11-01,3.28,3.61,3.97
1985-12-01,3.12,3.47,3.82
1986-01-01,3.1,3.45,3.79
1986-02-01,2.92,3.27,3.63
1986-03-01,2.83,3.18,3.53
1986-04-01,2.82,3.16,3.52
1986-05-01,2.9,3.27,3.6
1986-06-01,3.05,3.4,3.74
1986-07-01,3.04,3.37,3.71
1986-08-01,3.11,3.44,3.78
1986-09-01,3.15,3.48,3.82
1986-10-01,3.22,3.55,3.89
1986-11-01,3.27,3.62,3.95
1986-12-01,3.37,3.69,4.02
1987-01-01,3.55,3.91,4.25
1987-02-01,3.52,3.84,4.18
1987-03-01,3.57,3.89,4.23
1987-04-01,3.56,3.87,4.19
1987-05-01,3.53,3.84,4.14
1987-06-01,3.6,3.92,4.24
1987-07-01,3.57,3.89,4.21
1987-08-01,3.59,3.92,4.23
1987-09-01,3.66,3.97,4.28
1987-10-01,3.59,3.9,4.22
1987-11-01,3.61,3.93,4.26
1987-12-01,3.71,4.05,4.38
1988-01-01,4.14,4.45,4.77
1988-02-01,4.18,4.5,4.82
1988-03-01,4.27,4.59,4.9
1988-04-01,4.35,4.65,4.98
1988-05-01,4.22,4.53,4.84
1988-06-01,4.22,4.51,4.82
1988-07-01,4.25,4.55,4.86
1988-08-01,4.18,4.48,4.79
1988-09-01,4.28,4.57,4.88
1988-10-01,4.19,4.49,4.79
1988-11-01,4.03,4.33,4.62
1988-12-01,4.1,4.39,4.69
1989-01-01,4.17,4.47,4.77
1989-02-01,4.04,4.33,4.64
1989-03-01,3.9,4.19,4.49
1989-04-01,3.74,4.04,4.33
1989-05-01,3.66,3.96,4.25
1989-06-01,3.66,3.97,4.26
1989-07-01,3.67,3.97,4.26
1989-08-01,3.49,3.8,4.09
1989-09-01,3.56,3.86,4.15
1989-10-01,3.66,3.94,4.23
1989-11-01,3.78,4.06,4.34
1989-12-01,3.96,4.25,4.53
1990-01-01,4.02,4.33,4.64
1990-02-01,4.09,4.38,4.68
1990-03-01,4.04,4.34,4.64
1990-04-01,3.91,4.21,4.51
1990-05-01,3.94,4.25,4.54
1990-06-01,3.92,4.22,4.52
1990-07-01,3.92,4.2,4.5
1990-08-01,3.84,4.13,4.44
1990-09-01,3.73,4.01,4.29
1990-10-01,3.63,3.9,4.18
1990-11-01,3.44,3.74,4.02
1990-12-01,3.43,3.72,4.01
1991-01-01,3.56,3.86,4.18
1991-02-01,3.44,3.71,4.03
1991-03-01,3.27,3.56,3.86
1991-04-01,3.23,3.52,3.8
1991-05-01,3.18,3.46,3.76
1991-06-01,3.06,3.34,3.63
1991-07-01,3.02,3.29,3.56
1991-08-01,3.02,3.29,3.56
1991-09-01,3.03,3.3,3.58
1991-10-01,2.94,3.23,3.5
1991-11-01,2.92,3.2,3.48
1991-12-01,2.91,3.18,3.44
1992-01-01,2.82,3.1,3.36
1992-02-01,2.82,3.09,3.36
1992-03-01,2.81,3.07,3.34
1992-04-01,2.77,3.04,3.3
1992-05-01,2.61,2.87,3.14
1992-06-01,2.55,2.82,3.08
1992-07-01,2.59,2.85,3.13
1992-08-01,2.55,2.8,3.08
1992-09-01,2.49,2.75,3.01
1992-10-01,2.44,2.71,2.98
1992-11-01,2.38,2.64,2.92
1992-12-01,2.38,2.64,2.91
1993-01-01,2.42,2.68,2.95
1993-02-01,2.43,2.7,2.97
1993-03-01,2.46,2.73,2.99
1993-04-01,2.49,2.77,3.04
1993-05-01,2.4,2.68,2.95
1993-06-01,2.2,2.46,2.72
1993-07-01,2.1,2.36,2.64
1993-08-01,2.02,2.3,2.57
1993-09-01,2.04,2.32,2.58
1993-10-01,2.09,2.36,2.63
1993-11-01,2.09,2.35,2.6
1993-12-01,2.07,2.31,2.58
1994-01-01,2.11,2.37,2.63
1994-02-01,2.15,2.42,2.66
1994-03-01,2.18,2.44,2.7
1994-04-01,2.14,2.39,2.65
1994-05-01,2.18,2.42,2.68
1994-06-01,2.15,2.41,2.66
1994-07-01,2.08,2.34,2.59
1994-08-01,1.96,2.23,2.49
1994-09-01,1.93,2.18,2.44
1994-10-01,1.93,2.18,2.44
1994-11-01,1.91,2.16,2.41
1994-12-01,1.85,2.11,2.36
1995-01-01,1.93,2.19,2.43
1995-02-01,2.01,2.26,2.52
1995-03-01,2.03,2.28,2.53
1995-04-01,2,2.25,2.52
1995-05-01,1.89,2.15,2.4
1995-06-01,1.82,2.06,2.33
1995-07-01,1.79,2.04,2.3
1995-08-01,1.82,2.07,2.32
1995-09-01,1.76,2,2.24
1995-10-01,1.78,2.03,2.26
1995-11-01,1.66,1.92,2.16
1995-12-01,1.68,1.93,2.18
1996-01-01,1.7,1.94,2.19
1996-02-01,1.77,2.01,2.24
1996-03-01,1.85,2.09,2.33
1996-04-01,1.8,2.06,2.3
1996-05-01,1.78,2.02,2.28
1996-06-01,1.73,1.99,2.23
1996-07-01,1.78,2.02,2.28
1996-08-01,1.78,2.02,2.26
1996-09-01,1.8,2.05,2.29
1996-10-01,1.79,2.03,2.28
1996-11-01,1.67,1.91,2.16
1996-12-01,1.58,1.81,2.05
1997-01-01,1.53,1.77,2.03
1997-02-01,1.57,1.81,2.07
1997-03-01,1.5,1.74,2
1997-04-01,1.42,1.66,1.91
1997-05-01,1.31,1.56,1.8
1997-06-01,1.29,1.54,1.77
1997-07-01,1.19,1.46,1.72
1997-08-01,1.16,1.43,1.68
1997-09-01,1.26,1.51,1.76
1997-10-01,1.28,1.53,1.78
1997-11-01,1.23,1.47,1.72
1997-12-01,1.22,1.49,1.74
1998-01-01,1.26,1.5,1.75
1998-02-01,1.24,1.49,1.74
1998-03-01,1.32,1.58,1.81
1998-04-01,1.3,1.56,1.8
1998-05-01,1.16,1.42,1.68
1998-06-01,1.03,1.3,1.56
1998-07-01,1.01,1.27,1.53
1998-08-01,0.99,1.27,1.52
1998-09-01,1.01,1.27,1.54
1998-10-01,0.99,1.25,1.53
1998-11-01,0.95,1.21,1.47
1998-12-01,0.9,1.16,1.42
1999-01-01,0.96,1.21,1.47
1999-02-01,0.94,1.18,1.44
1999-03-01,1.02,1.27,1.51
1999-04-01,1.18,1.43,1.67
1999-05-01,1.17,1.41,1.66
1999-06-01,1.18,1.43,1.67
1999-07-01,1.32,1.55,1.79
1999-08-01,1.37,1.61,1.85
1999-09-01,1.5,1.74,1.97
1999-10-01,1.51,1.75,1.98
1999-11-01,1.55,1.79,2.03
1999-12-01,1.58,1.82,2.07
2000-01-01,1.65,1.9,2.15
2000-02-01,1.67,1.91,2.17
2000-03-01,1.72,1.96,2.22
2000-04-01,1.67,1.92,2.16
2000-05-01,1.72,1.97,2.2
2000-06-01,1.77,2.01,2.25
2000-07-01,1.84,2.08,2.33
2000-08-01,1.82,2.07,2.31
2000-09-01,1.89,2.12,2.37
2000-10-01,1.84,2.09,2.33
2000-11-01,1.84,2.09,2.32
2000-12-01,1.83,2.09,2.34
2001-01-01,1.85,2.11,2.36
2001-02-01,1.75,2.01,2.27
2001-03-01,1.68,1.94,2.18
2001-04-01,1.68,1.92,2.17
2001-05-01,1.65,1.9,2.14
2001-06-01,1.67,1.91,2.16
2001-07-01,1.57,1.81,2.06
2001-08-01,1.44,1.68,1.93
2001-09-01,1.39,1.64,1.89
2001-10-01,1.33,1.59,1.86
2001-11-01,1.38,1.63,1.89
2001-12-01,1.38,1.63,1.89
2002-01-01,1.44,1.68,1.93
2002-02-01,1.53,1.76,2
2002-03-01,1.57,1.81,2.05
2002-04-01,1.62,1.85,2.08
2002-05-01,1.57,1.8,2.04
2002-06-01,1.54,1.78,2.01
2002-07-01,1.57,1.8,2.04
2002-08-01,1.52,1.77,2
2002-09-01,1.52,1.75,1.97
2002-10-01,1.45,1.68,1.9
2002-11-01,1.43,1.66,1.88
2002-12-01,1.37,1.6,1.83
2003-01-01,1.35,1.6,1.83
2003-02-01,1.38,1.62,1.85
2003-03-01,1.31,1.56,1.79
2003-04-01,1.23,1.47,1.73
2003-05-01,1.29,1.55,1.78
2003-06-01,1.37,1.62,1.85
2003-07-01,1.55,1.78,2.02
2003-08-01,1.64,1.85,2.08
2003-09-01,1.72,1.95,2.18
2003-10-01,1.8,2.03,2.28
2003-11-01,1.84,2.07,2.3
2003-12-01,1.88,2.11,2.34
2004-01-01,1.94,2.17,2.42
2004-02-01,1.97,2.2,2.44
2004-03-01,2.01,2.24,2.49
2004-04-01,2.03,2.27,2.51
2004-05-01,1.91,2.13,2.36
2004-06-01,1.79,2.02,2.24
2004-07-01,1.66,1.9,2.13
2004-08-01,1.63,1.87,2.11
2004-09-01,1.73,1.97,2.2
2004-10-01,1.87,2.11,2.34
2004-11-01,1.96,2.19,2.43
2004-12-01,2,2.23,2.46
2005-01-01,2.11,2.35,2.6
2005-02-01,2.07,2.31,2.55
2005-03-01,2.08,2.31,2.54
2005-04-01,1.95,2.18,2.4
2005-05-01,1.85,2.08,2.32
2005-06-01,1.7,1.96,2.19
2005-07-01,1.81,2.03,2.26
2005-08-01,1.86,2.11,2.35
2005-09-01,2.08,2.31,2.57
2005-10-01,2.18,2.41,2.66
2005-11-01,2.25,2.48,2.71
2005-12-01,2.2,2.42,2.65
2006-01-01,2.28,2.5,2.73
2006-02-01,2.29,2.51,2.74
2006-03-01,2.34,2.57,2.8
2006-04-01,2.38,2.62,2.84
2006-05-01,2.38,2.6,2.85
2006-06-01,2.36,2.57,2.81
2006-07-01,2.22,2.45,2.68
2006-08-01,2.12,2.36,2.58
2006-09-01,1.98,2.22,2.45
2006-10-01,1.91,2.16,2.39
2006-11-01,1.84,2.08,2.3
2006-12-01,1.9,2.13,2.36
2007-01-01,2.01,2.23,2.48
2007-02-01,2.01,2.23,2.46
2007-03-01,1.86,2.09,2.32
2007-04-01,1.74,1.98,2.21
2007-05-01,1.71,1.95,2.19
2007-06-01,1.79,2,2.23
2007-07-01,1.8,2.03,2.26
2007-08-01,1.88,2.1,2.33
2007-09-01,1.97,2.2,2.43
2007-10-01,2,2.22,2.46
2007-11-01,2.03,2.26,2.49
2007-12-01,2.03,2.26,2.48
2008-01-01,2.06,2.3,2.52
2008-02-01,1.96,2.2,2.44
2008-03-01,1.96,2.2,2.45
2008-04-01,1.85,2.11,2.36
2008-05-01,1.87,2.14,2.39
2008-06-01,1.95,2.2,2.44
2008-07-01,1.86,2.11,2.37
2008-08-01,1.65,1.9,2.15
2008-09-01,1.5,1.76,2.01
2008-10-01,1.33,1.6,1.86
2008-11-01,1.2,1.47,1.74
2008-12-01,1.12,1.38,1.64
2009-01-01,1.04,1.31,1.58
2009-02-01,0.94,1.21,1.46
2009-03-01,0.89,1.16,1.42
2009-04-01,0.91,1.16,1.41
2009-05-01,0.87,1.11,1.35
2009-06-01,0.9,1.13,1.34
2009-07-01,0.8,1.03,1.25
2009-08-01,0.89,1.11,1.33
2009-09-01,0.86,1.09,1.33
2009-10-01,0.88,1.1,1.34
2009-11-01,0.78,1.01,1.22
2009-12-01,0.76,0.97,1.19
2010-01-01,0.74,0.97,1.2
2010-02-01,0.72,0.94,1.15
2010-03-01,0.74,0.96,1.17
2010-04-01,0.69,0.91,1.14
2010-05-01,0.73,0.94,1.17
2010-06-01,0.72,0.95,1.17
2010-07-01,0.77,1,1.22
2010-08-01,0.88,1.09,1.31
2010-09-01,1,1.22,1.44
2010-10-01,1.11,1.33,1.55
2010-11-01,1.3,1.51,1.73
2010-12-01,1.44,1.66,1.88
2011-01-01,1.66,1.88,2.11
2011-02-01,1.77,2,2.22
2011-03-01,1.82,2.04,2.26
2011-04-01,1.86,2.08,2.31
2011-05-01,1.89,2.11,2.34
2011-06-01,1.82,2.04,2.26
2011-07-01,1.83,2.05,2.27
2011-08-01,1.82,2.03,2.25
2011-09-01,1.69,1.91,2.12
2011-10-01,1.66,1.87,2.08
2011-11-01,1.7,1.9,2.12
2011-12-01,1.75,1.96,2.18
2012-01-01,1.82,2.04,2.26
2012-02-01,1.67,1.89,2.1
2012-03-01,1.64,1.86,2.08
2012-04-01,1.54,1.76,1.98
2012-05-01,1.4,1.61,1.82
2012-06-01,1.35,1.57,1.78
2012-07-01,1.34,1.56,1.77
2012-08-01,1.4,1.62,1.83
2012-09-01,1.45,1.67,1.87
2012-10-01,1.52,1.73,1.95
2012-11-01,1.44,1.65,1.87
2012-12-01,1.36,1.58,1.8
2013-01-01,1.38,1.59,1.8
2013-02-01,1.31,1.52,1.74
2013-03-01,1.27,1.49,1.71
2013-04-01,1.27,1.49,1.7
2013-05-01,1.27,1.48,1.7
2013-06-01,1.3,1.52,1.74
2013-07-01,1.24,1.46,1.67
2013-08-01,1.23,1.44,1.65
2013-09-01,1.22,1.43,1.65
2013-10-01,1.25,1.46,1.68
2013-11-01,1.29,1.52,1.73
2013-12-01,1.32,1.54,1.75
2014-01-01,1.33,1.55,1.77
2014-02-01,1.36,1.58,1.8
2014-03-01,1.45,1.67,1.9
2014-04-01,1.46,1.69,1.91
2014-05-01,1.45,1.67,1.88
2014-06-01,1.35,1.56,1.77
2014-07-01,1.38,1.6,1.8
2014-08-01,1.28,1.5,1.73
2014-09-01,1.29,1.51,1.73
2014-10-01,1.28,1.51,1.72
2014-11-01,1.22,1.44,1.67
2014-12-01,1.18,1.39,1.63
2015-01-01,1.19,1.42,1.64
2015-02-01,1.23,1.46,1.68
2015-03-01,1.22,1.44,1.66
2015-04-01,1.26,1.49,1.71
2015-05-01,1.3,1.52,1.74
2015-06-01,1.36,1.59,1.81
2015-07-01,1.3,1.52,1.74
2015-08-01,1.28,1.51,1.72
2015-09-01,1.32,1.55,1.77
2015-10-01,1.22,1.46,1.67
2015-11-01,1.11,1.35,1.58
2015-12-01,1.18,1.4,1.63
2016-01-01,1.42,1.65,1.88
2016-02-01,1.52,1.74,1.97
2016-03-01,1.51,1.73,1.96
2016-04-01,1.61,1.84,2.06
2016-05-01,1.54,1.76,2
2016-06-01,1.46,1.69,1.92
2016-07-01,1.46,1.7,1.93
2016-08-01,1.52,1.76,1.99
2016-09-01,1.58,1.8,2.04
2016-10-01,1.56,1.8,2.02
2016-11-01,1.5,1.74,1.97
2016-12-01,1.55,1.78,2.01
2017-01-01,1.69,1.91,2.16
2017-02-01,1.59,1.84,2.08
2017-03-01,1.41,1.65,1.88
2017-04-01,1.4,1.62,1.86
2017-05-01,1.31,1.55,1.78
2017-06-01,1.29,1.54,1.77
2017-07-01,1.38,1.62,1.86
2017-08-01,1.51,1.75,2.01
2017-09-01,1.53,1.78,2.01
2017-10-01,1.62,1.86,2.1
2017-11-01,1.6,1.83,2.07
2017-12-01,1.74,1.99,2.23
2018-01-01,1.85,2.1,2.36
2018-02-01,1.76,2.01,2.27
2018-03-01,1.8,2.04,2.3
2018-04-01,1.76,2,2.25
2018-05-01,1.62,1.86,2.12
2018-06-01,1.5,1.77,2.01
2018-07-01,1.53,1.78,2.03
2018-08-01,1.55,1.8,2.05
2018-09-01,1.57,1.82,2.08
2018-10-01,1.67,1.94,2.2
2018-11-01,1.82,2.08,2.35
2018-12-01,1.79,2.04,2.3
2019-01-01,1.72,1.98,2.23
2019-02-01,1.67,1.93,2.16
2019-03-01,1.64,1.89,2.13
2019-04-01,1.59,1.85,2.12
2019-05-01,1.58,1.84,2.1
2019-06-01,1.58,1.85,2.11
2019-07-01,1.46,1.73,1.98
2019-08-01,1.42,1.67,1.94
2019-09-01,1.43,1.71,1.98
2019-10-01,1.4,1.65,1.93
2019-11-01,1.42,1.69,1.96
2019-12-01,1.52,1.81,2.08
2020-01-01,1.71,1.99,2.27
2020-02-01,1.68,1.97,2.27
2020-03-01,1.63,1.95,2.26
2020-04-01,1.6,1.94,2.26
2020-05-01,1.63,1.92,2.22
2020-06-01,1.61,1.89,2.19
2020-07-01,1.7,1.99,2.29
2020-08-01,1.69,1.99,2.29
2020-09-01,1.65,1.95,2.25
2020-10-01,1.75,2.06,2.34
2020-11-01,1.78,2.08,2.4
2020-12-01,2.05,2.35,2.66
2021-01-01,2.33,2.62,2.93
2021-02-01,2.67,2.95,3.25
2021-03-01,3.07,3.39,3.71
2021-04-01,3.42,3.76,4.09
2021-05-01,3.61,3.93,4.27
2021-06-01,3.85,4.17,4.52
2021-07-01,3.94,4.25,4.59
2021-08-01,4.11,4.42,4.74
2021-09-01,4.5,4.82,5.17
2021-10-01,4.77,5.11,5.47
2021-11-01,4.82,5.16,5.53
2021-12-01,4.81,5.15,5.51
2022-01-01,4.9,5.24,5.62
2022-02-01,5.02,5.37,5.72
2022-03-01,5.02,5.36,5.71
2022-04-01,5.01,5.36,5.69
2022-05-01,5.11,5.45,5.79
2022-06-01,5.27,5.63,5.96
2022-07-01,5.11,5.44,5.78
2022-08-01,5.07,5.39,5.74
2022-09-01,4.79,5.11,5.47
2022-10-01,4.45,4.77,5.1
2022-11-01,4.41,4.72,5.03
2022-12-01,4.49,4.81,5.13
2023-01-01,4.3,4.64,4.96
2023-02-01,3.91,4.23,4.53
2023-03-01,3.36,3.68,3.98
2023-04-01,3.17,3.5,3.81
2023-05-01,3.01,3.33,3.64
2023-06-01,2.82,3.13,3.45
2023-07-01,2.7,3.01,3.31
2023-08-01,2.65,2.96,3.26
2023-09-01,2.73,3.04,3.35
2023-10-01,2.66,2.94,3.25
2023-11-01,2.62,2.93,3.25
2023-12-01,2.68,2.99,3.29
2024-01-01,2.96,3.27,3.59
2024-02-01,2.88,3.21,3.52
2024-03-01,2.78,3.09,3.41
2024-04-01,2.6,2.9,3.2
2024-05-01,2.42,2.74,3.05
2024-06-01,2.35,2.68,2.99
2024-07-01,2.5,2.81,3.12
2024-08-01,2.64,2.96,3.26
2024-09-01,2.69,3,3.31
2024-10-01,2.72,3.02,3.33
2024-11-01,2.56,2.87,3.19
2024-12-01,2.58,2.89,3.21
2025-01-01,2.74,3.05,3.37
2025-02-01,2.75,3.06,3.36
2025-03-01,2.79,3.1,3.42
2025-04-01,2.69,3.01,3.33
2025-05-01,2.66,2.97,3.28
2025-06-01,2.65,2.95,3.28
2025-07-01,2.61,2.93,3.25
2025-08-01,2.76,3.09,3.41
2025-09-01,2.52,2.85,3.16
2025-10-01,2.34,2.68,3.01
2025-11-01,2.48,2.82,3.15
2025-12-01,2.93,3.27,3.61
2026-01-01,2.98,3.33,3.68
2026-02-01,3.03,3.38,3.74
2026-03-01,3.08,3.44,3.81
2026-04-01,3.12,3.5,3.95
2026-05-01,2.81,3.17,3.56
2026-06-01,2.42,2.81,3.2
2026-07-01,2.22,2.67,3.09
