sector,imports_base,imports_recent,imports_change,tariff_rate_base,tariff_rate_recent
Copper,17.102,26.7,56.127,1.046,8.043
Aluminum,27.445,28.951,5.485,3.676,40.021
Trucks and vans,47.273,42.654,-9.771,0.238,10.05
Furniture,55.557,47.124,-15.179,4.669,16.598
Cell phones,50.953,50.935,-0.036,0,3.919
Steel,80.972,59.277,-26.793,4.424,35.14
Vehicle parts,86.685,81.82,-5.612,3.927,13.681
Apparel and footwear,107.588,100.463,-6.623,14.047,26.561
Passenger vehicles,217.133,170.524,-21.466,1.612,15.446
Pharmaceuticals,245.001,196.517,-19.789,0.028,0.339
Energy,241.334,215.365,-10.761,0.143,0.047
Food and farm goods,230.954,223.185,-3.364,1.53,7.063
Electrical equipment,251.717,248.496,-1.28,3.554,13.275
Semiconductors and telecom equipment,165.942,253.207,52.587,1.324,2.87
Machinery,313.227,304.632,-2.744,2.728,13.775
Computers and parts,217.375,521.226,139.782,0.42,0.763
