date,software,electricity
1978-01-01,0,0.092
1978-02-01,0,0.12
1978-03-01,0,0.112
1978-04-01,0,0.135
1978-05-01,0,0.166
1978-06-01,0,0.168
1978-07-01,0,0.147
1978-08-01,0,0.114
1978-09-01,0,0.106
1978-10-01,0,0.113
1978-11-01,0,0.1
1978-12-01,0,0.11
1979-01-01,0,0.125
1979-02-01,0,0.112
1979-03-01,0,0.112
1979-04-01,0,0.105
1979-05-01,0,0.103
1979-06-01,0,0.127
1979-07-01,-0,0.135
1979-08-01,-0,0.174
1979-09-01,-0,0.198
1979-10-01,-0,0.198
1979-11-01,-0,0.196
1979-12-01,-0,0.224
1980-01-01,-0,0.232
1980-02-01,-0,0.283
1980-03-01,-0,0.277
1980-04-01,-0,0.303
1980-05-01,-0,0.307
1980-06-01,-0,0.317
1980-07-01,-0,0.319
1980-08-01,-0,0.317
1980-09-01,-0.001,0.311
1980-10-01,-0.001,0.311
1980-11-01,-0.001,0.333
1980-12-01,-0.001,0.322
1981-01-01,-0.001,0.333
1981-02-01,-0.001,0.318
1981-03-01,-0,0.334
1981-04-01,-0,0.314
1981-05-01,-0,0.291
1981-06-01,-0,0.287
1981-07-01,-0,0.319
1981-08-01,-0,0.355
1981-09-01,-0,0.326
1981-10-01,-0,0.301
1981-11-01,-0,0.329
1981-12-01,-0,0.318
1982-01-01,-0,0.314
1982-02-01,-0,0.255
1982-03-01,-0,0.301
1982-04-01,-0,0.278
1982-05-01,-0.001,0.265
1982-06-01,-0.001,0.265
1982-07-01,-0.001,0.183
1982-08-01,-0.001,0.143
1982-09-01,-0.001,0.151
1982-10-01,-0.001,0.179
1982-11-01,-0.001,0.144
1982-12-01,-0.002,0.148
1983-01-01,-0.002,0.098
1983-02-01,-0.003,0.101
1983-03-01,-0.003,0.062
1983-04-01,-0.003,0.059
1983-05-01,-0.004,0.076
1983-06-01,-0.004,0.062
1983-07-01,-0.004,0.07
1983-08-01,-0.004,0.039
1983-09-01,-0.005,0.06
1983-10-01,-0.005,0.09
1983-11-01,-0.005,0.096
1983-12-01,-0.005,0.075
1984-01-01,-0.005,0.092
1984-02-01,-0.005,0.098
1984-03-01,-0.004,0.108
1984-04-01,-0.004,0.139
1984-05-01,-0.004,0.125
1984-06-01,-0.003,0.134
1984-07-01,-0.003,0.185
1984-08-01,-0.003,0.245
1984-09-01,-0.002,0.21
1984-10-01,-0.002,0.144
1984-11-01,-0.002,0.129
1984-12-01,-0.001,0.136
1985-01-01,-0.001,0.128
1985-02-01,-0.001,0.123
1985-03-01,-0,0.127
1985-04-01,-0.001,0.117
1985-05-01,-0.001,0.107
1985-06-01,-0.001,0.11
1985-07-01,-0.001,0.049
1985-08-01,-0.001,0.03
1985-09-01,-0.002,0.023
1985-10-01,-0.003,0.043
1985-11-01,-0.003,0.044
1985-12-01,-0.004,0.064
1986-01-01,-0.005,0.073
1986-02-01,-0.005,0.067
1986-03-01,-0.005,0.049
1986-04-01,-0.005,0.02
1986-05-01,-0.005,0.006
1986-06-01,-0.005,0.046
1986-07-01,-0.005,0.057
1986-08-01,-0.005,0.053
1986-09-01,-0.005,0.051
1986-10-01,-0.005,-0.025
1986-11-01,-0.005,-0.015
1986-12-01,-0.004,-0.035
1987-01-01,-0.004,-0.031
1987-02-01,-0.003,-0.046
1987-03-01,-0.003,-0.031
1987-04-01,-0.003,-0.031
1987-05-01,-0.003,-0.016
1987-06-01,-0.003,-0.015
1987-07-01,-0.004,-0.007
1987-08-01,-0.004,-0.001
1987-09-01,-0.004,-0.006
1987-10-01,-0.004,0.023
1987-11-01,-0.004,0.046
1987-12-01,-0.003,0.036
1988-01-01,-0.003,0.024
1988-02-01,-0.003,0.029
1988-03-01,-0.002,0.018
1988-04-01,-0.003,0.043
1988-05-01,-0.003,0.018
1988-06-01,-0.003,0.017
1988-07-01,-0.003,0.004
1988-08-01,-0.003,0.009
1988-09-01,-0.003,0.018
1988-10-01,-0.003,0.071
1988-11-01,-0.004,0.035
1988-12-01,-0.004,0.049
1989-01-01,-0.003,0.056
1989-02-01,-0.003,0.04
1989-03-01,-0.003,0.047
1989-04-01,-0.003,0.054
1989-05-01,-0.003,0.083
1989-06-01,-0.003,0.058
1989-07-01,-0.003,0.071
1989-08-01,-0.003,0.07
1989-09-01,-0.003,0.054
1989-10-01,-0.004,0.039
1989-11-01,-0.005,0.051
1989-12-01,-0.006,0.051
1990-01-01,-0.007,0.041
1990-02-01,-0.008,0.082
1990-03-01,-0.009,0.069
1990-04-01,-0.009,0.064
1990-05-01,-0.009,0.054
1990-06-01,-0.009,0.048
1990-07-01,-0.008,0.03
1990-08-01,-0.008,0.029
1990-09-01,-0.007,0.034
1990-10-01,-0.007,0.033
1990-11-01,-0.007,0.036
1990-12-01,-0.006,0.028
1991-01-01,-0.006,0.073
1991-02-01,-0.005,0.068
1991-03-01,-0.004,0.073
1991-04-01,-0.004,0.056
1991-05-01,-0.006,0.068
1991-06-01,-0.008,0.053
1991-07-01,-0.01,0.075
1991-08-01,-0.011,0.07
1991-09-01,-0.012,0.074
1991-10-01,-0.011,0.08
1991-11-01,-0.012,0.06
1991-12-01,-0.012,0.096
1992-01-01,-0.013,0.038
1992-02-01,-0.014,0.024
1992-03-01,-0.017,0.028
1992-04-01,-0.018,0.037
1992-05-01,-0.017,0.044
1992-06-01,-0.019,0.059
1992-07-01,-0.018,0.038
1992-08-01,-0.017,0.041
1992-09-01,-0.018,0.037
1992-10-01,-0.018,0.027
1992-11-01,-0.018,0.045
1992-12-01,-0.018,0.031
1993-01-01,-0.019,0.038
1993-02-01,-0.017,0.004
1993-03-01,-0.018,0.034
1993-04-01,-0.017,0.05
1993-05-01,-0.016,0.041
1993-06-01,-0.015,0.039
1993-07-01,-0.015,0.046
1993-08-01,-0.017,0.042
1993-09-01,-0.014,0.046
1993-10-01,-0.016,0.048
1993-11-01,-0.015,0.031
1993-12-01,-0.015,0.013
1994-01-01,-0.014,0.006
1994-02-01,-0.014,0.048
1994-03-01,-0.011,0.009
1994-04-01,-0.011,-0.015
1994-05-01,-0.012,-0.012
1994-06-01,-0.009,-0.008
1994-07-01,-0.01,-0.006
1994-08-01,-0.008,-0.003
1994-09-01,-0.008,-0.012
1994-10-01,-0.009,-0.012
1994-11-01,-0.012,0.01
1994-12-01,-0.01,0.008
1995-01-01,-0.011,0.033
1995-02-01,-0.014,0.029
1995-03-01,-0.015,0.031
1995-04-01,-0.015,0.036
1995-05-01,-0.016,0.031
1995-06-01,-0.019,0.044
1995-07-01,-0.02,0.031
1995-08-01,-0.022,0.057
1995-09-01,-0.025,0.028
1995-10-01,-0.025,0.056
1995-11-01,-0.024,0.049
1995-12-01,-0.026,0.049
1996-01-01,-0.027,0.035
1996-02-01,-0.029,0.038
1996-03-01,-0.031,0.039
1996-04-01,-0.034,0.061
1996-05-01,-0.036,0.043
1996-06-01,-0.035,0.006
1996-07-01,-0.036,0.033
1996-08-01,-0.035,0.016
1996-09-01,-0.035,0.048
1996-10-01,-0.034,0.018
1996-11-01,-0.036,0.006
1996-12-01,-0.041,0.013
1997-01-01,-0.041,0.016
1997-02-01,-0.039,0.021
1997-03-01,-0.039,0.018
1997-04-01,-0.036,0.006
1997-05-01,-0.038,0.017
1997-06-01,-0.04,0.043
1997-07-01,-0.039,0.011
1997-08-01,-0.042,-0.006
1997-09-01,-0.042,0
1997-10-01,-0.042,-0.005
1997-11-01,-0.041,0.017
1997-12-01,-0.037,-0.021
1998-01-01,-0.036,-0.033
1998-02-01,-0.035,-0.059
1998-03-01,-0.032,-0.066
1998-04-01,-0.031,-0.071
1998-05-01,-0.027,-0.057
1998-06-01,-0.024,-0.059
1998-07-01,-0.02,-0.06
1998-08-01,-0.018,-0.058
1998-09-01,-0.018,-0.078
1998-10-01,-0.017,-0.085
1998-11-01,-0.018,-0.077
1998-12-01,-0.016,-0.056
1999-01-01,-0.015,-0.043
1999-02-01,-0.015,-0.023
1999-03-01,-0.016,-0.011
1999-04-01,-0.017,-0.014
1999-05-01,-0.016,-0.023
1999-06-01,-0.016,-0.029
1999-07-01,-0.015,-0.022
1999-08-01,-0.011,-0.017
1999-09-01,-0.01,-0
1999-10-01,-0.006,0.014
1999-11-01,-0.003,0.006
1999-12-01,-0.003,0.009
2000-01-01,-0.001,0.007
2000-02-01,-0.002,0.013
2000-03-01,-0.003,0.008
2000-04-01,-0.001,0.011
2000-05-01,-0.001,0.008
2000-06-01,-0.002,0.025
2000-07-01,-0.007,0.036
2000-08-01,-0.007,0.036
2000-09-01,-0.006,0.038
2000-10-01,-0.012,0.028
2000-11-01,-0.011,0.034
2000-12-01,-0.012,0.038
2001-01-01,-0.015,0.08
2001-02-01,-0.014,0.064
2001-03-01,-0.013,0.069
2001-04-01,-0.015,0.077
2001-05-01,-0.014,0.104
2001-06-01,-0.014,0.15
2001-07-01,-0.012,0.139
2001-08-01,-0.012,0.135
2001-09-01,-0.015,0.121
2001-10-01,-0.011,0.116
2001-11-01,-0.006,0.103
2001-12-01,-0.004,0.097
2002-01-01,-0.005,0.044
2002-02-01,-0.006,0.041
2002-03-01,-0.008,0.039
2002-04-01,-0.006,0.019
2002-05-01,-0.009,0
2002-06-01,-0.008,-0.053
2002-07-01,-0.01,-0.061
2002-08-01,-0.011,-0.053
2002-09-01,-0.012,-0.044
2002-10-01,-0.011,-0.041
2002-11-01,-0.016,-0.032
2002-12-01,-0.017,-0.021
2003-01-01,-0.013,-0.014
2003-02-01,-0.013,-0.002
2003-03-01,-0.013,0.01
2003-04-01,-0.015,0.038
2003-05-01,-0.013,0.048
2003-06-01,-0.014,0.045
2003-07-01,-0.015,0.047
2003-08-01,-0.017,0.049
2003-09-01,-0.013,0.06
2003-10-01,-0.014,0.054
2003-11-01,-0.016,0.046
2003-12-01,-0.015,0.042
2004-01-01,-0.017,0.046
2004-02-01,-0.019,0.046
2004-03-01,-0.019,0.023
2004-04-01,-0.018,0.013
2004-05-01,-0.016,0.007
2004-06-01,-0.016,0.024
2004-07-01,-0.014,0.032
2004-08-01,-0.01,0.033
2004-09-01,-0.014,0.021
2004-10-01,-0.013,0.013
2004-11-01,-0.011,0.032
2004-12-01,-0.012,0.031
2005-01-01,-0.013,0.045
2005-02-01,-0.013,0.044
2005-03-01,-0.014,0.056
2005-04-01,-0.018,0.058
2005-05-01,-0.019,0.075
2005-06-01,-0.019,0.078
2005-07-01,-0.019,0.077
2005-08-01,-0.019,0.079
2005-09-01,-0.016,0.094
2005-10-01,-0.015,0.119
2005-11-01,-0.014,0.159
2005-12-01,-0.013,0.15
2006-01-01,-0.015,0.203
2006-02-01,-0.016,0.208
2006-03-01,-0.016,0.216
2006-04-01,-0.017,0.197
2006-05-01,-0.017,0.18
2006-06-01,-0.019,0.197
2006-07-01,-0.019,0.196
2006-08-01,-0.023,0.186
2006-09-01,-0.022,0.186
2006-10-01,-0.026,0.16
2006-11-01,-0.027,0.096
2006-12-01,-0.026,0.113
2007-01-01,-0.023,0.053
2007-02-01,-0.021,0.053
2007-03-01,-0.019,0.055
2007-04-01,-0.019,0.056
2007-05-01,-0.016,0.063
2007-06-01,-0.012,0.056
2007-07-01,-0.018,0.055
2007-08-01,-0.025,0.05
2007-09-01,-0.021,0.05
2007-10-01,-0.018,0.073
2007-11-01,-0.018,0.078
2007-12-01,-0.028,0.072
2008-01-01,-0.025,0.053
2008-02-01,-0.022,0.053
2008-03-01,-0.024,0.054
2008-04-01,-0.019,0.076
2008-05-01,-0.022,0.087
2008-06-01,-0.023,0.086
2008-07-01,-0.017,0.117
2008-08-01,-0.005,0.151
2008-09-01,-0.013,0.126
2008-10-01,-0.007,0.12
2008-11-01,-0.009,0.121
2008-12-01,-0.005,0.122
2009-01-01,-0.004,0.129
2009-02-01,-0.005,0.139
2009-03-01,-0.003,0.124
2009-04-01,-0.002,0.092
2009-05-01,-0.005,0.067
2009-06-01,-0.003,0.052
2009-07-01,-0.005,0.005
2009-08-01,-0.007,-0.015
2009-09-01,-0.014,-0.003
2009-10-01,-0.011,-0.008
2009-11-01,-0.008,-0.002
2009-12-01,-0.012,-0.01
2010-01-01,-0.014,-0.029
2010-02-01,-0.013,-0.042
2010-03-01,-0.017,-0.012
2010-04-01,-0.028,0.007
2010-05-01,-0.029,0.006
2010-06-01,-0.04,0.005
2010-07-01,-0.048,0.024
2010-08-01,-0.043,0.029
2010-09-01,-0.035,0.02
2010-10-01,-0.041,0.01
2010-11-01,-0.046,0.004
2010-12-01,-0.051,0.012
2011-01-01,-0.051,0.02
2011-02-01,-0.054,0.033
2011-03-01,-0.053,0.014
2011-04-01,-0.046,0.007
2011-05-01,-0.046,0.025
2011-06-01,-0.035,0.026
2011-07-01,-0.023,0.036
2011-08-01,-0.025,0.033
2011-09-01,-0.028,0.046
2011-10-01,-0.036,0.047
2011-11-01,-0.028,0.043
2011-12-01,-0.007,0.037
2012-01-01,-0.01,0.037
2012-02-01,-0.019,0.027
2012-03-01,-0.017,0.01
2012-04-01,-0.018,0.008
2012-05-01,-0.013,0.001
2012-06-01,-0.023,0.006
2012-07-01,-0.025,-0.021
2012-08-01,-0.038,-0.017
2012-09-01,-0.039,-0.022
2012-10-01,-0.034,-0.017
2012-11-01,-0.031,-0.01
2012-12-01,-0.038,-0.007
2013-01-01,-0.042,0.004
2013-02-01,-0.032,0.01
2013-03-01,-0.035,0.013
2013-04-01,-0.039,0.016
2013-05-01,-0.044,0.027
2013-06-01,-0.034,0.03
2013-07-01,-0.033,0.049
2013-08-01,-0.026,0.04
2013-09-01,-0.017,0.048
2013-10-01,-0.013,0.045
2013-11-01,-0.03,0.043
2013-12-01,-0.04,0.047
2014-01-01,-0.035,0.057
2014-02-01,-0.041,0.053
2014-03-01,-0.037,0.083
2014-04-01,-0.03,0.031
2014-05-01,-0.028,0.053
2014-06-01,-0.024,0.061
2014-07-01,-0.015,0.058
2014-08-01,-0.007,0.06
2014-09-01,-0.019,0.046
2014-10-01,-0.02,0.049
2014-11-01,-0.009,0.042
2014-12-01,-0.007,0.049
2015-01-01,-0.01,0.038
2015-02-01,-0.006,0.045
2015-03-01,0.003,0.011
2015-04-01,0.002,0.053
2015-05-01,0.011,0.007
2015-06-01,0.001,0.003
2015-07-01,-0.014,-0.006
2015-08-01,-0.01,-0.008
2015-09-01,-0.001,-0.003
2015-10-01,-0,-0.008
2015-11-01,-0.01,-0.005
2015-12-01,-0.007,-0.02
2016-01-01,-0.008,-0.035
2016-02-01,-0.012,-0.049
2016-03-01,-0.028,-0.032
2016-04-01,-0.017,-0.032
2016-05-01,-0.047,-0.016
2016-06-01,-0.042,-0.022
2016-07-01,-0.031,-0.012
2016-08-01,-0.045,-0.007
2016-09-01,-0.046,0.004
2016-10-01,-0.061,0.003
2016-11-01,-0.066,0.002
2016-12-01,-0.067,0.006
2017-01-01,-0.047,0.015
2017-02-01,-0.051,0.025
2017-03-01,-0.046,0.02
2017-04-01,-0.061,0.031
2017-05-01,-0.022,0.036
2017-06-01,-0.019,0.041
2017-07-01,-0.012,0.041
2017-08-01,-0.011,0.038
2017-09-01,-0.025,0.027
2017-10-01,0,0.024
2017-11-01,0.005,0.03
2017-12-01,0.003,0.033
2018-01-01,0.003,0.028
2018-02-01,-0.011,0.024
2018-03-01,-0.013,0.028
2018-04-01,-0.003,0.014
2018-05-01,-0.029,0.012
2018-06-01,-0.032,0.003
2018-07-01,-0.035,-0.007
2018-08-01,-0.027,-0.003
2018-09-01,-0.016,-0.011
2018-10-01,-0.027,0.007
2018-11-01,-0.015,0.004
2018-12-01,-0.023,0.015
2019-01-01,-0.058,0.001
2019-02-01,-0.031,-0.002
2019-03-01,-0.027,0.001
2019-04-01,-0.063,0.005
2019-05-01,-0.05,-0.002
2019-06-01,-0.032,0.001
2019-07-01,-0.07,0.011
2019-08-01,-0.078,0.005
2019-09-01,-0.077,0.016
2019-10-01,-0.081,0.003
2019-11-01,-0.107,0.003
2019-12-01,-0.084,-0.011
2020-01-01,-0.087,0.002
2020-02-01,-0.088,0.006
2020-03-01,-0.09,0
2020-04-01,-0.088,0.002
2020-05-01,-0.091,-0
2020-06-01,-0.131,0.005
2020-07-01,-0.079,0.003
2020-08-01,-0.081,0.003
2020-09-01,-0.125,0.01
2020-10-01,-0.117,0.016
2020-11-01,-0.077,0.021
2020-12-01,-0.061,0.025
2021-01-01,-0.062,0.015
2021-02-01,-0.069,0.028
2021-03-01,-0.048,0.031
2021-04-01,-0.035,0.056
2021-05-01,-0.03,0.062
2021-06-01,-0.024,0.055
2021-07-01,-0.058,0.059
2021-08-01,-0.037,0.072
2021-09-01,-0.012,0.068
2021-10-01,0.014,0.086
2021-11-01,-0.025,0.084
2021-12-01,-0.037,0.089
2022-01-01,-0.022,0.135
2022-02-01,-0.023,0.123
2022-03-01,-0.053,0.137
2022-04-01,-0.047,0.134
2022-05-01,-0.043,0.149
2022-06-01,0.001,0.173
2022-07-01,-0.014,0.182
2022-08-01,-0.003,0.202
2022-09-01,0.048,0.192
2022-10-01,-0.01,0.175
2022-11-01,-0.018,0.168
2022-12-01,-0.032,0.168
2023-01-01,-0.03,0.156
2023-02-01,-0.016,0.163
2023-03-01,-0.011,0.129
2023-04-01,-0.019,0.11
2023-05-01,-0.029,0.08
2023-06-01,-0.065,0.071
2023-07-01,-0.073,0.042
2023-08-01,-0.103,0.029
2023-09-01,-0.093,0.034
2023-10-01,-0.085,0.031
2023-11-01,-0.079,0.046
2023-12-01,-0.097,0.045
2024-01-01,-0.087,0.044
2024-02-01,-0.062,0.043
2024-03-01,-0.048,0.064
2024-04-01,-0.026,0.064
2024-05-01,-0.068,0.072
2024-06-01,-0.041,0.052
2024-07-01,-0.004,0.065
2024-08-01,0.011,0.052
2024-09-01,-0.016,0.048
2024-10-01,-0.007,0.058
2024-11-01,0.016,0.039
2024-12-01,0.014,0.035
2025-01-01,0.004,0.024
2025-02-01,0.001,0.031
2025-03-01,-0.006,0.035
2025-04-01,0.027,0.047
2025-05-01,0.065,0.059
2025-06-01,0.05,0.077
2025-07-01,0.011,0.07
2025-08-01,-0.049,0.077
2025-09-01,-0.065,0.064
2025-10-01,-0.057,0.069
2025-11-01,-0.057,0.085
2025-12-01,0.047,0.087
2026-01-01,0.051,0.093
2026-02-01,0.086,0.063
2026-03-01,0.127,0.061
2026-04-01,0.148,0.078
2026-05-01,0.156,0.075
2026-06-01,0.188,0.049
2026-07-01,0.228,0.051
