category,monthly_annualized,weight,status
Nonelectric cookware and tableware,-34.4992937235698,0.144969169360843,Cut from bottom
Hotels and motels,-33.3694926437033,0.716327002751374,Included
Gasoline and other motor fuel,-30.6765877182969,2.00422379530963,Cut from top
Motor vehicle rental,-30.3140772259388,0.143377241382731,Trim point
Vegetables (fresh),-26.9341585553272,0.321614548688418,NA
Intercity buses,-22.8030027042796,0.00561909988874543,NA
Other road transportation service,-22.7963967515606,0.214134606755456,NA
Railway transportation,-22.7961828081355,0.0068998578088126,NA
Water transportation,-22.7951131508632,0.0348330076570382,NA
Major household appliances,-20.4848974843948,0.37061255855296,NA
Window coverings,-20.0394924919005,0.157352835728816,NA
Fuel oil,-18.2143933017188,0.119430676046264,NA
Therapeutic medical equipment,-18.0980397105208,0.243001266777816,NA
Other medical products,-18.089221234852,0.0436179246580624,NA
Pork,-17.0225284756912,0.228971555899897,NA
Carpets and other floor coverings,-16.5159524181556,0.135841514324871,NA
Photographic equipment,-15.9361059811904,0.0260075032571387,NA
Children's and infants' clothing,-15.8618671573266,0.133771556982227,NA
"Moving, storage, and freight services",-13.6069751887695,0.109617544940397,NA
"Clocks, lamps, lighting fixtures, and other household decorative items",-12.2488380227069,0.312608655849072,NA
Dishes and flatware,-11.4296269618609,0.149190258843881,NA
Stationery and miscellaneous printed materials,-10.7211951474365,0.154917591796294,NA
Clothing materials,-10.1443881614952,0.0137140311088883,NA
Sewing items,-10.1442156044629,0.00554694451296699,NA
Other meats,-9.61354624677078,0.227708836823774,NA
Beef and veal,-9.56840538413085,0.308053847753059,NA
Prescription drugs,-8.90715039491275,2.75007587588734,NA
Women's and girls' clothing,-8.52707838984986,1.22393105193067,NA
Processed dairy products,-7.96727821099496,0.342025500611742,NA
Musical instruments,-7.28080067593049,0.0426077493971643,NA
Newspapers and periodicals,-6.26342617997024,0.459958952610604,NA
Eggs,-5.69366401402388,0.0805479479236614,NA
Miscellaneous household products,-5.49109523275813,0.104201382046028,NA
Museums and libraries,-5.22036593217166,0.0899371661968299,NA
"Live entertainment, excluding sports",-5.21800270260349,0.267673895583053,NA
Motion picture theaters,-5.21762778350401,0.0513114916004378,NA
Poultry,-4.78216640170359,0.367004789764038,NA
"Tools, hardware, and supplies",-4.19286017555823,0.249382507823221,NA
"Sporting equipment, supplies, guns, and ammunition",-3.81078027524416,0.620626425914242,NA
Other personal business services,-3.74684417328937,0.127809719058534,NA
Nonprescription drugs,-3.69371124863305,0.598849031562114,NA
Processed fruits and vegetables,-3.41362994510088,0.224858699480526,NA
"Amusement parks, campgrounds, and related recreational services",-3.33887424286718,0.428778810852348,NA
Fats and oils,-3.33619910077762,0.147702054218451,NA
Package tours,-3.32908274929488,0.11487586795025,NA
Other depository institutions and regulated investment companies,-2.55117593965277,1.37133095551305,NA
Veterinary and other services for pets,-1.73571286755589,0.372781729537299,NA
Funeral and burial services,-1.71753932026955,0.153402328904947,NA
Beer,-1.67387339737091,0.491968881190311,NA
Spectator sports,-1.61702706013872,0.282659665190037,NA
Wine,-1.5728456226556,0.340979247662955,NA
"Calculators, typewriters, and other information processing equipment",-1.53442493639789,0.00184447179333618,NA
Telephone and related communication equipment,-1.5209795937044,0.172437818977495,NA
Physician services,-1.14640556035882,3.97463828735607,NA
"Food products, not elsewhere classified",-1.10035153309948,1.17768847547867,NA
Air transportation,-0.451484704495619,1.04836800323977,NA
Net motor vehicle and other transportation insurance,-0.405981197542937,0.500713210792459,NA
Furniture,-0.287701783077587,0.780202549159232,NA
Pension funds,-0.168422879243912,0.400471354992272,NA
Food produced and consumed on farms,0,0.0042210894830383,NA
Motorcycles,0,0.105360377769469,NA
Film and photographic supplies,0,0.00676456647922804,NA
Employment agency services,0.0595395589841674,0.00753572705786004,NA
Professional association dues,0.227290965278936,0.062590278776804,NA
Legal services,0.235642192444651,0.735601507506188,NA
New foreign autos,0.295882090548516,0.0788477868818821,NA
New domestic autos,0.295972095905061,0.137437952013969,NA
Domestic services,0.357247622936984,0.191247823500735,NA
Net household insurance,0.366982271273919,0.0936351292054746,NA
Standard clothing issued to military personnel,0.509799829066692,0.00203838936574071,NA
Commercial and vocational schools,0.510067998144658,0.41892058263662,NA
Hairdressing salons and personal grooming establishments,0.630624824011594,0.478051913087046,NA
New light trucks,0.781990391114662,1.59577476158285,NA
Parking fees and tolls,0.857450482225585,0.141203560687406,NA
Casino gambling,0.887719219107086,0.746294032254354,NA
Lotteries,0.887725786158344,0.331391602106395,NA
Pari-mutuel net receipts,0.887771758237621,0.0291823397913897,NA
Nonprofit hospitals' services to households,1.1851622730876,5.34777763697457,NA
Government hospitals,1.18519914020516,1.56886080641749,NA
Proprietary hospitals,1.19448939740551,0.91612974799284,NA
Other fuels,1.35864259613824,0.0278519750504749,NA
Bakery products,1.43826347145046,0.600035085551472,NA
Maintenance and repair of recreational vehicles and sports equipment,1.55724901019864,0.0420710937898122,NA
Electricity,1.59652826974157,1.242384789286,NA
"Hair, dental, shaving, and miscellaneous personal care products except electrical products",1.64598673094997,0.589414716179084,NA
Electric appliances for personal care,1.64598673094997,0.0596634763467913,NA
"Audio-video, photographic, and information processing equipment services",1.83592630319924,0.803071293570009,NA
Net health insurance,2.12390001547928,1.36457540845579,NA
Final consumption expenditures of nonprofit institutions serving households,2.23953614510139,2.93198859764674,NA
Food supplied to military,2.64377646239086,0.011184083245657,NA
Higher education school lunches,2.6437948938488,0.0950647075880848,NA
Food supplied to civilians,2.65231755327592,0.16789654001444,NA
Religious organizations' services to households,2.84695725789516,0.0407768067367866,NA
Water supply and sewage maintenance,2.93433036003187,0.494778431134683,NA
Membership clubs and participant sports centers,2.96219390800525,0.398965111522897,NA
Tires,2.99916305719767,0.264611801823456,NA
"Flowers, seeds, and potted plants",3.03392943321265,0.386328901339699,NA
Tenant-occupied stationary homes and landlord durables,3.10889991843508,3.56972035733145,NA
Tenant-occupied mobile homes,3.11752872483452,0.0684078059489401,NA
Group housing,3.11800774331809,0.0159282992030889,NA
Owner-occupied mobile homes,3.16912847811414,0.442258336989957,NA
Owner-occupied stationary homes,3.16915067669212,11.3876651287048,NA
Rental value of farm dwellings,3.17289522406951,0.141483162768547,NA
"Clothing repair, rental, and alterations",3.39750998743613,0.0329614775977851,NA
Miscellaneous personal care services,3.40508910113119,0.60750316694454,NA
Repair and hire of footwear,3.40517311447952,0.00205191849869917,NA
Other purchased meals,3.53359877618879,5.0017249644522,NA
Audio equipment,3.61370022503046,0.145036815025635,NA
Corrective eyeglasses and contact lenses,3.62936910552007,0.229363900755692,NA
"Coffee, tea, and other beverage materials",3.77491492557988,0.126758956398761,NA
Housing at schools,3.78113881753745,0.220213697164789,NA
Household cleaning products,3.86731156909874,0.195816160729707,NA
Day care and nursery schools,3.98235728307372,0.100115583892575,NA
Child care,3.98323259506034,0.313704515618707,NA
Motor vehicle leasing,4.07920679534246,0.289613639530683,NA
Social assistance,4.1118389826495,1.14866397557179,NA
Foundations and grantmaking and giving services to households,4.13624903736471,0.0473564750655824,NA
Life insurance,4.26019680346734,0.590384304041106,NA
Laundry and drycleaning services,4.5910231674505,0.0751813918501405,NA
Cereals,4.67689847868721,0.373156035549149,NA
Communication,4.81977855716897,1.46747799373781,NA
Used light trucks,4.88823167564207,0.831094637637957,NA
Nursing homes,4.97951955484679,1.30591308794793,NA
Alcohol in purchased meals,4.99155510976008,0.81337147346238,NA
Fish and seafood,5.42396461034881,0.107885815921715,NA
Fresh milk,5.60440049629555,0.14695344219475,NA
Sugar and sweets,5.65450079948219,0.364786011958851,NA
Elementary and secondary school lunches,5.78851268037359,0.0433293031549487,NA
Shoes and other footwear,5.79789481212911,0.582226236867157,NA
Other recreational vehicles,5.99359484981885,0.166376767412106,NA
Pleasure aircraft,5.99476174567092,0.0128797345764501,NA
Pleasure boats,5.99486323634286,0.174913650308892,NA
Bicycles and accessories,5.99501547879275,0.035211823379875,NA
Computer software and accessories,6.03295297937112,1.10037399033208,NA
Tobacco,6.14245749007869,0.51247904675533,NA
Elementary and secondary schools,6.38154173639915,0.214170684443346,NA
Luggage and similar personal items,6.38571471366515,0.247592152561718,NA
Used autos,6.48514610495056,0.20688750120071,NA
Dental services,6.70780662484957,0.98792434689238,NA
Spirits,7.23460251450924,0.258681531876666,NA
Cosmetic / perfumes / bath / nail preparations and implements,7.5100675882838,0.363031734385238,NA
Paramedical services,7.77306908254937,3.1747779080082,NA
Motor vehicle maintenance and repair,7.79735054044139,1.3172550110781,NA
Outdoor equipment and supplies,8.39524671988132,0.0491197720611679,NA
Natural gas,8.46144792629157,0.381097636595763,NA
Pets and related products,8.53876919942533,0.548110273256917,NA
Men's and boys' clothing,8.67279153835551,0.748463203238694,NA
Nonprofit private higher education services to households,8.82607485255471,0.401147811640195,NA
Proprietary and public higher education,8.83689152055726,0.546585990943598,NA
Other household services,9.63619488403304,0.217534928839015,NA
Educational books,9.71643347285373,0.0428557835014027,NA
"Audio discs, tapes, vinyl, and permanent digital downloads",9.83787900921446,0.0145798956182295,NA
"Games, toys, and hobbies",10.0108507790018,0.685507637872011,NA
Commercial banks,10.4118049707165,1.31771500159869,NA
Social advocacy and civic and social organizations,10.534934031932501,0.120093603561228,NA
Garbage and trash collection,11.3209531061669,0.204023834724504,NA
Household paper products,11.4661988717709,0.29588664751242,NA
"Mineral waters, soft drinks, and vegetable juices",11.6239272136797,0.550495910368592,NA
Labor organization dues,11.8032829389107,0.0853868678118025,NA
Intracity mass transit,14.9091924076707,0.0988303162615217,NA
Taxicabs and ride sharing services,14.912236543464,0.194048354023135,NA
Household linens,20.7197589732611,0.335856215982686,NA
Tax preparation and other related services,21.5222863278056,0.240047406081886,NA
Jewelry,22.0959075533368,0.427822752123284,NA
Televisions,22.3007191757046,0.170074730420751,NA
Other video equipment,27.589856441107,0.0515234480167869,NA
Small electric household appliances,29.7523789548285,0.0575078344954106,NA
Fruit (fresh),30.4362528419244,0.291331839416407,NA
Accessories and parts,33.3789791193465,0.358968484786715,NA
"Financial service charges, fees, and commissions",44.4972479881489,2.84029264416531,NA
Personal computers/tablets and peripheral equipment,50.9164762972144,0.505669383166241,NA
Watches,52.748166914298,0.0897161903585084,NA
Recreational books,77.0712897631003,0.160581788794901,NA
Repair of household appliances,80.6783393474981,0.0564300135697203,NA
"Repair of furniture, furnishings, and floor coverings",80.6793619554354,0.0120409283330259,NA
Lubricants and fluids,89.7215462340815,0.0601324862893511,NA
"Video discs, tapes, and permanent digital downloads",131.448232039134,0.0667166643291331,NA
