date,inflation,inflation_571_months_earlier
1948-01-01,10.242,
1948-02-01,9.482,
1948-03-01,6.818,
1948-04-01,8.273,
1948-05-01,9.385,
1948-06-01,9.375,
1948-07-01,9.762,
1948-08-01,9.062,
1948-09-01,6.655,
1948-10-01,6.111,
1948-11-01,4.77,
1948-12-01,2.734,
1949-01-01,1.394,
1949-02-01,1.014,
1949-03-01,1.745,
1949-04-01,0.42,
1949-05-01,-0.416,
1949-06-01,-0.952,
1949-07-01,-2.869,
1949-08-01,-2.988,
1949-09-01,-2.504,
1949-10-01,-2.633,
1949-11-01,-1.904,
1949-12-01,-1.83,
1950-01-01,-2.082,
1950-02-01,-1.255,
1950-03-01,-1.129,
1950-04-01,-1.129,
1950-05-01,-0.586,
1950-06-01,-0.167,
1950-07-01,1.561,
1950-08-01,2.11,
1950-09-01,2.484,
1950-10-01,3.507,
1950-11-01,3.797,
1950-12-01,5.803,
1951-01-01,7.954,
1951-02-01,9.403,
1951-03-01,9.475,
1951-04-01,9.598,
1951-05-01,9.34,
1951-06-01,8.585,
1951-07-01,7.644,
1951-08-01,6.86,
1951-09-01,6.943,
1951-10-01,6.776,
1951-11-01,6.992,
1951-12-01,5.965,
1952-01-01,4.216,
1952-02-01,2.245,
1952-03-01,1.971,
1952-04-01,2.083,
1952-05-01,1.847,
1952-06-01,2.314,
1952-07-01,2.972,
1952-08-01,3.21,
1952-09-01,2.305,
1952-10-01,2.026,
1952-11-01,1.406,
1952-12-01,0.907,
1953-01-01,0.718,
1953-02-01,0.682,
1953-03-01,0.909,
1953-04-01,0.869,
1953-05-01,0.869,
1953-06-01,0.905,
1953-07-01,0.412,
1953-08-01,0.599,
1953-09-01,0.976,
1953-10-01,0.974,
1953-11-01,0.599,
1953-12-01,0.599,
1954-01-01,1.126,
1954-02-01,1.504,
1954-03-01,1.127,
1954-04-01,0.637,
1954-05-01,0.861,
1954-06-01,0.635,
1954-07-01,0.261,
1954-08-01,0,
1954-09-01,-0.298,
1954-10-01,-0.853,
1954-11-01,-0.261,
1954-12-01,-0.372,
1955-01-01,-0.631,
1955-02-01,-0.63,
1955-03-01,-0.52,
1955-04-01,-0.261,
1955-05-01,-0.594,
1955-06-01,-0.854,
1955-07-01,-0.372,
1955-08-01,-0.484,
1955-09-01,0.149,
1955-10-01,0.374,
1955-11-01,0.373,
1955-12-01,0.374,
1956-01-01,0.224,
1956-02-01,0.149,
1956-03-01,0.373,
1956-04-01,0.523,
1956-05-01,0.971,
1956-06-01,1.647,
1956-07-01,1.981,
1956-08-01,2.208,
1956-09-01,1.862,
1956-10-01,2.573,
1956-11-01,2.344,
1956-12-01,2.828,
1957-01-01,3.131,
1957-02-01,3.5,
1957-03-01,3.607,
1957-04-01,3.713,
1957-05-01,3.589,
1957-06-01,3.536,
1957-07-01,3.298,
1957-08-01,3.552,
1957-09-01,3.547,
1957-10-01,2.944,
1957-11-01,3.272,
1957-12-01,3.04,
1958-01-01,3.506,
1958-02-01,3.237,
1958-03-01,3.625,
1958-04-01,3.616,
1958-05-01,3.357,
1958-06-01,2.846,
1958-07-01,2.483,
1958-08-01,2.334,
1958-09-01,2.083,
1958-10-01,2.083,
1958-11-01,1.901,
1958-12-01,1.756,
1959-01-01,1.292,
1959-02-01,1.045,
1959-03-01,0.346,
1959-04-01,0.138,
1959-05-01,0.346,
1959-06-01,0.692,
1959-07-01,0.9,
1959-08-01,0.829,
1959-09-01,1.176,
1959-10-01,1.522,
1959-11-01,1.382,
1959-12-01,1.519,
1960-01-01,1.241,
1960-02-01,1.414,
1960-03-01,1.519,
1960-04-01,1.932,
1960-05-01,1.825,
1960-06-01,1.718,
1960-07-01,1.372,
1960-08-01,1.474,
1960-09-01,1.231,
1960-10-01,1.363,
1960-11-01,1.465,
1960-12-01,1.36,
1961-01-01,1.6,
1961-02-01,1.462,
1961-03-01,1.462,
1961-04-01,0.914,
1961-05-01,0.913,
1961-06-01,0.777,
1961-07-01,1.252,
1961-08-01,1.114,
1961-09-01,1.25,
1961-10-01,0.773,
1961-11-01,0.672,
1961-12-01,0.671,
1962-01-01,0.67,
1962-02-01,0.905,
1962-03-01,1.106,
1962-04-01,1.342,
1962-05-01,1.34,
1962-06-01,1.24,
1962-07-01,1.003,
1962-08-01,1.136,
1962-09-01,1.468,
1962-10-01,1.334,
1962-11-01,1.334,
1962-12-01,1.233,
1963-01-01,1.332,
1963-02-01,1.229,
1963-03-01,1.127,
1963-04-01,0.894,
1963-05-01,0.893,
1963-06-01,1.324,
1963-07-01,1.555,
1963-08-01,1.552,
1963-09-01,0.986,
1963-10-01,1.218,
1963-11-01,1.317,
1963-12-01,1.646,
1964-01-01,1.643,
1964-02-01,1.411,
1964-03-01,1.409,
1964-04-01,1.542,
1964-05-01,1.54,
1964-06-01,1.307,
1964-07-01,1.075,
1964-08-01,0.976,
1964-09-01,1.172,
1964-10-01,1.203,
1964-11-01,1.397,
1964-12-01,1.198,
1965-01-01,1.099,
1965-02-01,1.197,
1965-03-01,1.196,
1965-04-01,1.389,
1965-05-01,1.614,
1965-06-01,1.935,
1965-07-01,1.805,
1965-08-01,1.61,
1965-09-01,1.737,
1965-10-01,1.703,
1965-11-01,1.73,
1965-12-01,1.92,
1966-01-01,1.918,
1966-02-01,2.558,
1966-03-01,2.779,
1966-04-01,2.868,
1966-05-01,2.764,
1966-06-01,2.436,
1966-07-01,2.755,
1966-08-01,3.487,
1966-09-01,3.574,
1966-10-01,3.791,
1966-11-01,3.559,
1966-12-01,3.359,
1967-01-01,3.199,
1967-02-01,2.868,
1967-03-01,2.548,
1967-04-01,2.54,
1967-05-01,2.318,
1967-06-01,2.841,
1967-07-01,2.928,
1967-08-01,2.603,
1967-09-01,2.595,
1967-10-01,2.588,
1967-11-01,3.102,
1967-12-01,3.281,
1968-01-01,3.647,
1968-02-01,3.636,
1968-03-01,3.939,
1968-04-01,3.927,
1968-05-01,4.23,
1968-06-01,4.204,
1968-07-01,4.491,
1968-08-01,4.478,
1968-09-01,4.464,
1968-10-01,4.748,
1968-11-01,4.425,
1968-12-01,4.706,
1969-01-01,4.692,
1969-02-01,4.678,
1969-03-01,5.248,
1969-04-01,5.523,
1969-05-01,5.507,
1969-06-01,5.476,
1969-07-01,5.444,
1969-08-01,5.429,
1969-09-01,5.698,
1969-10-01,5.666,
1969-11-01,5.932,
1969-12-01,5.899,
1970-01-01,6.162,
1970-02-01,6.425,
1970-03-01,6.094,
1970-04-01,6.061,
1970-05-01,6.044,
1970-06-01,6.011,
1970-07-01,5.707,
1970-08-01,5.691,
1970-09-01,5.66,
1970-10-01,5.63,
1970-11-01,5.6,
1970-12-01,5.57,
1971-01-01,5.277,
1971-02-01,4.724,
1971-03-01,4.439,
1971-04-01,4.156,
1971-05-01,4.404,
1971-06-01,4.381,
1971-07-01,4.37,
1971-08-01,4.359,
1971-09-01,4.082,
1971-10-01,3.807,
1971-11-01,3.535,
1971-12-01,3.266,
1972-01-01,3.258,
1972-02-01,3.759,
1972-03-01,3.5,
1972-04-01,3.491,
1972-05-01,3.226,
1972-06-01,2.963,
1972-07-01,2.956,
1972-08-01,2.948,
1972-09-01,3.186,
1972-10-01,3.178,
1972-11-01,3.415,
1972-12-01,3.406,
1973-01-01,3.641,
1973-02-01,3.865,
1973-03-01,4.831,
1973-04-01,5.301,
1973-05-01,5.529,
1973-06-01,5.995,
1973-07-01,5.742,
1973-08-01,7.399,
1973-09-01,7.363,
1973-10-01,8.057,
1973-11-01,8.255,
1973-12-01,8.941,
1974-01-01,9.602,
1974-02-01,10,
1974-03-01,10.138,
1974-04-01,10.069,
1974-05-01,10.706,
1974-06-01,10.86,
1974-07-01,11.538,
1974-08-01,10.889,
1974-09-01,11.947,
1974-10-01,11.842,
1974-11-01,12.2,
1974-12-01,12.095,
1975-01-01,11.752,
1975-02-01,11.205,
1975-03-01,10.46,
1975-04-01,10.187,
1975-05-01,9.259,
1975-06-01,9.184,
1975-07-01,9.533,
1975-08-01,8.617,
1975-09-01,7.905,
1975-10-01,7.647,
1975-11-01,7.379,
1975-12-01,7.129,
1976-01-01,6.692,
1976-02-01,6.274,
1976-03-01,6.061,
1976-04-01,5.849,
1976-05-01,6.215,
1976-06-01,5.981,
1976-07-01,5.556,
1976-08-01,5.72,
1976-09-01,5.495,
1976-10-01,5.464,
1976-11-01,5.063,
1976-12-01,5.036,
1977-01-01,5.197,
1977-02-01,6.082,
1977-03-01,6.429,
1977-04-01,6.952,
1977-05-01,6.738,
1977-06-01,6.702,
1977-07-01,6.667,
1977-08-01,6.632,
1977-09-01,6.424,
1977-10-01,6.39,
1977-11-01,6.713,
1977-12-01,6.678,
1978-01-01,6.814,
1978-02-01,6.239,
1978-03-01,6.376,
1978-04-01,6.5,
1978-05-01,7.143,
1978-06-01,7.438,
1978-07-01,7.73,
1978-08-01,7.856,
1978-09-01,8.483,
1978-10-01,8.929,
1978-11-01,8.871,
1978-12-01,8.989,
1979-01-01,9.25,
1979-02-01,9.841,
1979-03-01,10.252,
1979-04-01,10.485,
1979-05-01,10.698,
1979-06-01,11.077,
1979-07-01,11.45,
1979-08-01,11.836,
1979-09-01,11.88,
1979-10-01,12.072,
1979-11-01,12.593,
1979-12-01,13.255,
1980-01-01,13.869,
1980-02-01,14.162,
1980-03-01,14.592,
1980-04-01,14.589,
1980-05-01,14.426,
1980-06-01,14.266,
1980-07-01,13.151,
1980-08-01,12.89,
1980-09-01,12.769,
1980-10-01,12.633,
1980-11-01,12.632,
1980-12-01,12.354,
1981-01-01,11.795,
1981-02-01,11.392,
1981-03-01,10.612,
1981-04-01,10.136,
1981-05-01,9.792,
1981-06-01,9.697,
1981-07-01,10.775,
1981-08-01,10.817,
1981-09-01,10.965,
1981-10-01,10.272,
1981-11-01,9.579,
1981-12-01,8.912,
1982-01-01,8.257,
1982-02-01,7.614,
1982-03-01,6.885,
1982-04-01,6.622,
1982-05-01,6.912,
1982-06-01,7.182,
1982-07-01,6.557,
1982-08-01,5.965,
1982-09-01,4.941,
1982-10-01,5.032,
1982-11-01,4.478,
1982-12-01,3.826,
1983-01-01,3.708,
1983-02-01,3.485,
1983-03-01,3.59,
1983-04-01,4,
1983-05-01,3.441,
1983-06-01,2.474,
1983-07-01,2.359,
1983-08-01,2.456,
1983-09-01,2.764,
1983-10-01,2.752,
1983-11-01,3.163,
1983-12-01,3.787,
1984-01-01,4.29,
1984-02-01,4.694,
1984-03-01,4.893,
1984-04-01,4.555,
1984-05-01,4.335,
1984-06-01,4.326,
1984-07-01,4.309,
1984-08-01,4.296,
1984-09-01,4.283,
1984-10-01,4.266,
1984-11-01,4.154,
1984-12-01,4.043,
1985-01-01,3.526,
1985-02-01,3.606,
1985-03-01,3.79,
1985-04-01,3.582,
1985-05-01,3.575,
1985-06-01,3.664,
1985-07-01,3.458,
1985-08-01,3.352,
1985-09-01,3.247,
1985-10-01,3.235,
1985-11-01,3.514,
1985-12-01,3.791,
1986-01-01,3.974,
1986-02-01,3.198,
1986-03-01,2.154,
1986-04-01,1.589,
1986-05-01,1.679,
1986-06-01,1.767,
1986-07-01,1.671,
1986-08-01,1.576,
1986-09-01,1.758,
1986-10-01,1.567,
1986-11-01,1.284,
1986-12-01,1.187,
1987-01-01,1.365,
1987-02-01,1.914,
1987-03-01,2.841,
1987-04-01,3.68,
1987-05-01,3.67,
1987-06-01,3.748,
1987-07-01,3.927,
1987-08-01,4.288,
1987-09-01,4.273,
1987-10-01,4.356,
1987-11-01,4.529,
1987-12-01,4.332,
1988-01-01,4.129,
1988-02-01,3.936,
1988-03-01,3.832,
1988-04-01,3.993,
1988-05-01,3.982,
1988-06-01,3.965,
1988-07-01,4.13,
1988-08-01,4.112,
1988-09-01,4.185,
1988-10-01,4.261,
1988-11-01,4.246,
1988-12-01,4.412,
1989-01-01,4.483,
1989-02-01,4.647,
1989-03-01,4.893,
1989-04-01,5.034,
1989-05-01,5.277,
1989-06-01,5.169,
1989-07-01,5.063,
1989-08-01,4.622,
1989-09-01,4.435,
1989-10-01,4.587,
1989-11-01,4.655,
1989-12-01,4.64,
1990-01-01,5.198,
1990-02-01,5.263,
1990-03-01,5.237,
1990-04-01,4.712,
1990-05-01,4.365,
1990-06-01,4.674,
1990-07-01,4.819,
1990-08-01,5.703,
1990-09-01,6.17,
1990-10-01,6.38,
1990-11-01,6.195,
1990-12-01,6.255,
1991-01-01,5.647,
1991-02-01,5.313,
1991-03-01,4.821,
1991-04-01,4.81,
1991-05-01,5.035,
1991-06-01,4.696,
1991-07-01,4.368,
1991-08-01,3.799,
1991-09-01,3.396,
1991-10-01,2.849,
1991-11-01,3.067,
1991-12-01,2.981,
1992-01-01,2.673,
1992-02-01,2.819,
1992-03-01,3.19,
1992-04-01,3.183,
1992-05-01,3.024,
1992-06-01,3.015,
1992-07-01,3.157,
1992-08-01,3.075,
1992-09-01,2.993,
1992-10-01,3.28,
1992-11-01,3.12,
1992-12-01,2.967,
1993-01-01,3.254,
1993-02-01,3.247,
1993-03-01,3.019,
1993-04-01,3.156,
1993-05-01,3.221,
1993-06-01,2.998,
1993-07-01,2.847,
1993-08-01,2.841,
1993-09-01,2.764,
1993-10-01,2.752,
1993-11-01,2.745,
1993-12-01,2.811,
1994-01-01,2.451,
1994-02-01,2.516,
1994-03-01,2.652,
1994-04-01,2.364,
1994-05-01,2.288,
1994-06-01,2.495,
1994-07-01,2.699,
1994-08-01,2.901,
1994-09-01,2.966,
1994-10-01,2.61,
1994-11-01,2.603,
1994-12-01,2.597,
1995-01-01,2.871,
1995-02-01,2.863,
1995-03-01,2.787,
1995-04-01,3.125,
1995-05-01,3.119,
1995-06-01,3.043,
1995-07-01,2.83,
1995-08-01,2.617,10.242
1995-09-01,2.545,9.482
1995-10-01,2.744,6.818
1995-11-01,2.603,8.273
1995-12-01,2.532,9.385
1996-01-01,2.791,9.375
1996-02-01,2.717,9.762
1996-03-01,2.844,9.062
1996-04-01,2.833,6.655
1996-05-01,2.827,6.111
1996-06-01,2.822,4.77
1996-07-01,2.883,2.734
1996-08-01,2.812,1.394
1996-09-01,3.005,1.014
1996-10-01,3.062,1.745
1996-11-01,3.253,0.42
1996-12-01,3.379,-0.416
1997-01-01,3.038,-0.952
1997-02-01,3.032,-2.869
1997-03-01,2.765,-2.988
1997-04-01,2.434,-2.504
1997-05-01,2.238,-2.633
1997-06-01,2.234,-1.904
1997-07-01,2.166,-1.83
1997-08-01,2.29,-2.082
1997-09-01,2.219,-1.255
1997-10-01,2.086,-1.129
1997-11-01,1.89,-1.129
1997-12-01,1.697,-0.586
1998-01-01,1.631,-0.167
1998-02-01,1.44,1.561
1998-03-01,1.377,2.11
1998-04-01,1.438,2.484
1998-05-01,1.689,3.507
1998-06-01,1.623,3.797
1998-07-01,1.746,5.803
1998-08-01,1.617,7.954
1998-09-01,1.427,9.403
1998-10-01,1.486,9.475
1998-11-01,1.484,9.598
1998-12-01,1.607,9.34
1999-01-01,1.667,8.585
1999-02-01,1.667,7.644
1999-03-01,1.728,6.86
1999-04-01,2.281,6.943
1999-05-01,2.091,6.776
1999-06-01,1.966,6.992
1999-07-01,2.145,5.965
1999-08-01,2.264,4.216
1999-09-01,2.63,2.245
1999-10-01,2.563,1.971
1999-11-01,2.62,2.083
1999-12-01,2.676,1.847
2000-01-01,2.793,2.314
2000-02-01,3.218,2.972
2000-03-01,3.762,3.21
2000-04-01,3.014,2.305
2000-05-01,3.133,2.026
2000-06-01,3.735,1.406
2000-07-01,3.599,0.907
2000-08-01,3.351,0.718
2000-09-01,3.456,0.682
2000-10-01,3.45,0.909
2000-11-01,3.444,0.869
2000-12-01,3.436,0.869
2001-01-01,3.721,0.905
2001-02-01,3.529,0.412
2001-03-01,2.982,0.599
2001-04-01,3.218,0.976
2001-05-01,3.563,0.974
2001-06-01,3.194,0.599
2001-07-01,2.721,0.599
2001-08-01,2.721,1.126
2001-09-01,2.592,1.504
2001-10-01,2.128,1.127
2001-11-01,1.894,0.637
2001-12-01,1.604,0.861
2002-01-01,1.196,0.635
2002-02-01,1.136,0.261
2002-03-01,1.363,0
2002-04-01,1.644,-0.298
2002-05-01,1.241,-0.853
2002-06-01,1.069,-0.261
2002-07-01,1.466,-0.372
2002-08-01,1.747,-0.631
2002-09-01,1.516,-0.63
2002-10-01,2.027,-0.52
2002-11-01,2.254,-0.261
2002-12-01,2.48,-0.594
2003-01-01,2.757,-0.854
2003-02-01,3.146,-0.372
2003-03-01,3.025,-0.484
2003-04-01,2.175,0.149
2003-05-01,1.894,0.374
2003-06-01,1.949,0.373
2003-07-01,2.056,0.374
2003-08-01,2.216,0.224
2003-09-01,2.378,0.149
2003-10-01,2.042,0.373
2003-11-01,1.928,0.523
2003-12-01,2.035,0.971
2004-01-01,2.026,1.647
2004-02-01,1.688,1.981
2004-03-01,1.74,2.208
2004-04-01,2.293,1.862
2004-05-01,2.898,2.573
2004-06-01,3.168,2.344
2004-07-01,2.94,2.828
2004-08-01,2.547,3.131
2004-09-01,2.539,3.5
2004-10-01,3.191,3.607
2004-11-01,3.622,3.713
2004-12-01,3.342,3.589
2005-01-01,2.845,3.536
2005-02-01,3.053,3.298
2005-03-01,3.207,3.552
2005-04-01,3.362,3.547
2005-05-01,2.869,2.944
2005-06-01,2.541,3.272
2005-07-01,3.067,3.04
2005-08-01,3.647,3.506
2005-09-01,4.742,3.237
2005-10-01,4.35,3.625
2005-11-01,3.339,3.616
2005-12-01,3.339,3.357
2006-01-01,4.019,2.846
2006-02-01,3.638,2.483
2006-03-01,3.418,2.334
2006-04-01,3.614,2.083
2006-05-01,3.977,2.083
2006-06-01,4.182,1.901
2006-07-01,4.105,1.756
2006-08-01,3.927,1.292
2006-09-01,2.012,1.045
2006-10-01,1.406,0.346
2006-11-01,1.969,0.138
2006-12-01,2.524,0.346
2007-01-01,2.076,0.692
2007-02-01,2.42,0.9
2007-03-01,2.798,0.829
2007-04-01,2.593,1.176
2007-05-01,2.71,1.522
2007-06-01,2.693,1.382
2007-07-01,2.318,1.519
2007-08-01,1.897,1.241
2007-09-01,2.834,1.414
2007-10-01,3.611,1.519
2007-11-01,4.373,1.932
2007-12-01,4.109,1.825
2008-01-01,4.295,1.718
2008-02-01,4.143,1.372
2008-03-01,3.975,1.474
2008-04-01,3.904,1.231
2008-05-01,4.088,1.363
2008-06-01,4.936,1.465
2008-07-01,5.498,1.36
2008-08-01,5.308,1.6
2008-09-01,4.953,1.462
2008-10-01,3.731,1.462
2008-11-01,1.1,0.914
2008-12-01,-0.022,0.913
2009-01-01,-0.114,0.777
2009-02-01,0.008,1.252
2009-03-01,-0.446,1.114
2009-04-01,-0.576,1.25
2009-05-01,-1.016,0.773
2009-06-01,-1.229,0.672
2009-07-01,-1.959,0.671
2009-08-01,-1.484,0.67
2009-09-01,-1.378,0.905
2009-10-01,-0.224,1.106
2009-11-01,1.915,1.342
2009-12-01,2.814,1.34
2010-01-01,2.621,1.24
2010-02-01,2.151,1.003
2010-03-01,2.286,1.136
2010-04-01,2.207,1.468
2010-05-01,2.004,1.334
2010-06-01,1.122,1.334
2010-07-01,1.341,1.233
2010-08-01,1.15,1.332
2010-09-01,1.118,1.229
2010-10-01,1.167,1.127
2010-11-01,1.085,0.894
2010-12-01,1.438,0.893
2011-01-01,1.701,1.324
2011-02-01,2.125,1.555
2011-03-01,2.619,1.552
2011-04-01,3.077,0.986
2011-05-01,3.459,1.218
2011-06-01,3.502,1.317
2011-07-01,3.58,1.646
2011-08-01,3.755,1.643
2011-09-01,3.813,1.411
2011-10-01,3.522,1.409
2011-11-01,3.451,1.542
2011-12-01,3.062,1.54
2012-01-01,3.009,1.307
2012-02-01,2.898,1.075
2012-03-01,2.583,0.976
2012-04-01,2.273,1.172
2012-05-01,1.738,1.203
2012-06-01,1.654,1.397
2012-07-01,1.418,1.198
2012-08-01,1.686,1.099
2012-09-01,1.95,1.197
2012-10-01,2.156,1.196
2012-11-01,1.796,1.389
2012-12-01,1.76,1.614
2013-01-01,1.684,1.935
2013-02-01,2.018,1.805
2013-03-01,1.519,1.61
2013-04-01,1.139,1.737
2013-05-01,1.39,1.703
2013-06-01,1.716,1.73
2013-07-01,1.885,1.92
2013-08-01,1.539,1.918
2013-09-01,1.095,2.558
2013-10-01,0.877,2.779
2013-11-01,1.233,2.868
2013-12-01,1.513,2.764
2014-01-01,1.558,2.436
2014-02-01,1.12,2.755
2014-03-01,1.613,3.487
2014-04-01,2.015,3.574
2014-05-01,2.167,3.791
2014-06-01,2.059,3.559
2014-07-01,1.974,3.359
2014-08-01,1.715,3.199
2014-09-01,1.684,2.868
2014-10-01,1.61,2.548
2014-11-01,1.232,2.54
2014-12-01,0.653,2.318
2015-01-01,-0.23,2.841
2015-02-01,-0.087,2.928
2015-03-01,-0.022,2.603
2015-04-01,-0.104,2.595
2015-05-01,0.035,2.588
2015-06-01,0.18,3.102
2015-07-01,0.226,3.281
2015-08-01,0.241,3.647
2015-09-01,0.009,3.636
2015-10-01,0.128,3.939
2015-11-01,0.436,3.927
2015-12-01,0.639,4.23
2016-01-01,1.238,4.204
2016-02-01,0.847,4.491
2016-03-01,0.892,4.478
2016-04-01,1.173,4.464
2016-05-01,1.078,4.748
2016-06-01,1.079,4.425
2016-07-01,0.868,4.706
2016-08-01,1.055,4.692
2016-09-01,1.549,4.678
2016-10-01,1.686,5.248
2016-11-01,1.684,5.523
2016-12-01,2.051,5.507
2017-01-01,2.51,5.476
2017-02-01,2.81,5.444
2017-03-01,2.441,5.429
2017-04-01,2.176,5.698
2017-05-01,1.856,5.666
2017-06-01,1.641,5.932
2017-07-01,1.725,5.899
2017-08-01,1.928,6.162
2017-09-01,2.181,6.425
2017-10-01,2.021,6.094
2017-11-01,2.172,6.061
2017-12-01,2.13,6.044
2018-01-01,2.151,6.011
2018-02-01,2.263,5.707
2018-03-01,2.331,5.691
2018-04-01,2.471,5.66
2018-05-01,2.782,5.63
2018-06-01,2.808,5.6
2018-07-01,2.854,5.57
2018-08-01,2.643,5.277
2018-09-01,2.332,4.724
2018-10-01,2.492,4.439
2018-11-01,2.147,4.156
2018-12-01,2.002,4.404
2019-01-01,1.488,4.381
2019-02-01,1.519,4.37
2019-03-01,1.883,4.359
2019-04-01,2.001,4.082
2019-05-01,1.796,3.807
2019-06-01,1.671,3.535
2019-07-01,1.826,3.266
2019-08-01,1.738,3.258
2019-09-01,1.684,3.759
2019-10-01,1.734,3.5
2019-11-01,2.092,3.491
2019-12-01,2.32,3.226
2020-01-01,2.6,2.963
2020-02-01,2.341,2.956
2020-03-01,1.494,2.948
2020-04-01,0.313,3.186
2020-05-01,0.198,3.178
2020-06-01,0.717,3.415
2020-07-01,0.997,3.406
2020-08-01,1.281,3.641
2020-09-01,1.391,3.865
2020-10-01,1.23,4.831
2020-11-01,1.176,5.301
2020-12-01,1.32,5.529
2021-01-01,1.374,5.995
2021-02-01,1.67,5.742
2021-03-01,2.668,7.399
2021-04-01,4.133,7.363
2021-05-01,4.918,8.057
2021-06-01,5.296,8.255
2021-07-01,5.245,8.941
2021-08-01,5.152,9.602
2021-09-01,5.351,10
2021-10-01,6.235,10.138
2021-11-01,6.902,10.069
2021-12-01,7.174,10.706
2022-01-01,7.559,10.86
2022-02-01,7.937,11.538
2022-03-01,8.572,10.889
2022-04-01,8.232,11.947
2022-05-01,8.538,11.842
2022-06-01,8.979,12.2
2022-07-01,8.463,12.095
2022-08-01,8.223,11.752
2022-09-01,8.192,11.205
2022-10-01,7.759,10.46
2022-11-01,7.123,10.187
2022-12-01,6.405,9.259
2023-01-01,6.327,9.184
2023-02-01,5.958,9.533
2023-03-01,4.918,8.617
2023-04-01,4.95,7.905
2023-05-01,4.132,7.647
2023-06-01,3.071,7.379
2023-07-01,3.288,7.129
2023-08-01,3.723,6.692
2023-09-01,3.687,6.274
2023-10-01,3.251,6.061
2023-11-01,3.133,5.849
2023-12-01,3.316,6.215
2024-01-01,3.088,5.981
2024-02-01,3.157,5.556
2024-03-01,3.487,5.72
2024-04-01,3.361,5.495
2024-05-01,3.244,5.464
2024-06-01,2.97,5.063
2024-07-01,2.941,5.036
2024-08-01,2.607,5.197
2024-09-01,2.426,6.082
2024-10-01,2.579,6.429
2024-11-01,2.719,6.952
2024-12-01,2.871,6.738
2025-01-01,2.991,6.702
2025-02-01,2.802,6.667
2025-03-01,2.382,6.632
2025-04-01,2.325,6.424
2025-05-01,2.377,6.39
2025-06-01,2.68,6.713
2025-07-01,2.743,6.678
2025-08-01,2.939,6.814
2025-09-01,3.023,6.239
2025-10-01,,6.376
2025-11-01,2.696,6.5
2025-12-01,2.653,7.143
2026-01-01,2.391,7.438
2026-02-01,2.434,7.73
2026-03-01,3.286,7.856
2026-04-01,3.779,8.483
2026-05-01,4.167,8.929
2026-06-01,3.464,8.871
2026-07-01,3.304,8.989
2026-08-01,3.353,9.25
2026-09-01,,9.841
2026-10-01,,10.252
2026-11-01,,10.485
2026-12-01,,10.698
2027-01-01,,11.077
2027-02-01,,11.45
2027-03-01,,11.836
2027-04-01,,11.88
2027-05-01,,12.072
2027-06-01,,12.593
2027-07-01,,13.255
2027-08-01,,13.869
2027-09-01,,14.162
2027-10-01,,14.592
2027-11-01,,14.589
2027-12-01,,14.426
2028-01-01,,14.266
2028-02-01,,13.151
2028-03-01,,12.89
2028-04-01,,12.769
2028-05-01,,12.633
2028-06-01,,12.632
2028-07-01,,12.354
2028-08-01,,11.795
2028-09-01,,11.392
2028-10-01,,10.612
2028-11-01,,10.136
2028-12-01,,9.792
2029-01-01,,9.697
2029-02-01,,10.775
2029-03-01,,10.817
2029-04-01,,10.965
2029-05-01,,10.272
2029-06-01,,9.579
2029-07-01,,8.912
2029-08-01,,8.257
2029-09-01,,7.614
2029-10-01,,6.885
2029-11-01,,6.622
2029-12-01,,6.912
2030-01-01,,7.182
2030-02-01,,6.557
2030-03-01,,5.965
2030-04-01,,4.941
2030-05-01,,5.032
2030-06-01,,4.478
2030-07-01,,3.826
2030-08-01,,3.708
2030-09-01,,3.485
2030-10-01,,3.59
2030-11-01,,4
2030-12-01,,3.441
