date,flow,category,value
2017-01-01,exports,chips_telecom,6.478269293
2017-01-01,exports,computers,3.404654678
2017-01-01,exports,gold,2.147232397
2017-01-01,exports,other,101.127532259
2017-01-01,exports,pharmaceuticals,4.370332863
2017-01-01,imports,chips_telecom,9.956222056
2017-01-01,imports,computers,8.828496511
2017-01-01,imports,gold,0.800991313
2017-01-01,imports,other,156.866118203
2017-01-01,imports,pharmaceuticals,9.201866376
2017-02-01,exports,chips_telecom,6.317265291
2017-02-01,exports,computers,3.226508649
2017-02-01,exports,gold,1.811371252
2017-02-01,exports,other,103.239859585
2017-02-01,exports,pharmaceuticals,4.639153106
2017-02-01,imports,chips_telecom,8.832188875
2017-02-01,imports,computers,7.910370122
2017-02-01,imports,gold,1.080922011
2017-02-01,imports,other,142.447991844
2017-02-01,imports,pharmaceuticals,8.966663566
2017-03-01,exports,chips_telecom,7.874342473
2017-03-01,exports,computers,3.908313697
2017-03-01,exports,gold,1.728388309
2017-03-01,exports,other,117.708542013
2017-03-01,exports,pharmaceuticals,4.757442835
2017-03-01,imports,chips_telecom,10.639401777
2017-03-01,imports,computers,9.493145871
2017-03-01,imports,gold,1.200095698
2017-03-01,imports,other,162.935963926
2017-03-01,imports,pharmaceuticals,9.797528521
2017-04-01,exports,chips_telecom,6.719633322
2017-04-01,exports,computers,3.44271228
2017-04-01,exports,gold,1.514743913
2017-04-01,exports,other,107.968921957
2017-04-01,exports,pharmaceuticals,4.279267889
2017-04-01,imports,chips_telecom,9.829451804
2017-04-01,imports,computers,9.500806649
2017-04-01,imports,gold,0.824217638
2017-04-01,imports,other,157.414054721
2017-04-01,imports,pharmaceuticals,8.299691698
2017-05-01,exports,chips_telecom,6.679723895
2017-05-01,exports,computers,3.615754705
2017-05-01,exports,gold,1.895888333
2017-05-01,exports,other,111.207581494
2017-05-01,exports,pharmaceuticals,4.482185832
2017-05-01,imports,chips_telecom,10.672450139
2017-05-01,imports,computers,10.897137953
2017-05-01,imports,gold,0.85764376
2017-05-01,imports,other,168.278615855
2017-05-01,imports,pharmaceuticals,9.625041469
2017-06-01,exports,chips_telecom,7.10147774
2017-06-01,exports,computers,4.130812962
2017-06-01,exports,gold,1.878645437
2017-06-01,exports,other,115.040011971
2017-06-01,exports,pharmaceuticals,4.560223897
2017-06-01,imports,chips_telecom,10.942102821
2017-06-01,imports,computers,11.454541482
2017-06-01,imports,gold,0.860363458
2017-06-01,imports,other,165.700033641
2017-06-01,imports,pharmaceuticals,9.217356249
2017-07-01,exports,chips_telecom,6.964899412
2017-07-01,exports,computers,3.88576192
2017-07-01,exports,gold,1.320559092
2017-07-01,exports,other,106.230880146
2017-07-01,exports,pharmaceuticals,3.799553601
2017-07-01,imports,chips_telecom,10.078635209
2017-07-01,imports,computers,11.668479998
2017-07-01,imports,gold,0.903208718
2017-07-01,imports,other,161.126140036
2017-07-01,imports,pharmaceuticals,7.977999181
2017-08-01,exports,chips_telecom,7.934514337
2017-08-01,exports,computers,3.884208671
2017-08-01,exports,gold,1.491166533
2017-08-01,exports,other,111.401893515
2017-08-01,exports,pharmaceuticals,4.524780274
2017-08-01,imports,chips_telecom,11.144071149
2017-08-01,imports,computers,11.966312691
2017-08-01,imports,gold,0.855589672
2017-08-01,imports,other,168.292608724
2017-08-01,imports,pharmaceuticals,9.298652894
2017-09-01,exports,chips_telecom,7.318816696
2017-09-01,exports,computers,3.700959534
2017-09-01,exports,gold,1.729162213
2017-09-01,exports,other,113.947622894
2017-09-01,exports,pharmaceuticals,3.646306614
2017-09-01,imports,chips_telecom,11.045239221
2017-09-01,imports,computers,10.812859442
2017-09-01,imports,gold,0.885255287
2017-09-01,imports,other,162.96831035
2017-09-01,imports,pharmaceuticals,8.805592142
2017-10-01,exports,chips_telecom,7.388819167
2017-10-01,exports,computers,4.329032064
2017-10-01,exports,gold,1.705904324
2017-10-01,exports,other,118.516341602
2017-10-01,exports,pharmaceuticals,4.372400027
2017-10-01,imports,chips_telecom,11.283349686
2017-10-01,imports,computers,11.963578464
2017-10-01,imports,gold,1.07414754
2017-10-01,imports,other,177.0168932
2017-10-01,imports,pharmaceuticals,9.267887558
2017-11-01,exports,chips_telecom,7.778556845
2017-11-01,exports,computers,4.224862707
2017-11-01,exports,gold,1.208197972
2017-11-01,exports,other,118.446110624
2017-11-01,exports,pharmaceuticals,4.023818537
2017-11-01,imports,chips_telecom,12.127655612
2017-11-01,imports,computers,12.812626922
2017-11-01,imports,gold,1.043939511
2017-11-01,imports,other,172.368258673
2017-11-01,imports,pharmaceuticals,9.226172415
2017-12-01,exports,chips_telecom,7.465494642
2017-12-01,exports,computers,4.299297309
2017-12-01,exports,gold,1.392226463
2017-12-01,exports,other,119.30345869
2017-12-01,exports,pharmaceuticals,3.703001928
2017-12-01,imports,chips_telecom,11.500971401
2017-12-01,imports,computers,11.096657266
2017-12-01,imports,gold,1.163439454
2017-12-01,imports,other,165.787175001
2017-12-01,imports,pharmaceuticals,10.698146594
2018-01-01,exports,chips_telecom,7.082549019
2018-01-01,exports,computers,3.828319938
2018-01-01,exports,gold,1.651927908
2018-01-01,exports,other,107.957425181
2018-01-01,exports,pharmaceuticals,4.518237587
2018-01-01,imports,chips_telecom,10.057048641
2018-01-01,imports,computers,10.656236604
2018-01-01,imports,gold,0.867488212
2018-01-01,imports,other,170.174834799
2018-01-01,imports,pharmaceuticals,11.27327559
2018-02-01,exports,chips_telecom,6.475566772
2018-02-01,exports,computers,3.527841517
2018-02-01,exports,gold,2.203996913
2018-02-01,exports,other,112.147577971
2018-02-01,exports,pharmaceuticals,3.863769702
2018-02-01,imports,chips_telecom,9.458858228
2018-02-01,imports,computers,9.524535252
2018-02-01,imports,gold,0.905657779
2018-02-01,imports,other,156.325699936
2018-02-01,imports,pharmaceuticals,10.555451694
2018-03-01,exports,chips_telecom,7.40393217
2018-03-01,exports,computers,4.428225084
2018-03-01,exports,gold,2.183350471
2018-03-01,exports,other,130.712174899
2018-03-01,exports,pharmaceuticals,4.834149226
2018-03-01,imports,chips_telecom,10.391976391
2018-03-01,imports,computers,11.006616105
2018-03-01,imports,gold,0.914662875
2018-03-01,imports,other,173.860771482
2018-03-01,imports,pharmaceuticals,11.811458834
2018-04-01,exports,chips_telecom,6.892774297
2018-04-01,exports,computers,4.101903543
2018-04-01,exports,gold,1.931467235
2018-04-01,exports,other,120.949296735
2018-04-01,exports,pharmaceuticals,4.354950391
2018-04-01,imports,chips_telecom,10.071683622
2018-04-01,imports,computers,11.353629259
2018-04-01,imports,gold,0.863570816
2018-04-01,imports,other,172.14158556
2018-04-01,imports,pharmaceuticals,10.653908847
2018-05-01,exports,chips_telecom,6.916709244
2018-05-01,exports,computers,4.099208634
2018-05-01,exports,gold,1.2317244
2018-05-01,exports,other,128.296690579
2018-05-01,exports,pharmaceuticals,4.983323143
2018-05-01,imports,chips_telecom,11.433322693
2018-05-01,imports,computers,12.751877754
2018-05-01,imports,gold,0.930954285
2018-05-01,imports,other,179.824414681
2018-05-01,imports,pharmaceuticals,11.085944549
2018-06-01,exports,chips_telecom,7.342941015
2018-06-01,exports,computers,4.284058836
2018-06-01,exports,gold,1.692758085
2018-06-01,exports,other,127.457457385
2018-06-01,exports,pharmaceuticals,4.721331177
2018-06-01,imports,chips_telecom,10.890131317
2018-06-01,imports,computers,12.420438998
2018-06-01,imports,gold,0.816045
2018-06-01,imports,other,176.165092343
2018-06-01,imports,pharmaceuticals,10.960954787
2018-07-01,exports,chips_telecom,7.046555619
2018-07-01,exports,computers,4.217031807
2018-07-01,exports,gold,1.820052008
2018-07-01,exports,other,116.811108629
2018-07-01,exports,pharmaceuticals,3.913495451
2018-07-01,imports,chips_telecom,10.777932811
2018-07-01,imports,computers,13.046945301
2018-07-01,imports,gold,0.783843994
2018-07-01,imports,other,181.296814408
2018-07-01,imports,pharmaceuticals,10.948687847
2018-08-01,exports,chips_telecom,7.794977726
2018-08-01,exports,computers,3.649307701
2018-08-01,exports,gold,1.348789843
2018-08-01,exports,other,122.813766403
2018-08-01,exports,pharmaceuticals,4.610966955
2018-08-01,imports,chips_telecom,11.446411406
2018-08-01,imports,computers,12.340586992
2018-08-01,imports,gold,0.917469249
2018-08-01,imports,other,186.049685253
2018-08-01,imports,pharmaceuticals,11.142812205
2018-09-01,exports,chips_telecom,6.882213684
2018-09-01,exports,computers,4.11832111
2018-09-01,exports,gold,2.413780131
2018-09-01,exports,other,121.120675828
2018-09-01,exports,pharmaceuticals,4.853917839
2018-09-01,imports,chips_telecom,11.496340365
2018-09-01,imports,computers,12.156210681
2018-09-01,imports,gold,0.702398166
2018-09-01,imports,other,177.372763014
2018-09-01,imports,pharmaceuticals,9.589761913
2018-10-01,exports,chips_telecom,7.367532866
2018-10-01,exports,computers,4.670219917
2018-10-01,exports,gold,1.573934866
2018-10-01,exports,other,128.31985763
2018-10-01,exports,pharmaceuticals,5.150395118
2018-10-01,imports,chips_telecom,10.621522981
2018-10-01,imports,computers,12.385968787
2018-10-01,imports,gold,0.788045438
2018-10-01,imports,other,199.371235713
2018-10-01,imports,pharmaceuticals,12.690939256
2018-11-01,exports,chips_telecom,7.440187899
2018-11-01,exports,computers,4.367694371
2018-11-01,exports,gold,1.086715368
2018-11-01,exports,other,121.911966656
2018-11-01,exports,pharmaceuticals,4.471641293
2018-11-01,imports,chips_telecom,10.708851786
2018-11-01,imports,computers,12.380902725
2018-11-01,imports,gold,0.836124168
2018-11-01,imports,other,178.11872478
2018-11-01,imports,pharmaceuticals,11.448430555
2018-12-01,exports,chips_telecom,7.175878204
2018-12-01,exports,computers,4.214519812
2018-12-01,exports,gold,1.17257602
2018-12-01,exports,other,117.051751468
2018-12-01,exports,pharmaceuticals,4.321415677
2018-12-01,imports,chips_telecom,10.637054613
2018-12-01,imports,computers,12.16082206
2018-12-01,imports,gold,0.931425141
2018-12-01,imports,other,172.062819354
2018-12-01,imports,pharmaceuticals,10.785615783
2019-01-01,exports,chips_telecom,7.128495054
2019-01-01,exports,computers,4.313939706
2019-01-01,exports,gold,1.39810434
2019-01-01,exports,other,112.285490193
2019-01-01,exports,pharmaceuticals,4.74270746
2019-01-01,imports,chips_telecom,8.877432446
2019-01-01,imports,computers,10.300277307
2019-01-01,imports,gold,0.696529636
2019-01-01,imports,other,172.086905114
2019-01-01,imports,pharmaceuticals,12.019591032
2019-02-01,exports,chips_telecom,6.629242113
2019-02-01,exports,computers,3.77100969
2019-02-01,exports,gold,1.510716431
2019-02-01,exports,other,112.847160694
2019-02-01,exports,pharmaceuticals,5.316952418
2019-02-01,imports,chips_telecom,7.852027043
2019-02-01,imports,computers,8.666898123
2019-02-01,imports,gold,0.590133603
2019-02-01,imports,other,158.115684826
2019-02-01,imports,pharmaceuticals,10.042788735
2019-03-01,exports,chips_telecom,7.507079553
2019-03-01,exports,computers,4.34061658
2019-03-01,exports,gold,1.215775356
2019-03-01,exports,other,129.809931541
2019-03-01,exports,pharmaceuticals,5.675973503
2019-03-01,imports,chips_telecom,9.390414328
2019-03-01,imports,computers,10.105069492
2019-03-01,imports,gold,0.575805196
2019-03-01,imports,other,175.333910169
2019-03-01,imports,pharmaceuticals,12.105846965
2019-04-01,exports,chips_telecom,6.814325121
2019-04-01,exports,computers,4.13263353
2019-04-01,exports,gold,1.429834294
2019-04-01,exports,other,117.942867045
2019-04-01,exports,pharmaceuticals,4.757697855
2019-04-01,imports,chips_telecom,8.448987743
2019-04-01,imports,computers,10.406372206
2019-04-01,imports,gold,0.577955319
2019-04-01,imports,other,175.537739525
2019-04-01,imports,pharmaceuticals,13.771087826
2019-05-01,exports,chips_telecom,7.342208448
2019-05-01,exports,computers,4.169643223
2019-05-01,exports,gold,1.097528757
2019-05-01,exports,other,124.743758678
2019-05-01,exports,pharmaceuticals,5.178057769
2019-05-01,imports,chips_telecom,9.592995804
2019-05-01,imports,computers,11.711020546
2019-05-01,imports,gold,0.547266155
2019-05-01,imports,other,185.733732808
2019-05-01,imports,pharmaceuticals,12.622595716
2019-06-01,exports,chips_telecom,7.441338655
2019-06-01,exports,computers,3.883035069
2019-06-01,exports,gold,1.211061296
2019-06-01,exports,other,120.874421291
2019-06-01,exports,pharmaceuticals,4.874190712
2019-06-01,imports,chips_telecom,9.687418054
2019-06-01,imports,computers,12.233265592
2019-06-01,imports,gold,0.621817433
2019-06-01,imports,other,172.156143694
2019-06-01,imports,pharmaceuticals,11.832934513
2019-07-01,exports,chips_telecom,7.229942191
2019-07-01,exports,computers,3.679204132
2019-07-01,exports,gold,1.219139187
2019-07-01,exports,other,115.83185102
2019-07-01,exports,pharmaceuticals,5.475857802
2019-07-01,imports,chips_telecom,9.416938213
2019-07-01,imports,computers,11.455427011
2019-07-01,imports,gold,0.791112362
2019-07-01,imports,other,182.954800283
2019-07-01,imports,pharmaceuticals,13.692868678
2019-08-01,exports,chips_telecom,7.848974002
2019-08-01,exports,computers,3.871409525
2019-08-01,exports,gold,1.550303753
2019-08-01,exports,other,120.420620326
2019-08-01,exports,pharmaceuticals,4.974045023
2019-08-01,imports,chips_telecom,10.737098828
2019-08-01,imports,computers,10.64997655
2019-08-01,imports,gold,1.171437306
2019-08-01,imports,other,179.655600926
2019-08-01,imports,pharmaceuticals,13.031702571
2019-09-01,exports,chips_telecom,7.301981996
2019-09-01,exports,computers,3.519049106
2019-09-01,exports,gold,1.581054406
2019-09-01,exports,other,116.968187274
2019-09-01,exports,pharmaceuticals,5.011637875
2019-09-01,imports,chips_telecom,10.004718679
2019-09-01,imports,computers,10.197143053
2019-09-01,imports,gold,0.967901224
2019-09-01,imports,other,172.375710825
2019-09-01,imports,pharmaceuticals,12.603460527
2019-10-01,exports,chips_telecom,7.793386385
2019-10-01,exports,computers,3.883018058
2019-10-01,exports,gold,1.481387937
2019-10-01,exports,other,123.932063967
2019-10-01,exports,pharmaceuticals,5.388747745
2019-10-01,imports,chips_telecom,11.01806418
2019-10-01,imports,computers,12.102135074
2019-10-01,imports,gold,1.025499768
2019-10-01,imports,other,181.720022036
2019-10-01,imports,pharmaceuticals,13.035393474
2019-11-01,exports,chips_telecom,7.62230029
2019-11-01,exports,computers,3.546777423
2019-11-01,exports,gold,1.723597035
2019-11-01,exports,other,119.275458459
2019-11-01,exports,pharmaceuticals,4.96892253
2019-11-01,imports,chips_telecom,9.930163439
2019-11-01,imports,computers,11.650787176
2019-11-01,imports,gold,1.408639375
2019-11-01,imports,other,164.130613897
2019-11-01,imports,pharmaceuticals,11.854350806
2019-12-01,exports,chips_telecom,7.528193681
2019-12-01,exports,computers,3.812647647
2019-12-01,exports,gold,1.787844273
2019-12-01,exports,other,118.28529828
2019-12-01,exports,pharmaceuticals,4.041640946
2019-12-01,imports,chips_telecom,10.50250062
2019-12-01,imports,computers,11.27668686
2019-12-01,imports,gold,2.037430705
2019-12-01,imports,other,165.589263568
2019-12-01,imports,pharmaceuticals,12.471472763
2020-01-01,exports,chips_telecom,7.75312708
2020-01-01,exports,computers,3.572377211
2020-01-01,exports,gold,1.237829618
2020-01-01,exports,other,111.853746189
2020-01-01,exports,pharmaceuticals,4.702460647
2020-01-01,imports,chips_telecom,9.335211446
2020-01-01,imports,computers,9.885961381
2020-01-01,imports,gold,0.778408357
2020-01-01,imports,other,162.178967278
2020-01-01,imports,pharmaceuticals,13.61765561
2020-02-01,exports,chips_telecom,7.03131722
2020-02-01,exports,computers,3.301969992
2020-02-01,exports,gold,1.528708086
2020-02-01,exports,other,114.644943373
2020-02-01,exports,pharmaceuticals,4.610048025
2020-02-01,imports,chips_telecom,8.322734506
2020-02-01,imports,computers,7.501408473
2020-02-01,imports,gold,0.829247889
2020-02-01,imports,other,148.827494353
2020-02-01,imports,pharmaceuticals,12.627074767
2020-03-01,exports,chips_telecom,7.552335722
2020-03-01,exports,computers,3.536794794
2020-03-01,exports,gold,1.253456711
2020-03-01,exports,other,115.569251785
2020-03-01,exports,pharmaceuticals,5.383910168
2020-03-01,imports,chips_telecom,10.282312996
2020-03-01,imports,computers,9.6606239
2020-03-01,imports,gold,4.294577074
2020-03-01,imports,other,153.785023151
2020-03-01,imports,pharmaceuticals,15.900310778
2020-04-01,exports,chips_telecom,6.955238623
2020-04-01,exports,computers,3.127428944
2020-04-01,exports,gold,1.596817927
2020-04-01,exports,other,78.349719951
2020-04-01,exports,pharmaceuticals,4.679749132
2020-04-01,imports,chips_telecom,8.225186303
2020-04-01,imports,computers,11.347729741
2020-04-01,imports,gold,12.157616279
2020-04-01,imports,other,119.600979534
2020-04-01,imports,pharmaceuticals,14.280373832
2020-05-01,exports,chips_telecom,6.325969198
2020-05-01,exports,computers,2.750486272
2020-05-01,exports,gold,1.423822712
2020-05-01,exports,other,75.692827998
2020-05-01,exports,pharmaceuticals,4.833658801
2020-05-01,imports,chips_telecom,8.828974524
2020-05-01,imports,computers,11.84018936
2020-05-01,imports,gold,14.638703596
2020-05-01,imports,other,115.349087055
2020-05-01,imports,pharmaceuticals,12.837124862
2020-06-01,exports,chips_telecom,7.522389938
2020-06-01,exports,computers,3.406079746
2020-06-01,exports,gold,1.435678922
2020-06-01,exports,other,87.781491687
2020-06-01,exports,pharmaceuticals,4.976804372
2020-06-01,imports,chips_telecom,9.963076854
2020-06-01,imports,computers,13.609649904
2020-06-01,imports,gold,5.78049168
2020-06-01,imports,other,135.627056928
2020-06-01,imports,pharmaceuticals,14.157839805
2020-07-01,exports,chips_telecom,8.140005673
2020-07-01,exports,computers,3.666293123
2020-07-01,exports,gold,1.028704581
2020-07-01,exports,other,95.881229023
2020-07-01,exports,pharmaceuticals,4.587303488
2020-07-01,imports,chips_telecom,9.615060549
2020-07-01,imports,computers,13.193903972
2020-07-01,imports,gold,7.901158242
2020-07-01,imports,other,156.709847013
2020-07-01,imports,pharmaceuticals,12.507728036
2020-08-01,exports,chips_telecom,6.754159755
2020-08-01,exports,computers,3.166810707
2020-08-01,exports,gold,2.757645447
2020-08-01,exports,other,100.613091699
2020-08-01,exports,pharmaceuticals,5.060108012
2020-08-01,imports,chips_telecom,9.824887549
2020-08-01,imports,computers,12.671895437
2020-08-01,imports,gold,3.943174077
2020-08-01,imports,other,163.122381652
2020-08-01,imports,pharmaceuticals,13.549709941
2020-09-01,exports,chips_telecom,7.154019533
2020-09-01,exports,computers,3.507505118
2020-09-01,exports,gold,2.044401204
2020-09-01,exports,other,103.53408601
2020-09-01,exports,pharmaceuticals,5.207888459
2020-09-01,imports,chips_telecom,10.67503419
2020-09-01,imports,computers,13.253394898
2020-09-01,imports,gold,1.88630461
2020-09-01,imports,other,166.302848152
2020-09-01,imports,pharmaceuticals,13.966086619
2020-10-01,exports,chips_telecom,7.943334703
2020-10-01,exports,computers,3.922929458
2020-10-01,exports,gold,2.1791832
2020-10-01,exports,other,113.099180899
2020-10-01,exports,pharmaceuticals,5.493864455
2020-10-01,imports,chips_telecom,10.738286166
2020-10-01,imports,computers,14.558178939
2020-10-01,imports,gold,2.292508355
2020-10-01,imports,other,177.599746777
2020-10-01,imports,pharmaceuticals,13.763888294
2020-11-01,exports,chips_telecom,7.359414534
2020-11-01,exports,computers,3.441254704
2020-11-01,exports,gold,2.164306139
2020-11-01,exports,other,109.09410947
2020-11-01,exports,pharmaceuticals,5.173123211
2020-11-01,imports,chips_telecom,10.272815961
2020-11-01,imports,computers,13.846921397
2020-11-01,imports,gold,2.181827086
2020-11-01,imports,other,173.251271017
2020-11-01,imports,pharmaceuticals,12.900479351
2020-12-01,exports,chips_telecom,8.054727107
2020-12-01,exports,computers,3.786475659
2020-12-01,exports,gold,1.869588557
2020-12-01,exports,other,114.421560038
2020-12-01,exports,pharmaceuticals,4.498659209
2020-12-01,imports,chips_telecom,10.682671001
2020-12-01,imports,computers,14.378534079
2020-12-01,imports,gold,3.076946151
2020-12-01,imports,other,173.929827033
2020-12-01,imports,pharmaceuticals,12.808772062
2021-01-01,exports,chips_telecom,7.782583818
2021-01-01,exports,computers,3.701568729
2021-01-01,exports,gold,1.505634872
2021-01-01,exports,other,110.23798526
2021-01-01,exports,pharmaceuticals,4.925448082
2021-01-01,imports,chips_telecom,9.149355003
2021-01-01,imports,computers,12.564538345
2021-01-01,imports,gold,2.120735694
2021-01-01,imports,other,164.981038467
2021-01-01,imports,pharmaceuticals,15.812602717
2021-02-01,exports,chips_telecom,6.768592919
2021-02-01,exports,computers,3.191994064
2021-02-01,exports,gold,2.014833487
2021-02-01,exports,other,106.949125068
2021-02-01,exports,pharmaceuticals,5.264527388
2021-02-01,imports,chips_telecom,8.600682479
2021-02-01,imports,computers,10.794010242
2021-02-01,imports,gold,2.639167925
2021-02-01,imports,other,158.539754335
2021-02-01,imports,pharmaceuticals,12.86144264
2021-03-01,exports,chips_telecom,8.461436336
2021-03-01,exports,computers,4.059610157
2021-03-01,exports,gold,5.391547579
2021-03-01,exports,other,128.566271717
2021-03-01,exports,pharmaceuticals,6.174862082
2021-03-01,imports,chips_telecom,12.081852774
2021-03-01,imports,computers,13.475256855
2021-03-01,imports,gold,1.358223699
2021-03-01,imports,other,195.597377428
2021-03-01,imports,pharmaceuticals,14.404453576
2021-04-01,exports,chips_telecom,8.509319593
2021-04-01,exports,computers,3.734326134
2021-04-01,exports,gold,4.053444653
2021-04-01,exports,other,122.477572403
2021-04-01,exports,pharmaceuticals,5.238810727
2021-04-01,imports,chips_telecom,10.558012513
2021-04-01,imports,computers,13.38369023
2021-04-01,imports,gold,1.265195856
2021-04-01,imports,other,187.881832962
2021-04-01,imports,pharmaceuticals,13.373090041
2021-05-01,exports,chips_telecom,8.429772461
2021-05-01,exports,computers,3.697780518
2021-05-01,exports,gold,1.841773391
2021-05-01,exports,other,125.530611164
2021-05-01,exports,pharmaceuticals,6.329016968
2021-05-01,imports,chips_telecom,11.201773355
2021-05-01,imports,computers,13.268964088
2021-05-01,imports,gold,1.396022659
2021-05-01,imports,other,190.85769936
2021-05-01,imports,pharmaceuticals,13.689537688
2021-06-01,exports,chips_telecom,8.727255161
2021-06-01,exports,computers,3.892399938
2021-06-01,exports,gold,1.188377019
2021-06-01,exports,other,126.86182308
2021-06-01,exports,pharmaceuticals,7.396744574
2021-06-01,imports,chips_telecom,11.81697882
2021-06-01,imports,computers,14.022927256
2021-06-01,imports,gold,2.943063629
2021-06-01,imports,other,199.350051763
2021-06-01,imports,pharmaceuticals,14.189097256
2021-07-01,exports,chips_telecom,8.539832854
2021-07-01,exports,computers,3.954480658
2021-07-01,exports,gold,1.560260855
2021-07-01,exports,other,123.808645337
2021-07-01,exports,pharmaceuticals,6.422249613
2021-07-01,imports,chips_telecom,10.968399649
2021-07-01,imports,computers,14.724220247
2021-07-01,imports,gold,1.773838292
2021-07-01,imports,other,196.637158361
2021-07-01,imports,pharmaceuticals,13.198784373
2021-08-01,exports,chips_telecom,8.348846142
2021-08-01,exports,computers,3.979376164
2021-08-01,exports,gold,3.233917113
2021-08-01,exports,other,125.678800952
2021-08-01,exports,pharmaceuticals,7.06433746
2021-08-01,imports,chips_telecom,11.731522949
2021-08-01,imports,computers,13.904609217
2021-08-01,imports,gold,1.476440852
2021-08-01,imports,other,202.242077838
2021-08-01,imports,pharmaceuticals,15.876880129
2021-09-01,exports,chips_telecom,8.083150352
2021-09-01,exports,computers,3.845552503
2021-09-01,exports,gold,1.389903661
2021-09-01,exports,other,120.402361244
2021-09-01,exports,pharmaceuticals,8.625587985
2021-09-01,imports,chips_telecom,12.22258078
2021-09-01,imports,computers,15.141635802
2021-09-01,imports,gold,1.159456917
2021-09-01,imports,other,201.657451237
2021-09-01,imports,pharmaceuticals,14.174719965
2021-10-01,exports,chips_telecom,8.735092756
2021-10-01,exports,computers,4.348288888
2021-10-01,exports,gold,2.391353434
2021-10-01,exports,other,140.056981419
2021-10-01,exports,pharmaceuticals,8.588748538
2021-10-01,imports,chips_telecom,11.638211138
2021-10-01,imports,computers,16.078932816
2021-10-01,imports,gold,1.353555801
2021-10-01,imports,other,208.253590493
2021-10-01,imports,pharmaceuticals,13.887598631
2021-11-01,exports,chips_telecom,7.987372074
2021-11-01,exports,computers,3.99898643
2021-11-01,exports,gold,1.074624075
2021-11-01,exports,other,134.772348799
2021-11-01,exports,pharmaceuticals,8.666029418
2021-11-01,imports,chips_telecom,12.341667356
2021-11-01,imports,computers,15.985815857
2021-11-01,imports,gold,2.877395956
2021-11-01,imports,other,212.946892762
2021-11-01,imports,pharmaceuticals,15.238390195
2021-12-01,exports,chips_telecom,8.608853251
2021-12-01,exports,computers,4.313040178
2021-12-01,exports,gold,2.153615663
2021-12-01,exports,other,135.726450952
2021-12-01,exports,pharmaceuticals,8.479587312
2021-12-01,imports,chips_telecom,13.344467577
2021-12-01,imports,computers,16.103974088
2021-12-01,imports,gold,1.924299793
2021-12-01,imports,other,210.812877833
2021-12-01,imports,pharmaceuticals,14.65962334
2022-01-01,exports,chips_telecom,8.192682757
2022-01-01,exports,computers,3.918942547
2022-01-01,exports,gold,2.057539845
2022-01-01,exports,other,128.259897308
2022-01-01,exports,pharmaceuticals,6.436413606
2022-01-01,imports,chips_telecom,11.222407516
2022-01-01,imports,computers,14.040357654
2022-01-01,imports,gold,1.277518139
2022-01-01,imports,other,205.841062398
2022-01-01,imports,pharmaceuticals,14.627295531
2022-02-01,exports,chips_telecom,7.527842993
2022-02-01,exports,computers,3.678025924
2022-02-01,exports,gold,1.498354456
2022-02-01,exports,other,130.886904705
2022-02-01,exports,pharmaceuticals,7.928774549
2022-02-01,imports,chips_telecom,10.360281766
2022-02-01,imports,computers,11.993866197
2022-02-01,imports,gold,1.170682775
2022-02-01,imports,other,195.894004713
2022-02-01,imports,pharmaceuticals,14.536570057
2022-03-01,exports,chips_telecom,8.982373157
2022-03-01,exports,computers,4.234618856
2022-03-01,exports,gold,1.356518587
2022-03-01,exports,other,157.527067986
2022-03-01,exports,pharmaceuticals,8.38676997
2022-03-01,imports,chips_telecom,13.391229774
2022-03-01,imports,computers,16.808352884
2022-03-01,imports,gold,8.493642738
2022-03-01,imports,other,239.384920994
2022-03-01,imports,pharmaceuticals,17.593725655
2022-04-01,exports,chips_telecom,8.191885244
2022-04-01,exports,computers,4.118593631
2022-04-01,exports,gold,1.375182897
2022-04-01,exports,other,154.866442398
2022-04-01,exports,pharmaceuticals,6.508662646
2022-04-01,imports,chips_telecom,12.325688962
2022-04-01,imports,computers,14.465874392
2022-04-01,imports,gold,2.194660945
2022-04-01,imports,other,228.719852117
2022-04-01,imports,pharmaceuticals,14.709037904
2022-05-01,exports,chips_telecom,8.042639296
2022-05-01,exports,computers,3.80950475
2022-05-01,exports,gold,2.916134951
2022-05-01,exports,other,157.392254278
2022-05-01,exports,pharmaceuticals,7.840961807
2022-05-01,imports,chips_telecom,12.996581367
2022-05-01,imports,computers,14.319258861
2022-05-01,imports,gold,1.618294544
2022-05-01,imports,other,240.13524328
2022-05-01,imports,pharmaceuticals,16.217783131
2022-06-01,exports,chips_telecom,8.52024495
2022-06-01,exports,computers,3.843900238
2022-06-01,exports,gold,4.271301816
2022-06-01,exports,other,158.834298874
2022-06-01,exports,pharmaceuticals,7.808055457
2022-06-01,imports,chips_telecom,13.895602317
2022-06-01,imports,computers,16.924443866
2022-06-01,imports,gold,1.545983607
2022-06-01,imports,other,236.98433963
2022-06-01,imports,pharmaceuticals,16.62759695
2022-07-01,exports,chips_telecom,8.546641531
2022-07-01,exports,computers,4.394312424
2022-07-01,exports,gold,6.315356716
2022-07-01,exports,other,151.064114891
2022-07-01,exports,pharmaceuticals,6.546845469
2022-07-01,imports,chips_telecom,12.614242564
2022-07-01,imports,computers,16.462113924
2022-07-01,imports,gold,1.220917943
2022-07-01,imports,other,227.909856292
2022-07-01,imports,pharmaceuticals,12.183831099
2022-08-01,exports,chips_telecom,8.202466859
2022-08-01,exports,computers,4.157208595
2022-08-01,exports,gold,4.877801529
2022-08-01,exports,other,156.833683858
2022-08-01,exports,pharmaceuticals,7.706468505
2022-08-01,imports,chips_telecom,13.379725762
2022-08-01,imports,computers,16.046170348
2022-08-01,imports,gold,1.148754779
2022-08-01,imports,other,236.319799226
2022-08-01,imports,pharmaceuticals,16.378502015
2022-09-01,exports,chips_telecom,8.869012417
2022-09-01,exports,computers,4.381457354
2022-09-01,exports,gold,3.573952608
2022-09-01,exports,other,151.102323175
2022-09-01,exports,pharmaceuticals,8.63263606
2022-09-01,imports,chips_telecom,15.223561942
2022-09-01,imports,computers,15.05759576
2022-09-01,imports,gold,0.933146085
2022-09-01,imports,other,227.40089252
2022-09-01,imports,pharmaceuticals,16.437930605
2022-10-01,exports,chips_telecom,9.019999532
2022-10-01,exports,computers,4.901341475
2022-10-01,exports,gold,4.106181837
2022-10-01,exports,other,155.282286511
2022-10-01,exports,pharmaceuticals,6.85101061
2022-10-01,imports,chips_telecom,14.830507911
2022-10-01,imports,computers,15.903352463
2022-10-01,imports,gold,1.441254151
2022-10-01,imports,other,230.619810876
2022-10-01,imports,pharmaceuticals,18.644497032
2022-11-01,exports,chips_telecom,8.477204698
2022-11-01,exports,computers,4.281500715
2022-11-01,exports,gold,3.256835548
2022-11-01,exports,other,146.508397375
2022-11-01,exports,pharmaceuticals,8.272780452
2022-11-01,imports,chips_telecom,13.78373968
2022-11-01,imports,computers,14.240022896
2022-11-01,imports,gold,1.264651986
2022-11-01,imports,other,209.867792087
2022-11-01,imports,pharmaceuticals,16.415747106
2022-12-01,exports,chips_telecom,8.669102166
2022-12-01,exports,computers,4.230603106
2022-12-01,exports,gold,1.56828912
2022-12-01,exports,other,146.385500777
2022-12-01,exports,pharmaceuticals,6.419941448
2022-12-01,imports,chips_telecom,13.232368075
2022-12-01,imports,computers,13.449677681
2022-12-01,imports,gold,1.293872287
2022-12-01,imports,other,210.323940938
2022-12-01,imports,pharmaceuticals,15.388498064
2023-01-01,exports,chips_telecom,8.117770911
2023-01-01,exports,computers,3.969257966
2023-01-01,exports,gold,2.90297267
2023-01-01,exports,other,140.022341026
2023-01-01,exports,pharmaceuticals,9.741126601
2023-01-01,imports,chips_telecom,12.286921376
2023-01-01,imports,computers,10.95894717
2023-01-01,imports,gold,1.210791126
2023-01-01,imports,other,213.505817137
2023-01-01,imports,pharmaceuticals,16.64192664
2023-02-01,exports,chips_telecom,7.100083116
2023-02-01,exports,computers,3.613337218
2023-02-01,exports,gold,2.483387273
2023-02-01,exports,other,137.816219205
2023-02-01,exports,pharmaceuticals,7.697799748
2023-02-01,imports,chips_telecom,11.230513722
2023-02-01,imports,computers,10.296725143
2023-02-01,imports,gold,0.823512609
2023-02-01,imports,other,192.08876896
2023-02-01,imports,pharmaceuticals,15.71402402
2023-03-01,exports,chips_telecom,8.759237372
2023-03-01,exports,computers,4.354060659
2023-03-01,exports,gold,1.266998506
2023-03-01,exports,other,158.891406664
2023-03-01,exports,pharmaceuticals,10.16414149
2023-03-01,imports,chips_telecom,13.478058238
2023-03-01,imports,computers,12.532148728
2023-03-01,imports,gold,2.32373403
2023-03-01,imports,other,213.856342678
2023-03-01,imports,pharmaceuticals,19.037166163
2023-04-01,exports,chips_telecom,7.247982839
2023-04-01,exports,computers,3.919278694
2023-04-01,exports,gold,1.161302841
2023-04-01,exports,other,141.654916562
2023-04-01,exports,pharmaceuticals,8.413617006
2023-04-01,imports,chips_telecom,11.558002852
2023-04-01,imports,computers,11.289782523
2023-04-01,imports,gold,4.752194727
2023-04-01,imports,other,206.563567717
2023-04-01,imports,pharmaceuticals,15.686044074
2023-05-01,exports,chips_telecom,7.469392574
2023-05-01,exports,computers,3.735673725
2023-05-01,exports,gold,1.416741704
2023-05-01,exports,other,146.234670938
2023-05-01,exports,pharmaceuticals,8.19395833
2023-05-01,imports,chips_telecom,12.46937228
2023-05-01,imports,computers,13.785766697
2023-05-01,imports,gold,3.819371271
2023-05-01,imports,other,217.966783242
2023-05-01,imports,pharmaceuticals,15.137021745
2023-06-01,exports,chips_telecom,8.251545177
2023-06-01,exports,computers,4.096471723
2023-06-01,exports,gold,1.935687332
2023-06-01,exports,other,145.310170289
2023-06-01,exports,pharmaceuticals,7.752701023
2023-06-01,imports,chips_telecom,12.760038196
2023-06-01,imports,computers,13.33556156
2023-06-01,imports,gold,2.254276701
2023-06-01,imports,other,211.78698374
2023-06-01,imports,pharmaceuticals,17.06964593
2023-07-01,exports,chips_telecom,7.947358076
2023-07-01,exports,computers,3.9030958
2023-07-01,exports,gold,2.646520374
2023-07-01,exports,other,138.079762302
2023-07-01,exports,pharmaceuticals,7.874180971
2023-07-01,imports,chips_telecom,12.413361132
2023-07-01,imports,computers,13.051823111
2023-07-01,imports,gold,1.605516014
2023-07-01,imports,other,211.765726633
2023-07-01,imports,pharmaceuticals,16.485477804
2023-08-01,exports,chips_telecom,8.316811348
2023-08-01,exports,computers,4.412307718
2023-08-01,exports,gold,2.885905433
2023-08-01,exports,other,148.684587107
2023-08-01,exports,pharmaceuticals,9.023417483
2023-08-01,imports,chips_telecom,12.749842421
2023-08-01,imports,computers,13.536870539
2023-08-01,imports,gold,2.66624876
2023-08-01,imports,other,217.870917328
2023-08-01,imports,pharmaceuticals,18.71991233
2023-09-01,exports,chips_telecom,8.334054345
2023-09-01,exports,computers,3.849539679
2023-09-01,exports,gold,2.602954871
2023-09-01,exports,other,148.865296537
2023-09-01,exports,pharmaceuticals,8.575220995
2023-09-01,imports,chips_telecom,13.071333094
2023-09-01,imports,computers,13.491993247
2023-09-01,imports,gold,2.015564615
2023-09-01,imports,other,215.573000228
2023-09-01,imports,pharmaceuticals,16.684914963
2023-10-01,exports,chips_telecom,8.778637572
2023-10-01,exports,computers,4.292859884
2023-10-01,exports,gold,3.170739626
2023-10-01,exports,other,153.886719026
2023-10-01,exports,pharmaceuticals,8.377729748
2023-10-01,imports,chips_telecom,13.34284042
2023-10-01,imports,computers,15.667618195
2023-10-01,imports,gold,2.194676236
2023-10-01,imports,other,225.957841378
2023-10-01,imports,pharmaceuticals,19.030185099
2023-11-01,exports,chips_telecom,7.802217647
2023-11-01,exports,computers,4.177520764
2023-11-01,exports,gold,1.297084786
2023-11-01,exports,other,144.648155433
2023-11-01,exports,pharmaceuticals,7.869009722
2023-11-01,imports,chips_telecom,12.705829905
2023-11-01,imports,computers,15.04970939
2023-11-01,imports,gold,2.257418342
2023-11-01,imports,other,208.992743312
2023-11-01,imports,pharmaceuticals,16.4194968
2023-12-01,exports,chips_telecom,8.067744633
2023-12-01,exports,computers,4.647741537
2023-12-01,exports,gold,2.021209282
2023-12-01,exports,other,146.015982662
2023-12-01,exports,pharmaceuticals,7.190645066
2023-12-01,imports,chips_telecom,12.890437955
2023-12-01,imports,computers,12.712313312
2023-12-01,imports,gold,1.715838461
2023-12-01,imports,other,203.066512417
2023-12-01,imports,pharmaceuticals,16.626531188
2024-01-01,exports,chips_telecom,8.120082625
2024-01-01,exports,computers,4.166339504
2024-01-01,exports,gold,3.114306481
2024-01-01,exports,other,136.954753625
2024-01-01,exports,pharmaceuticals,8.12505995
2024-01-01,imports,chips_telecom,12.175863993
2024-01-01,imports,computers,13.276901448
2024-01-01,imports,gold,1.498536238
2024-01-01,imports,other,207.835097258
2024-01-01,imports,pharmaceuticals,18.740480968
2024-02-01,exports,chips_telecom,7.338996493
2024-02-01,exports,computers,4.494047091
2024-02-01,exports,gold,3.746807086
2024-02-01,exports,other,144.461212545
2024-02-01,exports,pharmaceuticals,7.826341589
2024-02-01,imports,chips_telecom,11.07846111
2024-02-01,imports,computers,12.43416702
2024-02-01,imports,gold,1.056413015
2024-02-01,imports,other,200.550466102
2024-02-01,imports,pharmaceuticals,16.908222472
2024-03-01,exports,chips_telecom,8.165412174
2024-03-01,exports,computers,5.369714817
2024-03-01,exports,gold,2.878380165
2024-03-01,exports,other,153.424548009
2024-03-01,exports,pharmaceuticals,9.997582598
2024-03-01,imports,chips_telecom,12.607905767
2024-03-01,imports,computers,15.107257691
2024-03-01,imports,gold,1.199690235
2024-03-01,imports,other,210.170034313
2024-03-01,imports,pharmaceuticals,19.755214208
2024-04-01,exports,chips_telecom,7.862916714
2024-04-01,exports,computers,5.128555997
2024-04-01,exports,gold,2.226410634
2024-04-01,exports,other,146.7421068
2024-04-01,exports,pharmaceuticals,9.564293802
2024-04-01,imports,chips_telecom,12.980823234
2024-04-01,imports,computers,16.549908756
2024-04-01,imports,gold,1.189154168
2024-04-01,imports,other,217.521898357
2024-04-01,imports,pharmaceuticals,22.523274679
2024-05-01,exports,chips_telecom,8.344750924
2024-05-01,exports,computers,5.478598419
2024-05-01,exports,gold,1.686409073
2024-05-01,exports,other,147.975576308
2024-05-01,exports,pharmaceuticals,9.74082714
2024-05-01,imports,chips_telecom,13.368335939
2024-05-01,imports,computers,17.891026086
2024-05-01,imports,gold,1.44206093
2024-05-01,imports,other,223.889783942
2024-05-01,imports,pharmaceuticals,18.175951819
2024-06-01,exports,chips_telecom,8.748788454
2024-06-01,exports,computers,6.138583087
2024-06-01,exports,gold,1.694041261
2024-06-01,exports,other,147.857232278
2024-06-01,exports,pharmaceuticals,9.811445366
2024-06-01,imports,chips_telecom,14.654892145
2024-06-01,imports,computers,18.585768141
2024-06-01,imports,gold,1.601690164
2024-06-01,imports,other,211.439467094
2024-06-01,imports,pharmaceuticals,19.389344811
2024-07-01,exports,chips_telecom,10.5878266
2024-07-01,exports,computers,6.146577455
2024-07-01,exports,gold,1.413424206
2024-07-01,exports,other,142.229851694
2024-07-01,exports,pharmaceuticals,8.569314549
2024-07-01,imports,chips_telecom,14.365317395
2024-07-01,imports,computers,21.793295645
2024-07-01,imports,gold,3.542000077
2024-07-01,imports,other,227.114507829
2024-07-01,imports,pharmaceuticals,20.912584374
2024-08-01,exports,chips_telecom,10.595923278
2024-08-01,exports,computers,6.860772226
2024-08-01,exports,gold,2.939617485
2024-08-01,exports,other,149.214920262
2024-08-01,exports,pharmaceuticals,10.443271803
2024-08-01,imports,chips_telecom,14.16726994
2024-08-01,imports,computers,20.642962531
2024-08-01,imports,gold,1.348095343
2024-08-01,imports,other,219.951325927
2024-08-01,imports,pharmaceuticals,20.817716267
2024-09-01,exports,chips_telecom,8.971597146
2024-09-01,exports,computers,6.64751028
2024-09-01,exports,gold,2.604780089
2024-09-01,exports,other,144.186983416
2024-09-01,exports,pharmaceuticals,8.815890282
2024-09-01,imports,chips_telecom,16.198376387
2024-09-01,imports,computers,21.212667291
2024-09-01,imports,gold,2.720934007
2024-09-01,imports,other,223.771037269
2024-09-01,imports,pharmaceuticals,21.811901727
2024-10-01,exports,chips_telecom,9.640140914
2024-10-01,exports,computers,6.494911566
2024-10-01,exports,gold,2.71381268
2024-10-01,exports,other,148.976964939
2024-10-01,exports,pharmaceuticals,8.900433747
2024-10-01,imports,chips_telecom,14.931702959
2024-10-01,imports,computers,20.446349863
2024-10-01,imports,gold,2.869483942
2024-10-01,imports,other,227.502157805
2024-10-01,imports,pharmaceuticals,23.100455664
2024-11-01,exports,chips_telecom,9.00444971
2024-11-01,exports,computers,6.315037096
2024-11-01,exports,gold,2.007365806
2024-11-01,exports,other,147.785439514
2024-11-01,exports,pharmaceuticals,9.214586242
2024-11-01,imports,chips_telecom,14.440562916
2024-11-01,imports,computers,19.154891126
2024-11-01,imports,gold,4.244784344
2024-11-01,imports,other,215.616936517
2024-11-01,imports,pharmaceuticals,20.829285254
2024-12-01,exports,chips_telecom,8.782487288
2024-12-01,exports,computers,5.37571622
2024-12-01,exports,gold,2.617662594
2024-12-01,exports,other,141.121116855
2024-12-01,exports,pharmaceuticals,6.661924876
2024-12-01,imports,chips_telecom,14.972827106
2024-12-01,imports,computers,20.279441238
2024-12-01,imports,gold,12.899529773
2024-12-01,imports,other,214.600190888
2024-12-01,imports,pharmaceuticals,22.036570621
2025-01-01,exports,chips_telecom,9.858242448
2025-01-01,exports,computers,5.835265265
2025-01-01,exports,gold,1.531581102
2025-01-01,exports,other,139.440464203
2025-01-01,exports,pharmaceuticals,8.336562598
2025-01-01,imports,chips_telecom,13.756764111
2025-01-01,imports,computers,22.11563935
2025-01-01,imports,gold,32.477514387
2025-01-01,imports,other,221.388870123
2025-01-01,imports,pharmaceuticals,28.265054763
2025-02-01,exports,chips_telecom,8.571049195
2025-02-01,exports,computers,5.910960279
2025-02-01,exports,gold,4.730050756
2025-02-01,exports,other,139.73770638
2025-02-01,exports,pharmaceuticals,8.258419179
2025-02-01,imports,chips_telecom,12.222356074
2025-02-01,imports,computers,19.727166654
2025-02-01,imports,gold,25.410129952
2025-02-01,imports,other,202.599688089
2025-02-01,imports,pharmaceuticals,27.85520431
2025-03-01,exports,chips_telecom,9.684455496
2025-03-01,exports,computers,7.739055479
2025-03-01,exports,gold,5.478706241
2025-03-01,exports,other,158.08566251
2025-03-01,exports,pharmaceuticals,10.458977549
2025-03-01,imports,chips_telecom,15.810774457
2025-03-01,imports,computers,25.622392026
2025-03-01,imports,gold,16.013360012
2025-03-01,imports,other,232.173873556
2025-03-01,imports,pharmaceuticals,52.665639215
2025-04-01,exports,chips_telecom,9.844295151
2025-04-01,exports,computers,7.664777635
2025-04-01,exports,gold,10.296762553
2025-04-01,exports,other,152.948631476
2025-04-01,exports,pharmaceuticals,8.376129796
2025-04-01,imports,chips_telecom,14.5065858
2025-04-01,imports,computers,25.487206862
2025-04-01,imports,gold,2.39432288
2025-04-01,imports,other,208.836613987
2025-04-01,imports,pharmaceuticals,24.458251493
2025-05-01,exports,chips_telecom,9.145352132
2025-05-01,exports,computers,8.773117787
2025-05-01,exports,gold,5.491585614
2025-05-01,exports,other,151.045229019
2025-05-01,exports,pharmaceuticals,9.754368896
2025-05-01,imports,chips_telecom,15.118125826
2025-05-01,imports,computers,28.667490411
2025-05-01,imports,gold,1.127323276
2025-05-01,imports,other,204.919891734
2025-05-01,imports,pharmaceuticals,25.958078107
2025-06-01,exports,chips_telecom,9.45576987
2025-06-01,exports,computers,7.889099796
2025-06-01,exports,gold,2.599222841
2025-06-01,exports,other,148.835487117
2025-06-01,exports,pharmaceuticals,11.758466468
2025-06-01,imports,chips_telecom,16.411438145
2025-06-01,imports,computers,29.876389814
2025-06-01,imports,gold,1.083405173
2025-06-01,imports,other,200.78240022
2025-06-01,imports,pharmaceuticals,17.25343292
2025-07-01,exports,chips_telecom,9.376225735
2025-07-01,exports,computers,9.206773375
2025-07-01,exports,gold,4.42982457
2025-07-01,exports,other,142.217118966
2025-07-01,exports,pharmaceuticals,10.227082244
2025-07-01,imports,chips_telecom,16.080461092
2025-07-01,imports,computers,32.524275869
2025-07-01,imports,gold,10.733855718
2025-07-01,imports,other,216.429873244
2025-07-01,imports,pharmaceuticals,16.364303439
2025-08-01,exports,chips_telecom,9.603561042
2025-08-01,exports,computers,10.908807311
2025-08-01,exports,gold,3.873061749
2025-08-01,exports,other,144.847893545
2025-08-01,exports,pharmaceuticals,10.215102834
2025-08-01,imports,chips_telecom,14.30491587
2025-08-01,imports,computers,31.21481398
2025-08-01,imports,gold,1.446605013
2025-08-01,imports,other,200.942307168
2025-08-01,imports,pharmaceuticals,14.681609746
2025-09-01,exports,chips_telecom,8.906967317
2025-09-01,exports,computers,8.404989826
2025-09-01,exports,gold,9.651639857
2025-09-01,exports,other,145.520078725
2025-09-01,exports,pharmaceuticals,12.701067773
2025-09-01,imports,chips_telecom,16.133878181
2025-09-01,imports,computers,29.711021294
2025-09-01,imports,gold,3.460486354
2025-09-01,imports,other,197.747023574
2025-09-01,imports,pharmaceuticals,29.754987059
2025-10-01,exports,chips_telecom,10.165407105
2025-10-01,exports,computers,8.512946221
2025-10-01,exports,gold,17.486995751
2025-10-01,exports,other,154.519650712
2025-10-01,exports,pharmaceuticals,11.993774041
2025-10-01,imports,chips_telecom,17.947728264
2025-10-01,imports,computers,38.363557294
2025-10-01,imports,gold,2.642580224
2025-10-01,imports,other,200.633172368
2025-10-01,imports,pharmaceuticals,15.412215967
2025-11-01,exports,chips_telecom,9.457116418
2025-11-01,exports,computers,9.678769398
2025-11-01,exports,gold,12.445284316
2025-11-01,exports,other,140.987975969
2025-11-01,exports,pharmaceuticals,8.80316821
2025-11-01,imports,chips_telecom,17.738920794
2025-11-01,imports,computers,37.269008876
2025-11-01,imports,gold,1.703159241
2025-11-01,imports,other,185.741165949
2025-11-01,imports,pharmaceuticals,18.57251212
2025-12-01,exports,chips_telecom,10.409948436
2025-12-01,exports,computers,10.420734652
2025-12-01,exports,gold,5.466885177
2025-12-01,exports,other,143.597871321
2025-12-01,exports,pharmaceuticals,8.319267692
2025-12-01,imports,chips_telecom,20.676334701
2025-12-01,imports,computers,40.986145472
2025-12-01,imports,gold,3.75931817
2025-12-01,imports,other,200.274964974
2025-12-01,imports,pharmaceuticals,16.274007072
2026-01-01,exports,chips_telecom,10.678175132
2026-01-01,exports,computers,13.928372734
2026-01-01,exports,gold,10.196950169
2026-01-01,exports,other,143.870844855
2026-01-01,exports,pharmaceuticals,7.712098861
2026-01-01,imports,chips_telecom,19.568749362
2026-01-01,imports,computers,38.320081053
2026-01-01,imports,gold,2.059224718
2026-01-01,imports,other,188.709903337
2026-01-01,imports,pharmaceuticals,11.87917185
2026-02-01,exports,chips_telecom,11.286575476
2026-02-01,exports,computers,9.466246504
2026-02-01,exports,gold,17.885856754
2026-02-01,exports,other,147.255985113
2026-02-01,exports,pharmaceuticals,9.242887381
2026-02-01,imports,chips_telecom,18.031743046
2026-02-01,imports,computers,38.727887853
2026-02-01,imports,gold,1.970513339
2026-02-01,imports,other,182.194680312
2026-02-01,imports,pharmaceuticals,12.630513878
2026-03-01,exports,chips_telecom,11.761768049
2026-03-01,exports,computers,12.791568984
2026-03-01,exports,gold,16.801348215
2026-03-01,exports,other,169.297794267
2026-03-01,exports,pharmaceuticals,10.741002337
2026-03-01,imports,chips_telecom,22.763722397
2026-03-01,imports,computers,47.435722476
2026-03-01,imports,gold,2.102844876
2026-03-01,imports,other,215.252432084
2026-03-01,imports,pharmaceuticals,14.730906352
2026-04-01,exports,chips_telecom,11.013252253
2026-04-01,exports,computers,14.549139487
2026-04-01,exports,gold,11.367995169
2026-04-01,exports,other,171.709959317
2026-04-01,exports,pharmaceuticals,9.355530169
2026-04-01,imports,chips_telecom,24.121836077
2026-04-01,imports,computers,49.049063814
2026-04-01,imports,gold,1.848685609
2026-04-01,imports,other,210.396815898
2026-04-01,imports,pharmaceuticals,15.039083205
2026-05-01,exports,chips_telecom,10.86667178
2026-05-01,exports,computers,10.593679075
2026-05-01,exports,gold,5.442491832
2026-05-01,exports,other,172.335847307
2026-05-01,exports,pharmaceuticals,8.969040186
2026-05-01,imports,chips_telecom,24.861946212
2026-05-01,imports,computers,51.306150642
2026-05-01,imports,gold,1.931121761
2026-05-01,imports,other,218.09173445
2026-05-01,imports,pharmaceuticals,15.665159606
2026-06-01,exports,chips_telecom,11.592241208
2026-06-01,exports,computers,10.240320793
2026-06-01,exports,gold,8.857200814
2026-06-01,exports,other,167.645039639
2026-06-01,exports,pharmaceuticals,9.816508062
2026-06-01,imports,chips_telecom,28.64424059
2026-06-01,imports,computers,51.587341791
2026-06-01,imports,gold,1.657520115
2026-06-01,imports,other,219.879287708
2026-06-01,imports,pharmaceuticals,15.639613699
2026-07-01,exports,chips_telecom,11.665432504
2026-07-01,exports,computers,11.07921762
2026-07-01,exports,gold,5.054043827
2026-07-01,exports,other,160.004909079
2026-07-01,exports,pharmaceuticals,9.650534891
2026-07-01,imports,chips_telecom,28.413034668
2026-07-01,imports,computers,67.255137471
2026-07-01,imports,gold,1.760063727
2026-07-01,imports,other,219.254887142
2026-07-01,imports,pharmaceuticals,16.236772253
2026-08-01,exports,chips_telecom,12.404005674
2026-08-01,exports,computers,12.551013875
2026-08-01,exports,gold,7.084674834
2026-08-01,exports,other,164.397008815
2026-08-01,exports,pharmaceuticals,8.311957548
2026-08-01,imports,chips_telecom,30.639938761
2026-08-01,imports,computers,61.229545186
2026-08-01,imports,gold,4.717036615
2026-08-01,imports,other,225.5866834
2026-08-01,imports,pharmaceuticals,13.99662139
