date,labor_productivity_growth,other_capital_and_labor,computers_and_software,total_factor_productivity,utilization
1948-01-01,3.658,1.222,0.139,2.652,-0.355
1948-04-01,5.543,1.071,0.128,5.143,-0.8
1948-07-01,5.564,1.018,0.119,5.088,-0.661
1948-10-01,5.392,1.514,0.119,6.238,-2.479
1949-01-01,1.741,1.789,0.125,2.757,-2.93
1949-04-01,-0.233,2.011,0.128,2.154,-4.525
1949-07-01,3.138,2.716,0.144,2.727,-2.448
1949-10-01,2.22,2.853,0.144,2.04,-2.817
1950-01-01,7.318,2.249,0.116,4.556,0.398
1950-04-01,8.664,1.276,0.076,2.873,4.439
1950-07-01,7.628,-0.009,0.038,1.954,5.645
1950-10-01,8.235,-0.548,0.025,2.111,6.648
1951-01-01,3.241,-0.686,0.028,-0.68,4.579
1951-04-01,1.918,-0.117,0.049,-1.037,3.022
1951-07-01,2.977,1.12,0.086,1.738,0.033
1951-10-01,2.628,1.154,0.089,1.29,0.095
1952-01-01,3.385,1.217,0.092,0.782,1.294
1952-04-01,3.995,1.659,0.112,3.207,-0.983
1952-07-01,1.742,1.094,0.104,-0.371,0.914
1952-10-01,3.107,0.455,0.08,-0.055,2.626
1953-01-01,4.445,0.556,0.08,3.46,0.349
1953-04-01,4.152,0.369,0.073,2.649,1.061
1953-07-01,3.696,0.835,0.081,4.761,-1.982
1953-10-01,1.639,2.136,0.131,5.247,-5.875
1954-01-01,0.542,2.456,0.139,4.307,-6.361
1954-04-01,1.192,2.725,0.146,3.959,-5.638
1954-07-01,2.704,2.428,0.13,3.611,-3.466
1954-10-01,4.802,1.557,0.092,3.557,-0.404
1955-01-01,5.823,0.636,0.059,1.833,3.296
1955-04-01,5.555,-0.157,0.026,1.37,4.316
1955-07-01,3.99,-0.703,0.007,0.807,3.879
1955-10-01,1.912,-0.756,0.011,-1.095,3.753
1956-01-01,0.362,0.021,0.045,-0.197,0.493
1956-04-01,-0.059,0.344,0.062,1.11,-1.576
1956-07-01,0.196,0.981,0.092,0.186,-1.064
1956-10-01,2.851,1.436,0.106,2.318,-1.01
1957-01-01,3.339,1.388,0.102,2.769,-0.92
1957-04-01,2.721,1.657,0.115,2.614,-1.665
1957-07-01,3.299,1.564,0.113,4.25,-2.628
1957-10-01,2.149,2.191,0.15,5.742,-5.935
1958-01-01,1.249,2.925,0.188,5.113,-6.977
1958-04-01,2.336,2.923,0.19,3.866,-4.643
1958-07-01,3.46,2.525,0.166,2.737,-1.969
1958-10-01,3.676,1.189,0.1,0.772,1.615
1959-01-01,5.086,-0.205,0.036,-0.571,5.826
1959-04-01,4.472,-1.208,-0.009,-0.782,6.471
1959-07-01,2.845,-0.589,0.015,0.16,3.26
1959-10-01,2.028,0.039,0.037,0.81,1.143
1960-01-01,3.803,0.75,0.067,3.402,-0.416
1960-04-01,1.449,1.308,0.092,3.218,-3.169
1960-07-01,1.524,1.074,0.095,2.845,-2.49
1960-10-01,0.815,1.339,0.118,2.755,-3.397
1961-01-01,-1.045,1.296,0.13,1.027,-3.498
1961-04-01,3.879,1.827,0.158,1.81,0.083
1961-07-01,4.818,1.586,0.147,1.889,1.196
1961-10-01,6.386,1.074,0.119,0.291,4.902
1962-01-01,6.137,0.835,0.095,1.389,3.818
1962-04-01,3.454,0.484,0.079,0.377,2.514
1962-07-01,3.915,0.897,0.094,0.967,1.958
1962-10-01,4.098,1.336,0.111,2.929,-0.279
1963-01-01,3.818,1.219,0.11,1.829,0.66
1963-04-01,4.076,1.042,0.101,2.288,0.645
1963-07-01,4.376,0.797,0.096,2.492,0.992
1963-10-01,3.225,0.38,0.088,1.259,1.499
1964-01-01,3.649,0.209,0.086,2.822,0.533
1964-04-01,3.358,0.155,0.088,2.027,1.089
1964-07-01,2.482,-0.006,0.081,1.51,0.897
1964-10-01,2.141,-0.025,0.076,1.36,0.731
1965-01-01,2.979,0.027,0.078,-0.168,3.043
1965-04-01,2.541,-0.045,0.091,0.86,1.636
1965-07-01,3.499,0.243,0.124,2.046,1.086
1965-10-01,4.969,0.183,0.146,2.925,1.715
1966-01-01,5.014,0.342,0.176,3.861,0.635
1966-04-01,4.61,0.615,0.195,3.054,0.747
1966-07-01,2.821,0.61,0.196,1.208,0.808
1966-10-01,2.271,1.113,0.233,1.486,-0.561
1967-01-01,1.339,1.569,0.268,2.615,-3.113
1967-04-01,2.903,2.069,0.305,4.247,-3.72
1967-07-01,2.941,1.811,0.302,3.605,-2.777
1967-10-01,2.501,1.415,0.273,3.565,-2.753
1968-01-01,3.61,1.11,0.254,3.087,-0.842
1968-04-01,3.39,0.461,0.209,2.589,0.131
1968-07-01,3.629,0.494,0.194,2.849,0.092
1968-10-01,3.228,0.548,0.194,1.453,1.033
1969-01-01,1.384,0.345,0.166,-0.179,1.052
1969-04-01,0.545,0.666,0.188,-1.558,1.249
1969-07-01,0.342,0.848,0.219,-1.61,0.885
1969-10-01,0.22,1.228,0.277,-1.315,0.03
1970-01-01,0.382,1.786,0.355,-0.027,-1.732
1970-04-01,1.355,2.001,0.427,2.512,-3.585
1970-07-01,2.707,2.098,0.467,4.115,-3.973
1970-10-01,2.274,2.005,0.468,4.194,-4.393
1971-01-01,4.559,1.434,0.421,4.32,-1.617
1971-04-01,3.624,0.869,0.33,2.569,-0.145
1971-07-01,3.169,0.72,0.301,3.351,-1.203
1971-10-01,3.577,0.2,0.238,2.036,1.103
1972-01-01,2.066,0.123,0.218,1.172,0.553
1972-04-01,3.662,0.219,0.243,1.839,1.361
1972-07-01,3.172,-0.026,0.225,0.25,2.723
1972-10-01,4.987,0.013,0.232,2.586,2.156
1973-01-01,5.516,-0.016,0.232,3.265,2.035
1973-04-01,3.703,-0.1,0.211,1.974,1.618
1973-07-01,2.125,0.111,0.212,0.379,1.423
1973-10-01,0.939,0.414,0.219,-0.236,0.541
1974-01-01,-1.865,1.058,0.264,-2.093,-1.094
1974-04-01,-1.854,1.504,0.302,-0.719,-2.941
1974-07-01,-1.587,1.766,0.328,-1.343,-2.337
1974-10-01,-1.8,2.167,0.405,-0.224,-4.149
1975-01-01,0.971,2.761,0.503,3.015,-5.307
1975-04-01,2.736,2.651,0.518,3.288,-3.721
1975-07-01,4.608,1.942,0.463,4.503,-2.299
1975-10-01,4.41,0.939,0.341,2.015,1.115
1976-01-01,4.349,-0.488,0.171,-0.332,4.998
1976-04-01,3.242,-0.781,0.118,-0.556,4.461
1976-07-01,2.226,-0.554,0.139,-0.23,2.871
1976-10-01,2.523,-0.124,0.194,1.847,0.605
1977-01-01,1.771,0.088,0.242,2.42,-0.979
1977-04-01,1.626,-0.432,0.21,0.931,0.918
1977-07-01,2.671,-0.478,0.216,2.781,0.152
1977-10-01,1.569,-0.668,0.202,0.52,1.515
1978-01-01,0.799,-0.49,0.221,0.756,0.311
1978-04-01,1.79,-0.636,0.223,1.36,0.842
1978-07-01,0.569,-0.575,0.255,-0.362,1.252
1978-10-01,1.466,-0.508,0.292,0.712,0.969
1979-01-01,1.486,-0.445,0.328,-0.471,2.075
1979-04-01,-0.424,0.569,0.44,0.864,-2.297
1979-07-01,-0.936,0.429,0.451,-0.57,-1.246
1979-10-01,-1.216,0.592,0.484,-0.555,-1.737
1980-01-01,-0.63,0.868,0.535,1.796,-3.828
1980-04-01,-0.949,1.315,0.611,-0.09,-2.785
1980-07-01,0.141,1.928,0.664,0.725,-3.176
1980-10-01,1.555,1.619,0.649,-0.033,-0.679
1981-01-01,2.244,1.212,0.614,-0.923,1.341
1981-04-01,2.651,0.606,0.56,-1.315,2.8
1981-07-01,3.492,0.385,0.543,1.356,1.208
1981-10-01,1.023,0.994,0.592,1.881,-2.445
1982-01-01,-0.003,2.027,0.683,1.199,-3.912
1982-04-01,0.473,2.033,0.679,1.468,-3.707
1982-07-01,-1.043,2.248,0.687,-1.295,-2.682
1982-10-01,0.694,2.106,0.676,-0.628,-1.459
1983-01-01,1.395,1.188,0.533,-1.493,1.167
1983-04-01,2.656,0.806,0.465,-1.161,2.546
1983-07-01,2.677,-0.178,0.376,-1.625,4.103
1983-10-01,3.182,-0.684,0.311,-1.768,5.323
1984-01-01,3.447,-1.176,0.312,-0.599,4.91
1984-04-01,2.939,-1.203,0.338,0.659,3.146
1984-07-01,3.499,-0.328,0.426,2.122,1.279
1984-10-01,2.841,0.131,0.495,2.459,-0.244
1985-01-01,2.16,0.298,0.567,2.745,-1.45
1985-04-01,1.635,0.865,0.594,1.525,-1.348
1985-07-01,2.437,0.681,0.593,1.908,-0.746
1985-10-01,2.244,0.5,0.555,1.156,0.033
1986-01-01,2.879,0.987,0.549,0.894,0.449
1986-04-01,3.12,0.98,0.579,2.026,-0.465
1986-07-01,2.036,0.767,0.558,1.433,-0.721
1986-10-01,1.746,0.676,0.539,1.585,-1.053
1987-01-01,0.531,0.482,0.469,-0.453,0.033
1987-04-01,0.902,-0.213,0.404,-0.18,0.89
1987-07-01,1.095,-0.186,0.374,0.062,0.845
1987-10-01,1.819,0.074,0.365,0.232,1.147
1988-01-01,2.789,0.133,0.411,2.951,-0.706
1988-04-01,1.923,0.42,0.368,2.146,-1.011
1988-07-01,1.955,0.551,0.386,2.144,-1.126
1988-10-01,1.547,0.243,0.367,2.179,-1.242
1989-01-01,0.742,-0.146,0.323,0.66,-0.095
1989-04-01,0.574,0.485,0.383,-0.195,-0.099
1989-07-01,0.222,0.391,0.391,-0.028,-0.532
1989-10-01,0.013,0.518,0.464,-0.187,-0.783
1990-01-01,0.977,0.964,0.516,0.001,-0.504
1990-04-01,2.009,0.697,0.554,0.673,0.085
1990-07-01,2.242,1.167,0.576,0.305,0.194
1990-10-01,1.446,1.289,0.542,0.333,-0.718
1991-01-01,0.946,1.832,0.566,0.578,-2.03
1991-04-01,1.319,1.748,0.535,1.105,-2.07
1991-07-01,1.443,1.354,0.485,0.712,-1.107
1991-10-01,2.815,1.541,0.481,0.696,0.097
1992-01-01,4.932,0.954,0.463,2.701,0.815
1992-04-01,4.201,0.665,0.415,1.725,1.397
1992-07-01,4.193,0.784,0.432,2.047,0.93
1992-10-01,4.082,0.49,0.423,2.105,1.064
1993-01-01,0.43,0.358,0.378,-2.08,1.775
1993-04-01,-0.147,0.173,0.379,-2.156,1.458
1993-07-01,-0.958,0.037,0.363,-3.146,1.788
1993-10-01,-0.288,-0.118,0.355,-2.284,1.76
1994-01-01,0.797,0.203,0.347,-1.345,1.593
1994-04-01,0.876,0.26,0.317,-1.187,1.486
1994-07-01,0.879,0.165,0.299,-0.451,0.867
1994-10-01,0.734,-0.056,0.327,-0.405,0.868
1995-01-01,0.617,-0.182,0.367,0.585,-0.153
1995-04-01,1.071,0.415,0.485,1.843,-1.673
1995-07-01,1.679,0.274,0.528,2.136,-1.259
1995-10-01,1.329,0.915,0.577,1.512,-1.675
1996-01-01,2.467,0.758,0.634,3.137,-2.062
1996-04-01,2.935,0.201,0.618,1.559,0.556
1996-07-01,2.985,0.164,0.656,1.348,0.817
1996-10-01,2.611,-0.337,0.638,1.575,0.735
1997-01-01,1.728,-0.22,0.618,-0.794,2.124
1997-04-01,2.064,-0.002,0.678,0.62,0.769
1997-07-01,2.827,0.163,0.734,1.803,0.127
1997-10-01,3.41,0.579,0.829,1.226,0.777
1998-01-01,4.195,0.382,0.891,2.486,0.435
1998-04-01,3.665,0.467,0.912,2.89,-0.605
1998-07-01,3.991,0.776,0.954,2.799,-0.537
1998-10-01,3.528,0.636,0.894,2.537,-0.539
1999-01-01,4.464,0.8,0.954,3.487,-0.776
1999-04-01,3.797,0.927,0.963,2.072,-0.166
1999-07-01,3.029,0.669,0.967,1.351,0.042
1999-10-01,3.874,0.666,1.048,2.915,-0.755
2000-01-01,2.893,0.718,1.009,1.313,-0.145
2000-04-01,3.98,0.421,1.033,2.528,-0.002
2000-07-01,3.868,0.867,1.063,2.563,-0.625
2000-10-01,3.292,0.755,1.092,2.601,-1.156
2001-01-01,2.798,1.249,1.107,2.503,-2.061
2001-04-01,2.779,1.654,1.142,2.473,-2.49
2001-07-01,2.665,1.853,1.114,2.375,-2.677
2001-10-01,2.617,2.237,1.039,2.051,-2.711
2002-01-01,4.206,1.882,0.96,3.141,-1.777
2002-04-01,3.725,1.695,0.769,2.156,-0.895
2002-07-01,4.009,1.314,0.644,2.452,-0.401
2002-10-01,3.706,0.917,0.531,1.581,0.676
2003-01-01,2.349,0.812,0.475,0.449,0.613
2003-04-01,3.126,1.025,0.498,1.494,0.109
2003-07-01,3.876,0.697,0.442,2.258,0.479
2003-10-01,4.164,0.743,0.431,1.695,1.296
2004-01-01,3.894,0.501,0.431,1.648,1.314
2004-04-01,3.425,0.134,0.425,1.603,1.263
2004-07-01,2.616,-0.071,0.437,1.086,1.164
2004-10-01,2.523,0.261,0.462,2.128,-0.328
2005-01-01,3.014,0.424,0.46,2.736,-0.606
2005-04-01,2.054,0.122,0.429,2.01,-0.508
2005-07-01,2.024,0.418,0.463,1.189,-0.046
2005-10-01,2.274,0.213,0.455,0.317,1.288
2006-01-01,2.274,-0.01,0.414,0.478,1.393
2006-04-01,2.257,0.367,0.458,-0.718,2.15
2006-07-01,1.461,0.415,0.455,-1.377,1.967
2006-10-01,0.814,0.169,0.461,-0.794,0.979
2007-01-01,0.176,0.445,0.531,-1.525,0.725
2007-04-01,0.463,0.562,0.543,-1.098,0.456
2007-07-01,0.497,0.794,0.59,-0.643,-0.244
2007-10-01,0.643,0.933,0.634,-0.258,-0.665
2008-01-01,0.137,1.431,0.662,-1.465,-0.49
2008-04-01,0.408,1.443,0.708,-0.742,-1.002
2008-07-01,0.946,1.563,0.749,0.045,-1.412
2008-10-01,0.167,2.479,0.879,-0.713,-2.478
2009-01-01,1.342,2.953,0.972,1.795,-4.377
2009-04-01,3.306,3.603,1.014,4.271,-5.583
2009-07-01,4.606,3.59,0.969,3.723,-3.675
2009-10-01,6.747,2.748,0.774,4.29,-1.066
2010-01-01,6.006,1.586,0.594,2.013,1.812
2010-04-01,3.759,0.246,0.417,-1.294,4.39
2010-07-01,3.278,-0.162,0.333,-0.601,3.709
2010-10-01,1.688,-0.246,0.311,-1.541,3.164
2011-01-01,1.142,-0.376,0.308,-0.887,2.097
2011-04-01,0.853,-0.169,0.286,-0.633,1.368
2011-07-01,-0.5,0.088,0.288,-1.519,0.644
2011-10-01,-0.108,-0.371,0.271,-0.477,0.469
2012-01-01,1.52,-0.263,0.25,0.745,0.788
2012-04-01,1.834,0.359,0.326,1.137,0.012
2012-07-01,0.942,-0.234,0.337,0.587,0.252
2012-10-01,1.05,0.288,0.363,0.043,0.356
2013-01-01,-0.041,0.178,0.385,-0.833,0.229
2013-04-01,-0.255,-0.16,0.372,-0.979,0.513
2013-07-01,0.899,-0.013,0.355,0.155,0.402
2013-10-01,1.043,-0.017,0.365,0.669,0.026
2014-01-01,0.816,0.561,0.372,0.291,-0.408
2014-04-01,1.359,-0.087,0.312,1.08,0.054
2014-07-01,1.814,0.096,0.289,1.148,0.281
2014-10-01,0.969,-0.285,0.245,0.313,0.695
2015-01-01,1.574,-0.678,0.229,1.344,0.678
2015-04-01,1.291,-0.046,0.282,1.297,-0.243
2015-07-01,0.772,0.25,0.321,0.385,-0.184
2015-10-01,0.339,0.613,0.333,0.04,-0.647
2016-01-01,0.324,0.384,0.348,-0.027,-0.382
2016-04-01,-0.586,0.561,0.348,-1.463,-0.032
2016-07-01,-0.355,0.045,0.338,-0.578,-0.16
2016-10-01,1.046,0.256,0.406,0.429,-0.045
2017-01-01,0.908,0.492,0.405,0.355,-0.344
2017-04-01,1.473,0.155,0.393,0.783,0.141
2017-07-01,1.748,0.479,0.426,0.895,-0.052
2017-10-01,1.61,0.084,0.391,0.963,0.173
2018-01-01,1.696,0.269,0.403,0.289,0.734
2018-04-01,1.811,0.315,0.436,0.371,0.689
2018-07-01,1.603,0.224,0.428,0.623,0.328
2018-10-01,1.007,0.506,0.463,0.217,-0.179
2019-01-01,1.658,0.345,0.494,1.645,-0.826
2019-04-01,1.739,0.512,0.485,2.394,-1.651
2019-07-01,1.972,0.489,0.478,2.788,-1.783
2019-10-01,2.869,0.584,0.481,3.8,-1.995
2020-01-01,1.843,1.485,0.556,1.995,-2.193
2020-04-01,5.631,7.452,1.548,2.822,-6.19
2020-07-01,6.032,4.528,1.03,1.221,-0.748
2020-10-01,5.788,2.861,0.866,1.209,0.852
2021-01-01,6.142,1.844,0.719,1.404,2.174
2021-04-01,2.223,-4.53,-0.34,0.223,6.87
2021-07-01,0.86,-2.373,0.133,1.275,1.826
2021-10-01,0.743,-1.303,0.213,1.263,0.57
2022-01-01,-0.623,-1.379,0.247,0.771,-0.261
2022-04-01,-1.561,-1.169,0.328,-0.083,-0.637
2022-07-01,-1.055,-0.368,0.388,-0.301,-0.773
2022-10-01,-1.852,0.206,0.485,-1.396,-1.147
2023-01-01,-0.518,0.102,0.499,-0.036,-1.082
2023-04-01,1.033,0.352,0.518,1.329,-1.166
2023-07-01,1.711,0.617,0.512,1.347,-0.765
2023-10-01,3.239,0.418,0.483,3.343,-1.005
2024-01-01,3.182,0.955,0.488,2.612,-0.873
2024-04-01,3.312,0.917,0.462,2.05,-0.117
2024-07-01,3,0.814,0.458,1.932,-0.205
2024-10-01,2.44,1.061,0.463,0.442,0.475
2025-01-01,2.188,1.043,0.454,0.087,0.604
2025-04-01,2.245,1.185,0.467,0.267,0.326
2025-07-01,2.829,0.944,0.514,0.634,0.738
2025-10-01,2.634,0.868,0.55,0.263,0.954
2026-01-01,2.638,0.432,0.592,0.314,1.3
2026-04-01,2.161,0.338,0.655,-0.344,1.513
