view,flow,category,change
"From June, seasonally adjusted",exports,"Foods, feeds, and beverages",-0.153
"From June, seasonally adjusted",exports,Industrial supplies,-8.667
"From June, seasonally adjusted",exports,Capital goods,1.884
"From June, seasonally adjusted",exports,Autos and parts,-0.092
"From June, seasonally adjusted",exports,Consumer goods,1.72
"From June, seasonally adjusted",exports,Other goods,-0.617
"From June, seasonally adjusted",imports,"Foods, feeds, and beverages",-0.127
"From June, seasonally adjusted",imports,Industrial supplies,-1.789
"From June, seasonally adjusted",imports,Capital goods,14.395
"From June, seasonally adjusted",imports,Autos and parts,-0.509
"From June, seasonally adjusted",imports,Consumer goods,0.279
"From June, seasonally adjusted",imports,Other goods,-0.288
"From July 2025, not seasonally adjusted",imports,"Foods, feeds, and beverages",-0.881
"From July 2025, not seasonally adjusted",imports,Industrial supplies,-7.26
"From July 2025, not seasonally adjusted",imports,Capital goods,47.935
"From July 2025, not seasonally adjusted",imports,Autos and parts,1.387
"From July 2025, not seasonally adjusted",imports,Consumer goods,-1.348
"From July 2025, not seasonally adjusted",imports,Other goods,0.955
"From July 2025, not seasonally adjusted",exports,"Foods, feeds, and beverages",1.021
"From July 2025, not seasonally adjusted",exports,Industrial supplies,11.874
"From July 2025, not seasonally adjusted",exports,Capital goods,8.376
"From July 2025, not seasonally adjusted",exports,Autos and parts,0.237
"From July 2025, not seasonally adjusted",exports,Consumer goods,0.085
"From July 2025, not seasonally adjusted",exports,Other goods,0.404
