date,seasonally_adjusted,not_seasonally_adjusted,not_adjusted_excluding_gold
2025-01-01,-151.705,-153.002,-122.056
2025-02-01,-144.902,-120.606,-99.926
2025-03-01,-158.729,-150.839,-140.305
2025-04-01,-85.539,-86.552,-94.455
2025-05-01,-91.546,-91.581,-95.946
2025-06-01,-84.173,-84.869,-86.385
2025-07-01,-101.285,-116.676,-110.372
2025-08-01,-85.156,-83.142,-85.568
2025-09-01,-82.731,-91.623,-97.814
2025-10-01,-61.441,-72.32,-87.165
2025-11-01,-86.834,-79.652,-90.395
2025-12-01,-100.581,-103.756,-105.464
2026-01-01,-79.023,-74.151,-82.288
2026-02-01,-81.737,-58.418,-74.333
2026-03-01,-85.119,-80.892,-95.591
2026-04-01,-82.231,-82.46,-91.979
2026-05-01,-105.327,-103.648,-107.16
2026-06-01,-101.054,-109.257,-116.456
2026-07-01,-118.941,-135.466,-138.76
