country,balance_adjusted,balance_previous_month_adjusted,balance_unadjusted,balance_year_earlier_unadjusted
Mexico,-27.452,-20.277,-26.31,-16.371
Vietnam,-23.322,-21.593,-24.83,-16.645
Taiwan,-18.084,-14.929,-20.666,-14.567
China,-15.238,-15.345,-17.361,-17.085
"Korea, South",-10.379,-7.405,-10.516,-5.169
Germany,-5.57,-7.095,-6.259,-6.234
India,-5.018,-4.519,-5.422,-5.743
Malaysia,-4.824,-4.367,-4.864,-2.584
Japan,-4.176,-3.275,-4.743,-5.69
Ireland,-3.919,-2.688,-3.919,-2.557
Canada,-3.204,-6.94,-4.152,-5.156
Netherlands,7.764,7.226,7.764,4.582
