flow,code,description,change
exports,21400,Telecommunications equipment,0.771
exports,11200,Gas-natural,1.006
exports,60040,Undocumented exports to Canada,1.141
exports,21301,Computer accessories,1.286
exports,11100,Crude oil,1.366
exports,21320,Semiconductors,1.518
exports,20005,Electric apparatus,1.541
exports,22090,"Civilian aircraft, engines, equipment, and parts",2.303
exports,11110,Fuel oil,2.327
exports,11120,"Petroleum products, other",2.559
imports,14270,Nonmonetary gold,-8.911
imports,14200,Bauxite and aluminum,0.833
imports,14220,Copper,0.933
imports,10000,Crude oil,0.981
imports,30100,"Trucks, buses, and special purpose vehicles",1.174
imports,41050,"Cell phones and other household goods, n.e.c.",1.796
imports,21400,Telecommunications equipment,5.135
imports,21320,Semiconductors,7.198
imports,21301,Computer accessories,16.891
imports,21300,Computers,17.84
