date,core,medical,computers,insurance,software
1997-01-01,167.8,236.2,NA,248.4,419.03499999999997
1997-02-01,168.1,236.5,NA,249.2,410.04400000000004
1997-03-01,168.4,237.3,NA,250,397.066
1997-04-01,168.9,237.8,NA,250.5,391.125
1997-05-01,169.2,238.4,NA,251,372.11
1997-06-01,169.4,238.8,NA,251.3,361.14500000000004
1997-07-01,169.7,239.1,NA,251.8,352.689
1997-08-01,169.8,239.7,NA,252.6,337.811
1997-09-01,170.2,240.2,NA,253.6,331.97499999999997
1997-10-01,170.6,240.8,NA,253.4,322.769
1997-11-01,170.8,241.7,NA,253.6,313.907
1997-12-01,171.2,242.6,NA,254.1,308.45
1998-01-01,171.6,242.8,NA,255.1,299.135
1998-02-01,171.9,243.6,NA,254.5,299.412
1998-03-01,172.2,244.3,NA,254.7,303.268
1998-04-01,172.5,245,NA,254.9,301.787
1998-05-01,172.9,245.8,NA,255,298.055
1998-06-01,173.2,246.5,NA,255.1,297.99299999999994
1998-07-01,173.5,247.3,NA,254.4,300.98499999999996
1998-08-01,174,248,NA,253.8,292.75
1998-09-01,174.2,248.6,NA,253,289.265
1998-10-01,174.4,249.4,NA,253.9,282.41599999999994
1998-11-01,174.8,249.9,NA,253.7,272.454
1998-12-01,175.4,250.5,NA,253.4,272.698
1999-01-01,175.6,251.2,NA,253.7,267.244
1999-02-01,175.6,252,NA,253.5,268.45599999999996
1999-03-01,175.7,252.5,NA,253.7,269.668
1999-04-01,176.3,253.1,NA,253,265.729
1999-05-01,176.5,253.9,NA,252.9,264.517
1999-06-01,176.6,254.6,NA,253.4,263.91099999999994
1999-07-01,177.1,255.4,NA,253.9,270.577
1999-08-01,177.3,256,NA,254.3,269.97099999999995
1999-09-01,177.8,256.8,NA,254.6,268.759
1999-10-01,178.1,257.5,NA,254.1,270.88
1999-11-01,178.4,258.3,NA,254.3,267.547
1999-12-01,178.7,259.4,NA,254.8,267.244
2000-01-01,179.3,260.1,NA,254.9,266.305
2000-02-01,179.4,261.3,NA,254.9,265.517
2000-03-01,180,262.6,NA,255.2,263.82099999999997
2000-04-01,180.3,263.4,NA,255.7,264.76
2000-05-01,180.7,264.3,NA,256.3,263.215
2000-06-01,181.1,265.6,NA,256.2,260.851
2000-07-01,181.5,266.6,NA,256.3,258.457
2000-08-01,181.9,267.9,NA,257.2,258.215
2000-09-01,182.3,269,NA,257.8,258.7
2000-10-01,182.6,269.9,NA,258.1,249.97299999999998
2000-11-01,183.1,270.4,NA,258.7,249.21599999999998
2000-12-01,183.3,271.3,NA,259.5,247.065
2001-01-01,183.9,273,NA,260.6,242.52
2001-02-01,184.4,274.1,NA,262.2,242.58
2001-03-01,184.7,275.2,NA,262.8,243.126
2001-04-01,185.1,276.3,NA,263.9,241.24699999999999
2001-05-01,185.3,277.2,NA,264.9,240.49
2001-06-01,186,278.2,NA,266.6,238.24699999999999
2001-07-01,186.4,278.7,NA,268,239.369
2001-08-01,186.7,280.4,NA,269.7,239.79299999999998
2001-09-01,187.1,281.3,NA,270.9,235.43
2001-10-01,187.4,282.5,NA,272.9,233.399
2001-11-01,188.1,283.7,NA,276.8,239.702
2001-12-01,188.4,284.5,NA,278.4,240.914
2002-01-01,188.7,286.3,NA,279.9,234.157
2002-02-01,189.1,286.9,NA,282.4,232.945
2002-03-01,189.2,288.1,NA,284.5,231.12800000000001
2002-04-01,189.7,289.6,NA,286.4,232.037
2002-05-01,190,291,NA,287.9,226.281
2002-06-01,190.2,291.6,NA,289.8,225.069
2002-07-01,190.5,293.7,NA,292.7,222.94899999999998
2002-08-01,191.1,294.7,NA,294.5,222.04
2002-09-01,191.3,295.7,NA,296.6,216.285
2002-10-01,191.5,297.7,NA,298.9,215.67899999999997
2002-11-01,191.9,299.2,NA,301.8,215.376
2002-12-01,192.1,300.3,NA,303.6,215.07299999999998
2003-01-01,192.4,300.9,NA,305.8,215.67899999999997
2003-02-01,192.5,301.4,NA,307.7,214.467
2003-03-01,192.5,301.6,NA,309.9,212.65
2003-04-01,192.5,302.4,NA,313.2,210.83200000000002
2003-05-01,192.9,303.9,NA,314.6,207.5
2003-06-01,193,305.1,NA,315.6,205.077
2003-07-01,193.4,306.3,NA,316,202.35000000000002
2003-08-01,193.6,307.3,NA,317,198.412
2003-09-01,193.7,308.9,NA,318.5,198.412
2003-10-01,194,309.8,NA,320.4,196.89800000000002
2003-11-01,194,311.3,NA,317.2,193.869
2003-12-01,194.2,312.9,NA,317,194.172
2004-01-01,194.6,314,NA,318.1,193.26299999999998
2004-02-01,194.9,315.6,NA,319,191.748
2004-03-01,195.5,317.2,NA,320,190.23399999999998
2004-04-01,195.9,318.4,NA,320.5,191.445
2004-05-01,196.2,319.4,NA,321.9,190.839
2004-06-01,196.6,320.8,NA,323.2,189.32500000000002
2004-07-01,196.8,322.1,NA,324.1,189.32500000000002
2004-08-01,196.9,323.4,NA,324.9,189.62800000000001
2004-09-01,197.5,324.5,NA,325.4,186.599
2004-10-01,197.9,325.7,NA,326.5,186.296
2004-11-01,198.3,326.8,NA,326.9,185.69
2004-12-01,198.6,328.3,NA,327.7,185.084
2005-01-01,199,329.7,155.7,328.9,183.872
2005-02-01,199.4,331.3,151,329.5,182.661
2005-03-01,200.1,332.9,149.4,329.5,180.54
2005-04-01,200.2,334.2,147.9,329.7,179.026
2005-05-01,200.5,335.3,146.5,329.6,177.814
2005-06-01,200.6,336.2,145,330.2,176.966
2005-07-01,200.9,337.8,142.9,330.5,177.147
2005-08-01,201.1,337.7,139.6,331.1,177.208
2005-09-01,201.3,338.9,138.9,329.6,176.602
2005-10-01,202,340.6,137.1,328.6,176.602
2005-11-01,202.5,342.6,135.2,329.9,176.905
2005-12-01,202.8,343.1,132,330.7,177.329
2006-01-01,203.2,343.1,129,330.7,174.997
2006-02-01,203.6,344.8,128.4,330.4,173.60299999999998
2006-03-01,204.3,346.3,126.6,331,171.51299999999998
2006-04-01,204.8,347.6,123,331.1,169.787
2006-05-01,205.4,348.9,120.7,331.5,168.787
2006-06-01,205.9,350.2,119.8,331,166.788
2006-07-01,206.3,351.2,118.9,331,166.939
2006-08-01,206.8,352.6,119.3,331.4,165.15200000000002
2006-09-01,207.2,353.8,118,332.7,165.18200000000002
2006-10-01,207.6,355,116.5,333.7,163.607
2006-11-01,207.8,356.6,116.1,333.6,162.941
2006-12-01,208.1,357.4,116.6,333.3,164.27299999999997
2007-01-01,208.6,359.851,114.181,332.927,163.78
2007-02-01,209.135,362.402,113.382,332.79,163.44299999999998
2007-03-01,209.418,363.433,112.815,332.526,162.629
2007-04-01,209.747,364.84,112.435,332.36,161.029
2007-05-01,210.058,366.316,111.106,330.808,161.696
2007-06-01,210.392,367.763,108.948,332.124,161.238
2007-07-01,210.773,370.111,107.748,333.019,158.71499999999997
2007-08-01,211.119,372.026,106.992,333.143,154.46800000000002
2007-09-01,211.554,373.531,106.502,334.331,156.24599999999998
2007-10-01,212.077,375.689,104.846,334.151,156.001
2007-11-01,212.66,377.214,100.868,334.364,155.925
2007-12-01,213.168,378.636,100.871,335.07,153.647
2008-01-01,213.771,380.089,100.636,336.212,154.177
2008-02-01,213.939,380.529,99.944,336.619,155.11599999999999
2008-03-01,214.42,381.211,99.27,337.145,153.935
2008-04-01,214.56,382.144,97.527,338.093,154.259
2008-05-01,214.936,383.745,96.561,339.353,154.059
2008-06-01,215.424,384.749,96.037,340.733,153.19899999999998
2008-07-01,215.965,385.496,94.899,341.891,152.984
2008-08-01,216.393,386.557,93.421,343.139,152.814
2008-09-01,216.713,387.565,91.531,344.338,151.914
2008-10-01,216.788,388.269,90.404,345.388,153.502
2008-11-01,216.947,388.89,89.514,346.958,152.859
2008-12-01,216.925,390.051,89.262,348.308,152.005
2009-01-01,217.346,391.333,88.389,349.797,152.87800000000001
2009-02-01,217.792,392.266,87.074,351.226,153.36800000000002
2009-03-01,218.253,393.285,85.182,351.964,152.844
2009-04-01,218.706,394.7,84.491,353.843,153.553
2009-05-01,218.904,395.999,83.826,355.004,152.363
2009-06-01,219.112,396.799,83.609,356.854,152.35000000000002
2009-07-01,219.263,398.036,80.941,357.697,151.318
2009-08-01,219.496,398.919,79.016,359.145,150.678
2009-09-01,219.92,399.902,78.82,359.992,147.546
2009-10-01,220.501,400.792,78.823,361.063,149.954
2009-11-01,220.666,402.295,78.661,362.66,150.36
2009-12-01,220.881,403.156,78.523,364.616,148.21899999999997
2010-01-01,220.633,404.972,78.18,366.349,148.54899999999998
2010-02-01,220.731,406.672,77.45,368.421,149.485
2010-03-01,220.783,408.261,77.649,370.678,147.32800000000003
2010-04-01,220.822,409.253,77.154,372.452,144.559
2010-05-01,220.962,409.547,76.192,373.569,143.045
2010-06-01,221.194,410.74,75.584,374.72,139.35500000000002
2010-07-01,221.363,410.809,75.907,376.676,135.83200000000002
2010-08-01,221.509,411.794,76.305,377.305,136.69299999999998
2010-09-01,221.711,414.592,76.46,378.551,136.796
2010-10-01,221.83,415.287,75.88,380.572,137.047
2010-11-01,222.149,415.73,75.38,381.903,136.36200000000002
2010-12-01,222.343,416.718,74.179,380.794,132.65200000000002
2011-01-01,222.803,417.162,72.941,382.617,133.194
2011-02-01,223.213,418.808,72.287,383.881,133.354
2011-03-01,223.454,419.386,71.509,385.344,131.655
2011-04-01,223.727,420.691,71.106,386.443,131.21899999999997
2011-05-01,224.175,421.789,70.499,387.739,129.92200000000003
2011-06-01,224.697,422.609,68.854,388.545,129.889
2011-07-01,225.218,424.055,68.685,389.031,129.659
2011-08-01,225.862,425.162,67.191,390.105,129.96200000000002
2011-09-01,226.118,426.035,66.427,391.156,129.377
2011-10-01,226.506,428.187,65.9,391.72,127.399
2011-11-01,226.899,430.12,66.158,393.329,128.689
2011-12-01,227.405,431.576,64.967,393.9,130.82200000000003
2012-01-01,227.877,432.797,64.555,394.648,130.577
2012-02-01,228.034,433.088,64.463,394.274,128.374
2012-03-01,228.478,434.468,63.725,396.465,127.296
2012-04-01,228.905,436.191,62.677,397.695,126.596
2012-05-01,229.224,437.844,63.041,399.15,126.766
2012-06-01,229.623,440.922,63.11,400.876,124.258
2012-07-01,229.97,442.625,62.777,402.428,123.364
2012-08-01,230.233,443.047,62.225,404.828,120.58
2012-09-01,230.659,444.433,61.403,406.844,119.726
2012-10-01,231.024,445.12,60.716,409.432,119.41400000000002
2012-11-01,231.33,446.157,59.775,410.687,121.268
2012-12-01,231.725,447.508,59.319,412.433,121.40700000000001
2013-01-01,232.229,448.525,59.194,413.992,120.34400000000001
2013-02-01,232.569,449.885,58.775,414.875,120.753
2013-03-01,232.794,451.519,58.376,415.397,119.069
2013-04-01,232.832,451.305,57.51,415.265,117.363
2013-05-01,232.996,450.85,57.175,415.657,116.551
2013-06-01,233.35,453.246,56.745,416.506,116.59700000000001
2013-07-01,233.88,454.064,56.061,421.696,116
2013-08-01,234.336,456.679,55.917,421.842,114.88799999999999
2013-09-01,234.7,457.968,55.864,422.772,115.979
2013-10-01,234.921,457.801,55.227,424,116.56
2013-11-01,235.359,457.634,54.732,424.607,114.70400000000001
2013-12-01,235.759,458.658,55.373,426.488,112.798
2014-01-01,235.961,459.825,54.889,427.943,112.871
2014-02-01,236.185,460.879,54.34,429.044,112.068
2014-03-01,236.625,462.471,54.203,430.065,111.25
2014-04-01,237.072,463.308,53.981,433.387,111.111
2014-05-01,237.529,464.149,53.46,435.373,110.826
2014-06-01,237.837,464.649,53.18,436.665,111.735
2014-07-01,238.195,465.125,52.713,437.935,112.84400000000001
2014-08-01,238.405,465.546,52.053,439.072,113.371
2014-09-01,238.786,466.296,51.325,441.204,111.989
2014-10-01,239.191,467.008,51.022,443.947,112.498
2014-11-01,239.458,468.507,50.263,445.593,112.953
2014-12-01,239.584,469.971,49.52,446.969,111.49600000000001
2015-01-01,239.811,470.198,49.19,449.267,110.823
2015-02-01,240.172,469.241,49.146,452.757,110.87199999999999
2015-03-01,240.755,471.46,48.717,454.728,111.91100000000002
2015-04-01,241.346,475.195,48.707,456.734,111.568
2015-05-01,241.688,475.984,48.458,457.469,112.819
2015-06-01,242.064,475.516,48.03,458.587,111.856
2015-07-01,242.565,476.271,47.713,461.665,110.208
2015-08-01,242.817,475.865,47.314,462.985,111.402
2015-09-01,243.316,477.038,47.436,465.511,111.829
2015-10-01,243.768,481.074,47.056,465.078,112.426
2015-11-01,244.241,482.778,46.741,470.425,111.05
2015-12-01,244.547,483.51,46.237,472.652,110.169
2016-01-01,244.955,485.346,45.424,473.661,109.381
2016-02-01,245.51,487.562,45.249,475.028,108.697
2016-03-01,245.913,488.298,45.269,477.404,106.498
2016-04-01,246.551,489.828,45.282,483.332,108.29100000000001
2016-05-01,247.137,492.258,44.853,486.626,103.65599999999999
2016-06-01,247.54,493.458,44.496,488.639,103.832
2016-07-01,247.829,495.805,44.205,490.851,104.34100000000001
2016-08-01,248.423,500.06,43.917,493.405,102.98100000000001
2016-09-01,248.842,500.384,43.77,495.635,103.296
2016-10-01,249.142,500.424,43.721,498.576,101.09
2016-11-01,249.481,501.489,43.576,501.868,98.958
2016-12-01,249.92,502.333,43.377,505.351,98.07
2017-01-01,250.467,502.654,43.475,509.275,100.903
2017-02-01,250.998,504.188,43.369,511.125,99.745
2017-03-01,250.944,504.797,42.818,515.074,98.59100000000001
2017-04-01,251.227,505.071,42.896,515.003,97.66999999999999
2017-05-01,251.43,504.887,42.361,520.722,100.118
2017-06-01,251.746,505.993,42.561,525.931,100.77799999999999
2017-07-01,251.985,506.889,42.973,528.26,102.402
2017-08-01,252.535,507.84,42.451,533.608,101.251
2017-09-01,252.812,509.039,42.19,536.015,99.312
2017-10-01,253.526,510.005,42.284,539.144,101.16
2017-11-01,253.816,509.686,42.04,542.965,99.779
2017-12-01,254.344,510.529,41.353,546.549,98.54
2018-01-01,255.204,512.784,41.455,552.617,101.381
2018-02-01,255.711,513.474,41.278,560.327,98.149
2018-03-01,256.271,515.505,41.249,560.022,96.765
2018-04-01,256.63,516.618,41.424,561.223,97.189
2018-05-01,257.145,516.807,41.37,564.13,96.004
2018-06-01,257.399,518.561,40.986,565.864,96.286
2018-07-01,257.699,518.347,40.23,567.647,97.43700000000001
2018-08-01,257.891,516.975,40.575,568.147,97.498
2018-09-01,258.368,518.551,41.092,571.655,97.16799999999999
2018-10-01,258.917,519.664,40.573,575.108,97.368
2018-11-01,259.439,521.946,39.841,573.253,97.728
2018-12-01,260.063,524.389,40.11,572.187,95.571
2019-01-01,260.766,525.384,40.044,571.541,93.94800000000001
2019-02-01,261.186,526.258,39.649,570.708,94.27799999999999
2019-03-01,261.567,527.381,39.889,568.761,93.44200000000001
2019-04-01,261.997,528.889,39.603,569.453,89.507
2019-05-01,262.217,531.474,39.339,568.065,89.84
2019-06-01,262.739,533.2,38.586,569.449,92.348
2019-07-01,263.28,535.551,39.745,570.961,88.82199999999999
2019-08-01,263.877,538.727,40.056,572.052,87.838
2019-09-01,264.388,541.136,39.73,572.506,87.71300000000001
2019-10-01,264.97,546.096,38.938,573.403,87.483
2019-11-01,265.548,548.767,38.868,572.459,85.051
2019-12-01,266.02,550.659,38.001,573.282,84.87799999999999
2020-01-01,266.716,552.331,37.728,572.109,83.87799999999999
2020-02-01,267.37,554.332,38.247,573.008,84.26
2020-03-01,267.054,556.748,38.706,575.743,83.233
2020-04-01,265.746,559.62,39.015,533.873,80.031
2020-05-01,265.412,562.645,38.629,486.861,80.371
2020-06-01,265.849,564.929,38.778,512.028,78.55
2020-07-01,267.389,567.284,38.686,560.161,80.76100000000001
2020-08-01,268.422,567.277,38.866,563.101,79.695
2020-09-01,268.933,568.08,37.459,542.968,75.194
2020-10-01,269.306,566.288,37.201,531.206,75.736
2020-11-01,269.981,566.296,37.964,538.133,77.46300000000001
2020-12-01,270.341,565.656,38.315,546.239,78.79
2021-01-01,270.387,568.379,38.316,551.667,78.147
2021-02-01,270.793,571.673,38.204,556.576,77.908
2021-03-01,271.459,572.068,37.453,561.021,78.67099999999999
2021-04-01,273.66,571.948,39.358,565.79,77.788
2021-05-01,275.465,571.324,39.611,568.842,78.316
2021-06-01,277.651,570.655,39.662,569.789,77.31700000000001
2021-07-01,278.648,572.051,40.135,568.918,77.018
2021-08-01,278.997,572.768,40.184,568.56,77.034
2021-09-01,279.698,572.633,40.649,569.076,74.762
2021-10-01,281.668,575.606,40.31,565.043,75.923
2021-11-01,283.406,577.956,39.78,569.447,76.09
2021-12-01,285.18,579.903,39.401,569.534,75.94700000000002
2022-01-01,286.757,583.642,39.651,574.29,78.93
2022-02-01,288.273,585.713,39.958,580.315,78.63499999999999
2022-03-01,289.056,588.736,40.302,584.751,77.868
2022-04-01,290.514,591.756,39.446,590.513,76.958
2022-05-01,292.063,594.318,38.909,594.105,76.603
2022-06-01,294.05,598.067,39.421,603.94,77.722
2022-07-01,295.088,601.434,38.719,610.763,78.189
2022-08-01,296.535,605.182,38.469,617.619,78.953
2022-09-01,298.226,609.833,39.175,627.689,79.04700000000001
2022-10-01,299.399,606.869,39.076,637.814,78.17399999999999
2022-11-01,300.325,603.204,38.02,646.294,76.65499999999999
2022-12-01,301.394,603.725,37.115,651.318,77.44400000000002
2023-01-01,302.642,600.978,37.21,659.076,77.239
2023-02-01,304.123,598.546,37.712,663.946,77.12199999999999
2023-03-01,305.147,594.856,37.957,672.231,76.974
2023-04-01,306.534,594.041,37.449,682.009,75.98400000000001
2023-05-01,307.652,593.773,37.289,695.481,75.29400000000001
2023-06-01,308.322,593.325,37.357,705.668,74.70700000000001
2023-07-01,308.96,592.422,36.82,718.667,73.811
2023-08-01,309.58,592.387,36.529,735.233,73.576
2023-09-01,310.539,593.733,37.146,746.002,75.992
2023-10-01,311.457,595.016,36.845,760.69,76.505
2023-11-01,312.392,597.882,36.258,771.18,75.92
2023-12-01,313.195,600.691,35.773,783.882,74.641
2024-01-01,314.319,604.626,36.441,794.855,75.57499999999999
2024-02-01,315.564,605.065,36.695,800.317,76.62899999999999
2024-03-01,316.792,607.643,36.528,821.514,76.55499999999999
2024-04-01,317.649,609.702,36.865,836.477,77.35199999999999
2024-05-01,318.095,611.828,36.476,836.177,74.324
2024-06-01,318.39,612.629,35.778,843.642,74.44900000000001
2024-07-01,318.94,611.874,35.929,851.568,74.80499999999999
2024-08-01,319.75,611.637,35.792,856.197,75.45
2024-09-01,320.732,615.341,35.406,867.642,75.41400000000002
2024-10-01,321.731,617.892,34.849,867.438,75.203
2024-11-01,322.657,620.054,34.259,870.003,75.473
2024-12-01,323.259,620.911,33.942,872.695,74.051
2025-01-01,324.638,620.949,34.237,888.526,74.803
2025-02-01,325.465,623.344,34.477,889.027,76.095
2025-03-01,325.69,625.993,34.547,883.375,75.95700000000001
2025-04-01,326.467,628.719,34.805,889.621,77.283
2025-05-01,326.893,629.926,35.202,894.287,77.31
2025-06-01,327.658,633.057,35.685,895.555,77.006
2025-07-01,328.682,638.219,35.273,896.219,76.459
2025-08-01,329.7,637.729,35.064,895.769,73.136
2025-09-01,330.418,639.233,35.141,894.987,71.974
2025-10-01,NA,NA,NA,NA,72.193
2025-11-01,331.043,640.487,34.184,NA,72.015
2025-12-01,331.814,642.832,33.73,897.307,75.902
2026-01-01,332.793,644.926,34.773,893.366,76.773
2026-02-01,333.512,648.884,34.782,890.451,78.74900000000001
2026-03-01,334.165,648.945,35.293,890.113,81.09100000000001
2026-04-01,335.423,648.916,35.601,891.373,83.23
2026-05-01,336.121,652.345,35.662,876.323,84.113
2026-06-01,336.065,651.533,35.406,858.747,85.193
2026-07-01,336.789,655.16,36.641,856.268,85.866
2026-08-01,337.765,653.532,38.02,849.837,84.55199999999999
