year,item,weight
2009,core,77.708
2009,computers,0.246
2009,software,0.044
2009,insurance,2.492
2009,medical,4.902
2010,core,77.179
2010,computers,0.228
2010,software,0.039
2010,insurance,2.563
2010,medical,4.994
2011,core,76.013
2011,computers,0.269
2011,software,0.05
2011,insurance,2.426
2011,medical,5.345
2012,core,76.127
2012,computers,0.242
2012,software,0.046
2012,insurance,2.497
2012,medical,5.448
2013,core,77.063
2013,computers,0.306
2013,software,0.069
2013,insurance,2.213
2013,medical,5.847
2014,core,77.713
2014,computers,0.272
2014,software,0.068
2014,insurance,2.3
2014,medical,5.944
2015,core,79.169
2015,computers,0.296
2015,software,0.096
2015,insurance,2.379
2015,medical,6.569
2016,core,79.263
2016,computers,0.274
2016,software,0.084
2016,insurance,2.494
2016,medical,6.687
2017,core,79.103
2017,computers,0.325
2017,software,0.025
2017,insurance,2.352
2017,medical,6.924
2018,core,79.312
2018,computers,0.309
2018,software,0.024
2018,insurance,2.415
2018,medical,6.974
2019,core,79.524
2019,computers,0.298
2019,software,0.019
2019,insurance,1.701
2019,medical,7.19
2020,core,79.726
2020,computers,0.297
2020,software,0.018
2020,insurance,1.598
2020,medical,7.289
2021,core,79.282
2021,computers,0.36
2021,software,0.021
2021,insurance,2.383
2021,medical,6.962
2022,core,79.548
2022,computers,0.371
2022,software,0.023
2022,insurance,2.511
2022,medical,6.653
2023,core,79.79
2023,computers,0.309
2023,software,0.02
2023,insurance,2.794
2023,medical,6.515
2024,core,80.094
2024,computers,0.262
2024,software,0.027
2024,insurance,2.796
2024,medical,6.747
2025,core,79.919
2025,computers,0.293
2025,software,0.027
2025,insurance,2.754
2025,medical,6.935
