date,yield,real_rate,real_term_premium,expected_inflation,inflation_risk_premium,yield_change_since_december_2023,real_rate_change_since_december_2023,real_term_premium_change_since_december_2023,expected_inflation_change_since_december_2023,inflation_risk_premium_change_since_december_2023
1983-01-01,10.593,3.531,2.494,4.108,0.46,,,,,
1983-02-01,10.794,3.636,2.538,4.153,0.468,,,,,
1983-03-01,10.553,3.571,2.441,4.096,0.445,,,,,
1983-04-01,10.438,3.541,2.395,4.07,0.433,,,,,
1983-05-01,10.437,3.51,2.415,4.072,0.44,,,,,
1983-06-01,10.822,3.745,2.477,4.152,0.447,,,,,
1983-07-01,11.33,3.953,2.631,4.267,0.48,,,,,
1983-08-01,11.693,4.107,2.735,4.351,0.5,,,,,
1983-09-01,11.534,4.007,2.713,4.315,0.499,,,,,
1983-10-01,11.46,3.927,2.725,4.302,0.505,,,,,
1983-11-01,11.55,3.966,2.751,4.322,0.511,,,,,
1983-12-01,11.658,4.048,2.757,4.345,0.508,,,,,
1984-01-01,11.509,3.98,2.717,4.311,0.501,,,,,
1984-02-01,11.634,4.034,2.752,4.34,0.507,,,,,
1984-03-01,12.11,4.255,2.877,4.448,0.531,,,,,
1984-04-01,12.384,4.386,2.946,4.508,0.544,,,,,
1984-05-01,13.085,4.679,3.153,4.666,0.587,,,,,
1984-06-01,13.217,4.764,3.172,4.69,0.59,,,,,
1984-07-01,13.023,4.708,3.097,4.645,0.573,,,,,
1984-08-01,12.371,4.514,2.848,4.494,0.515,,,,,
1984-09-01,12.121,4.438,2.756,4.432,0.495,,,,,
1984-10-01,11.802,4.238,2.709,4.364,0.491,,,,,
1984-11-01,11.395,3.935,2.683,4.282,0.495,,,,,
1984-12-01,11.4,3.851,2.745,4.29,0.514,,,,,
1985-01-01,11.338,3.77,2.766,4.278,0.524,,,,,
1985-02-01,11.41,3.856,2.747,4.292,0.515,,,,,
1985-03-01,11.743,4.042,2.812,4.366,0.524,,,,,
1985-04-01,11.41,3.821,2.771,4.297,0.521,,,,,
1985-05-01,10.917,3.566,2.659,4.191,0.501,,,,,
1985-06-01,10.266,3.281,2.477,4.042,0.466,,,,,
1985-07-01,10.427,3.336,2.533,4.08,0.478,,,,,
1985-08-01,10.48,3.37,2.541,4.09,0.479,,,,,
1985-09-01,10.534,3.384,2.562,4.104,0.484,,,,,
1985-10-01,10.408,3.351,2.51,4.076,0.47,,,,,
1985-11-01,9.96,3.205,2.348,3.974,0.433,,,,,
1985-12-01,9.473,3.042,2.174,3.865,0.392,,,,,
1986-01-01,9.37,3.026,2.125,3.839,0.38,,,,,
1986-02-01,8.924,2.886,1.96,3.734,0.343,,,,,
1986-03-01,7.98,2.538,1.651,3.513,0.277,,,,,
1986-04-01,7.484,2.31,1.522,3.397,0.256,,,,,
1986-05-01,7.951,2.461,1.692,3.501,0.297,,,,,
1986-06-01,8.147,2.533,1.757,3.547,0.31,,,,,
1986-07-01,7.743,2.339,1.654,3.461,0.289,,,,,
1986-08-01,7.582,2.225,1.638,3.432,0.287,,,,,
1986-09-01,7.909,2.277,1.794,3.512,0.326,,,,,
1986-10-01,7.866,2.262,1.778,3.506,0.32,,,,,
1986-11-01,7.649,2.21,1.687,3.454,0.299,,,,,
1986-12-01,7.459,2.179,1.596,3.409,0.275,,,,,
1987-01-01,7.392,2.158,1.571,3.392,0.27,,,,,
1987-02-01,7.485,2.222,1.581,3.412,0.27,,,,,
1987-03-01,7.43,2.21,1.558,3.398,0.265,,,,,
1987-04-01,8.156,2.478,1.798,3.561,0.319,,,,,
1987-05-01,8.678,2.703,1.95,3.673,0.352,,,,,
1987-06-01,8.497,2.634,1.89,3.634,0.339,,,,,
1987-07-01,8.565,2.623,1.937,3.654,0.35,,,,,
1987-08-01,8.822,2.732,2.013,3.712,0.366,,,,,
1987-09-01,9.446,3.01,2.183,3.853,0.399,,,,,
1987-10-01,9.515,3.057,2.193,3.864,0.401,,,,,
1987-11-01,8.91,2.765,2.042,3.729,0.373,,,,,
1987-12-01,9.078,2.832,2.092,3.772,0.382,,,,,
1988-01-01,8.816,2.737,2.003,3.715,0.361,,,,,
1988-02-01,8.427,2.564,1.895,3.631,0.337,,,,,
1988-03-01,8.587,2.616,1.953,3.668,0.351,,,,,
1988-04-01,8.908,2.746,2.05,3.74,0.371,,,,,
1988-05-01,9.214,2.885,2.133,3.808,0.388,,,,,
1988-06-01,8.97,2.846,2.018,3.745,0.361,,,,,
1988-07-01,9.146,2.945,2.051,3.786,0.364,,,,,
1988-08-01,9.288,3.06,2.053,3.814,0.361,,,,,
1988-09-01,8.984,2.98,1.931,3.741,0.332,,,,,
1988-10-01,8.817,2.927,1.869,3.703,0.317,,,,,
1988-11-01,8.918,3.025,1.86,3.721,0.312,,,,,
1988-12-01,8.985,3.13,1.827,3.726,0.302,,,,,
1989-01-01,8.947,3.145,1.796,3.713,0.294,,,,,
1989-02-01,9.007,3.199,1.793,3.725,0.291,,,,,
1989-03-01,9.139,3.309,1.793,3.749,0.288,,,,,
1989-04-01,8.992,3.233,1.759,3.718,0.281,,,,,
1989-05-01,8.754,3.101,1.711,3.67,0.272,,,,,
1989-06-01,8.232,2.886,1.554,3.554,0.238,,,,,
1989-07-01,7.998,2.723,1.529,3.51,0.236,,,,,
1989-08-01,8.059,2.775,1.53,3.518,0.236,,,,,
1989-09-01,8.141,2.807,1.557,3.534,0.243,,,,,
1989-10-01,8.006,2.744,1.521,3.506,0.235,,,,,
1989-11-01,7.858,2.666,1.488,3.474,0.23,,,,,
1989-12-01,7.805,2.644,1.473,3.46,0.227,,,,,
1990-01-01,8.166,2.769,1.599,3.542,0.256,,,,,
1990-02-01,8.416,2.872,1.674,3.598,0.272,,,,,
1990-03-01,8.509,2.93,1.689,3.615,0.275,,,,,
1990-04-01,8.686,2.981,1.758,3.656,0.291,,,,,
1990-05-01,8.677,2.963,1.765,3.656,0.293,,,,,
1990-06-01,8.432,2.864,1.689,3.602,0.277,,,,,
1990-07-01,8.446,2.841,1.712,3.61,0.282,,,,,
1990-08-01,8.75,2.892,1.854,3.689,0.315,,,,,
1990-09-01,8.936,2.931,1.935,3.735,0.334,,,,,
1990-10-01,8.745,2.847,1.882,3.692,0.323,,,,,
1990-11-01,8.415,2.727,1.773,3.617,0.299,,,,,
1990-12-01,8.13,2.592,1.701,3.55,0.287,,,,,
1991-01-01,8.204,2.54,1.782,3.572,0.311,,,,,
1991-02-01,7.991,2.415,1.745,3.524,0.307,,,,,
1991-03-01,8.228,2.496,1.829,3.575,0.328,,,,,
1991-04-01,8.176,2.444,1.835,3.565,0.332,,,,,
1991-05-01,8.253,2.443,1.881,3.587,0.343,,,,,
1991-06-01,8.435,2.525,1.931,3.626,0.353,,,,,
1991-07-01,8.389,2.504,1.919,3.615,0.352,,,,,
1991-08-01,8.107,2.351,1.858,3.559,0.339,,,,,
1991-09-01,7.877,2.256,1.789,3.508,0.324,,,,,
1991-10-01,7.753,2.175,1.772,3.486,0.321,,,,,
1991-11-01,7.744,2.09,1.825,3.492,0.337,,,,,
1991-12-01,7.494,1.919,1.798,3.443,0.335,,,,,
1992-01-01,7.468,1.882,1.811,3.432,0.343,,,,,
1992-02-01,7.695,1.968,1.886,3.48,0.361,,,,,
1992-03-01,7.767,2.053,1.872,3.483,0.359,,,,,
1992-04-01,7.761,1.987,1.913,3.49,0.37,,,,,
1992-05-01,7.686,1.94,1.902,3.476,0.368,,,,,
1992-06-01,7.591,1.903,1.869,3.459,0.359,,,,,
1992-07-01,7.324,1.716,1.84,3.414,0.353,,,,,
1992-08-01,7.095,1.636,1.762,3.361,0.336,,,,,
1992-09-01,7.003,1.557,1.761,3.347,0.337,,,,,
1992-10-01,7.131,1.616,1.797,3.372,0.346,,,,,
1992-11-01,7.27,1.735,1.799,3.388,0.347,,,,,
1992-12-01,7.149,1.715,1.744,3.355,0.336,,,,,
1993-01-01,7.012,1.627,1.724,3.329,0.332,,,,,
1993-02-01,6.682,1.507,1.612,3.258,0.305,,,,,
1993-03-01,6.449,1.434,1.525,3.205,0.285,,,,,
1993-04-01,6.431,1.411,1.53,3.204,0.286,,,,,
1993-05-01,6.435,1.43,1.519,3.203,0.283,,,,,
1993-06-01,6.252,1.413,1.425,3.152,0.262,,,,,
1993-07-01,6.07,1.356,1.358,3.108,0.247,,,,,
1993-08-01,5.974,1.327,1.323,3.085,0.239,,,,,
1993-09-01,5.658,1.221,1.211,3.012,0.214,,,,,
1993-10-01,5.608,1.217,1.185,3,0.207,,,,,
1993-11-01,5.981,1.352,1.309,3.084,0.235,,,,,
1993-12-01,6.005,1.359,1.32,3.089,0.238,,,,,
1994-01-01,5.972,1.334,1.318,3.082,0.239,,,,,
1994-02-01,6.201,1.453,1.369,3.131,0.248,,,,,
1994-03-01,6.699,1.667,1.513,3.24,0.279,,,,,
1994-04-01,7.148,1.862,1.642,3.337,0.307,,,,,
1994-05-01,7.293,1.994,1.634,3.365,0.3,,,,,
1994-06-01,7.211,1.961,1.609,3.347,0.294,,,,,
1994-07-01,7.407,2.051,1.66,3.392,0.304,,,,,
1994-08-01,7.327,2.052,1.612,3.371,0.291,,,,,
1994-09-01,7.555,2.145,1.681,3.424,0.305,,,,,
1994-10-01,7.791,2.279,1.726,3.474,0.312,,,,,
1994-11-01,7.945,2.392,1.738,3.502,0.312,,,,,
1994-12-01,7.759,2.437,1.599,3.447,0.276,,,,,
1995-01-01,7.759,2.436,1.599,3.448,0.276,,,,,
1995-02-01,7.461,2.308,1.512,3.385,0.256,,,,,
1995-03-01,7.255,2.214,1.455,3.344,0.242,,,,,
1995-04-01,7.121,2.149,1.421,3.316,0.235,,,,,
1995-05-01,6.686,1.999,1.269,3.218,0.2,,,,,
1995-06-01,6.273,1.83,1.144,3.127,0.173,,,,,
1995-07-01,6.382,1.855,1.191,3.151,0.185,,,,,
1995-08-01,6.586,1.925,1.262,3.196,0.202,,,,,
1995-09-01,6.312,1.828,1.17,3.133,0.182,,,,,
1995-10-01,6.115,1.775,1.091,3.086,0.163,,,,,
1995-11-01,6.007,1.728,1.059,3.064,0.155,,,,,
1995-12-01,5.808,1.646,1,3.018,0.143,,,,,
1996-01-01,5.766,1.593,1.012,3.013,0.148,,,,,
1996-02-01,5.945,1.609,1.105,3.061,0.17,,,,,
1996-03-01,6.408,1.793,1.251,3.159,0.204,,,,,
1996-04-01,6.65,1.888,1.328,3.211,0.222,,,,,
1996-05-01,6.817,1.95,1.384,3.249,0.235,,,,,
1996-06-01,6.946,2.014,1.415,3.275,0.242,,,,,
1996-07-01,6.868,1.999,1.379,3.256,0.233,,,,,
1996-08-01,6.643,1.903,1.314,3.207,0.219,,,,,
1996-09-01,6.87,1.988,1.388,3.258,0.235,,,,,
1996-10-01,6.579,1.876,1.295,3.194,0.214,,,,,
1996-11-01,6.257,1.774,1.176,3.12,0.187,,,,,
1996-12-01,6.332,1.794,1.207,3.136,0.195,,,,,
1997-01-01,6.589,1.884,1.296,3.194,0.215,,,,,
1997-02-01,6.452,1.835,1.25,3.163,0.205,,,,,
1997-03-01,6.744,1.958,1.335,3.227,0.223,,,,,
1997-04-01,6.921,2.034,1.387,3.265,0.235,,,,,
1997-05-01,6.737,1.965,1.327,3.224,0.221,,,,,
1997-06-01,6.547,1.882,1.274,3.181,0.211,,,,,
1997-07-01,6.277,1.798,1.173,3.119,0.187,,,,,
1997-08-01,6.38,1.838,1.205,3.144,0.193,,,,,
1997-09-01,6.304,1.799,1.188,3.127,0.191,,,,,
1997-10-01,6.132,1.748,1.122,3.087,0.175,,,,,
1997-11-01,5.945,1.709,1.039,3.041,0.155,,,,,
1997-12-01,5.844,1.693,0.991,3.016,0.144,,,,,
1998-01-01,5.625,1.584,0.937,2.971,0.132,,,,,
1998-02-01,5.695,1.611,0.96,2.988,0.136,,,,,
1998-03-01,5.759,1.633,0.983,2.999,0.143,,,,,
1998-04-01,5.746,1.632,0.977,2.996,0.142,,,,,
1998-05-01,5.77,1.652,0.976,3.001,0.141,,,,,
1998-06-01,5.606,1.602,0.915,2.962,0.127,,,,,
1998-07-01,5.556,1.574,0.906,2.95,0.126,,,,,
1998-08-01,5.417,1.517,0.864,2.92,0.117,,,,,
1998-09-01,4.998,1.325,0.75,2.832,0.092,,,,,
1998-10-01,4.845,1.169,0.768,2.807,0.101,,,,,
1998-11-01,5.08,1.31,0.808,2.854,0.107,,,,,
1998-12-01,4.937,1.266,0.755,2.821,0.095,,,,,
1999-01-01,5.081,1.295,0.819,2.855,0.111,,,,,
1999-02-01,5.341,1.396,0.903,2.912,0.13,,,,,
1999-03-01,5.577,1.473,0.988,2.966,0.15,,,,,
1999-04-01,5.499,1.431,0.972,2.95,0.147,,,,,
1999-05-01,5.815,1.56,1.068,3.02,0.168,,,,,
1999-06-01,6.156,1.71,1.164,3.095,0.188,,,,,
1999-07-01,6.079,1.648,1.162,3.079,0.19,,,,,
1999-08-01,6.254,1.744,1.197,3.119,0.194,,,,,
1999-09-01,6.285,1.749,1.21,3.129,0.196,,,,,
1999-10-01,6.48,1.825,1.272,3.173,0.21,,,,,
1999-11-01,6.302,1.811,1.176,3.129,0.185,,,,,
1999-12-01,6.526,1.915,1.235,3.181,0.195,,,,,
2000-01-01,6.762,2.009,1.31,3.229,0.214,,,,,
2000-02-01,6.595,2.013,1.211,3.18,0.191,,,,,
2000-03-01,6.395,1.972,1.121,3.134,0.168,,,,,
2000-04-01,6.157,1.893,1.035,3.08,0.148,,,,,
2000-05-01,6.542,2.06,1.146,3.165,0.171,,,,,
2000-06-01,6.22,1.938,1.04,3.093,0.148,,,,,
2000-07-01,6.136,1.914,1.007,3.076,0.138,,,,,
2000-08-01,5.961,1.873,0.932,3.036,0.12,,,,,
2000-09-01,5.984,1.852,0.958,3.048,0.125,,,,,
2000-10-01,5.891,1.827,0.92,3.03,0.114,,,,,
2000-11-01,5.832,1.815,0.894,3.016,0.108,,,,,
2000-12-01,5.42,1.621,0.787,2.926,0.086,,,,,
2001-01-01,5.385,1.479,0.866,2.927,0.113,,,,,
2001-02-01,5.359,1.431,0.886,2.922,0.121,,,,,
2001-03-01,5.203,1.31,0.879,2.89,0.124,,,,,
2001-04-01,5.442,1.303,1.026,2.951,0.162,,,,,
2001-05-01,5.649,1.33,1.13,2.998,0.191,,,,,
2001-06-01,5.565,1.276,1.119,2.98,0.19,,,,,
2001-07-01,5.502,1.255,1.096,2.965,0.185,,,,,
2001-08-01,5.306,1.165,1.043,2.924,0.174,,,,,
2001-09-01,5.15,0.994,1.071,2.9,0.185,,,,,
2001-10-01,4.98,0.854,1.069,2.865,0.191,,,,,
2001-11-01,5.051,0.845,1.12,2.879,0.207,,,,,
2001-12-01,5.52,0.972,1.309,2.984,0.254,,,,,
2002-01-01,5.439,0.941,1.283,2.966,0.249,,,,,
2002-02-01,5.35,0.927,1.24,2.946,0.237,,,,,
2002-03-01,5.7,1.072,1.346,3.021,0.262,,,,,
2002-04-01,5.589,1.026,1.313,2.995,0.255,,,,,
2002-05-01,5.51,0.985,1.294,2.981,0.25,,,,,
2002-06-01,5.279,0.897,1.219,2.932,0.232,,,,,
2002-07-01,5.04,0.795,1.147,2.884,0.214,,,,,
2002-08-01,4.68,0.658,1.028,2.809,0.184,,,,,
2002-09-01,4.294,0.545,0.879,2.719,0.15,,,,,
2002-10-01,4.4,0.561,0.93,2.748,0.161,,,,,
2002-11-01,4.476,0.545,0.988,2.764,0.179,,,,,
2002-12-01,4.454,0.531,0.985,2.76,0.179,,,,,
2003-01-01,4.453,0.52,0.991,2.761,0.18,,,,,
2003-02-01,4.284,0.466,0.93,2.722,0.166,,,,,
2003-03-01,4.192,0.431,0.9,2.702,0.159,,,,,
2003-04-01,4.326,0.473,0.95,2.732,0.171,,,,,
2003-05-01,3.884,0.331,0.788,2.631,0.134,,,,,
2003-06-01,3.646,0.234,0.717,2.578,0.118,,,,,
2003-07-01,4.298,0.429,0.964,2.73,0.176,,,,,
2003-08-01,4.82,0.6,1.152,2.848,0.22,,,,,
2003-09-01,4.618,0.534,1.079,2.802,0.203,,,,,
2003-10-01,4.615,0.535,1.078,2.801,0.203,,,,,
2003-11-01,4.601,0.545,1.063,2.792,0.201,,,,,
2003-12-01,4.559,0.53,1.05,2.781,0.198,,,,,
2004-01-01,4.428,0.484,1.005,2.753,0.187,,,,,
2004-02-01,4.363,0.469,0.977,2.737,0.181,,,,,
2004-03-01,4.101,0.387,0.878,2.678,0.157,,,,,
2004-04-01,4.643,0.575,1.068,2.798,0.202,,,,,
2004-05-01,5.004,0.73,1.174,2.874,0.226,,,,,
2004-06-01,5.001,0.781,1.136,2.869,0.214,,,,,
2004-07-01,4.752,0.715,1.035,2.812,0.19,,,,,
2004-08-01,4.542,0.66,0.949,2.765,0.168,,,,,
2004-09-01,4.364,0.633,0.863,2.722,0.146,,,,,
2004-10-01,4.333,0.647,0.834,2.714,0.138,,,,,
2004-11-01,4.408,0.72,0.827,2.726,0.134,,,,,
2004-12-01,4.415,0.754,0.808,2.725,0.128,,,,,
2005-01-01,4.368,0.781,0.763,2.707,0.117,,,,,
2005-02-01,4.276,0.792,0.702,2.679,0.103,,,,,
2005-03-01,4.606,0.934,0.798,2.751,0.123,,,,,
2005-04-01,4.439,0.892,0.728,2.713,0.106,,,,,
2005-05-01,4.234,0.839,0.644,2.664,0.087,,,,,
2005-06-01,4.07,0.804,0.573,2.623,0.07,,,,,
2005-07-01,4.237,0.904,0.601,2.658,0.073,,,,,
2005-08-01,4.315,0.971,0.6,2.674,0.071,,,,,
2005-09-01,4.27,0.953,0.585,2.666,0.066,,,,,
2005-10-01,4.535,1.087,0.646,2.724,0.077,,,,,
2005-11-01,4.63,1.144,0.663,2.745,0.079,,,,,
2005-12-01,4.54,1.123,0.624,2.723,0.07,,,,,
2006-01-01,4.465,1.124,0.579,2.705,0.058,,,,,
2006-02-01,4.607,1.209,0.604,2.733,0.062,,,,,
2006-03-01,4.774,1.27,0.658,2.773,0.073,,,,,
2006-04-01,5.03,1.357,0.747,2.834,0.092,,,,,
2006-05-01,5.148,1.406,0.781,2.863,0.098,,,,,
2006-06-01,5.131,1.431,0.754,2.855,0.09,,,,,
2006-07-01,5.095,1.436,0.729,2.847,0.083,,,,,
2006-08-01,4.895,1.358,0.666,2.803,0.069,,,,,
2006-09-01,4.753,1.3,0.623,2.771,0.06,,,,,
2006-10-01,4.752,1.307,0.617,2.77,0.058,,,,,
2006-11-01,4.609,1.27,0.559,2.736,0.044,,,,,
2006-12-01,4.591,1.251,0.561,2.733,0.045,,,,,
2007-01-01,4.78,1.323,0.623,2.775,0.059,,,,,
2007-02-01,4.751,1.315,0.611,2.768,0.057,,,,,
2007-03-01,4.615,1.256,0.571,2.742,0.046,,,,,
2007-04-01,4.743,1.289,0.623,2.772,0.059,,,,,
2007-05-01,4.781,1.293,0.645,2.778,0.066,,,,,
2007-06-01,5.13,1.396,0.779,2.857,0.098,,,,,
2007-07-01,5.044,1.375,0.741,2.841,0.087,,,,,
2007-08-01,4.786,1.212,0.703,2.789,0.082,,,,,
2007-09-01,4.625,1.103,0.685,2.757,0.081,,,,,
2007-10-01,4.633,1.096,0.694,2.76,0.084,,,,,
2007-11-01,4.324,0.9,0.649,2.698,0.078,,,,,
2007-12-01,4.322,0.847,0.684,2.705,0.087,,,,,
2008-01-01,3.991,0.657,0.62,2.639,0.076,,,,,
2008-02-01,4.052,0.543,0.736,2.663,0.11,,,,,
2008-03-01,3.855,0.383,0.733,2.624,0.115,,,,,
2008-04-01,3.992,0.457,0.765,2.645,0.125,,,,,
2008-05-01,4.179,0.572,0.797,2.679,0.131,,,,,
2008-06-01,4.386,0.692,0.835,2.722,0.138,,,,,
2008-07-01,4.274,0.621,0.819,2.699,0.136,,,,,
2008-08-01,4.146,0.576,0.774,2.672,0.124,,,,,
2008-09-01,3.981,0.467,0.752,2.64,0.122,,,,,
2008-10-01,4.389,0.479,0.979,2.758,0.174,,,,,
2008-11-01,4.178,0.323,0.962,2.719,0.173,,,,,
2008-12-01,2.999,-0.071,0.55,2.433,0.087,,,,,
2009-01-01,3.139,-0.023,0.599,2.466,0.098,,,,,
2009-02-01,3.497,0.105,0.719,2.549,0.124,,,,,
2009-03-01,3.35,0.063,0.663,2.511,0.112,,,,,
2009-04-01,3.369,0.058,0.679,2.516,0.117,,,,,
2009-05-01,3.76,0.154,0.84,2.612,0.154,,,,,
2009-06-01,4.207,0.296,1.006,2.712,0.194,,,,,
2009-07-01,4.013,0.23,0.937,2.668,0.178,,,,,
2009-08-01,4.007,0.236,0.931,2.662,0.178,,,,,
2009-09-01,3.804,0.165,0.861,2.616,0.162,,,,,
2009-10-01,3.754,0.144,0.846,2.604,0.159,,,,,
2009-11-01,3.773,0.137,0.861,2.614,0.161,,,,,
2009-12-01,3.93,0.182,0.921,2.653,0.174,,,,,
2010-01-01,4.05,0.217,0.968,2.679,0.186,,,,,
2010-02-01,4.013,0.205,0.954,2.674,0.181,,,,,
2010-03-01,4.017,0.219,0.947,2.672,0.18,,,,,
2010-04-01,4.091,0.25,0.969,2.685,0.186,,,,,
2010-05-01,3.69,0.128,0.819,2.593,0.151,,,,,
2010-06-01,3.479,0.061,0.741,2.543,0.133,,,,,
2010-07-01,3.264,-0.004,0.66,2.496,0.113,,,,,
2010-08-01,2.905,-0.109,0.521,2.411,0.081,,,,,
2010-09-01,2.855,-0.123,0.502,2.399,0.077,,,,,
2010-10-01,2.735,-0.169,0.462,2.376,0.066,,,,,
2010-11-01,2.95,-0.109,0.546,2.428,0.085,,,,,
2010-12-01,3.535,0.065,0.769,2.564,0.137,,,,,
2011-01-01,3.627,0.086,0.808,2.587,0.146,,,,,
2011-02-01,3.807,0.146,0.874,2.624,0.163,,,,,
2011-03-01,3.644,0.096,0.813,2.586,0.149,,,,,
2011-04-01,3.684,0.105,0.83,2.594,0.154,,,,,
2011-05-01,3.389,0.007,0.725,2.529,0.129,,,,,
2011-06-01,3.212,-0.05,0.659,2.492,0.112,,,,,
2011-07-01,3.219,-0.054,0.665,2.494,0.113,,,,,
2011-08-01,2.463,-0.263,0.369,2.311,0.046,,,,,
2011-09-01,2.119,-0.351,0.23,2.223,0.017,,,,,
2011-10-01,2.284,-0.299,0.291,2.26,0.032,,,,,
2011-11-01,2.119,-0.347,0.229,2.221,0.017,,,,,
2011-12-01,2.076,-0.358,0.211,2.21,0.013,,,,,
2012-01-01,2.052,-0.364,0.201,2.206,0.01,,,,,
2012-02-01,2.048,-0.357,0.193,2.205,0.008,,,,,
2012-03-01,2.275,-0.289,0.278,2.258,0.027,,,,,
2012-04-01,2.136,-0.329,0.225,2.225,0.015,,,,,
2012-05-01,1.856,-0.4,0.111,2.155,-0.01,,,,,
2012-06-01,1.657,-0.446,0.028,2.103,-0.028,,,,,
2012-07-01,1.555,-0.477,-0.01,2.079,-0.037,,,,,
2012-08-01,1.735,-0.432,0.063,2.124,-0.021,,,,,
2012-09-01,1.763,-0.429,0.076,2.133,-0.018,,,,,
2012-10-01,1.779,-0.421,0.08,2.136,-0.017,,,,,
2012-11-01,1.68,-0.446,0.041,2.111,-0.026,,,,,
2012-12-01,1.747,-0.433,0.071,2.128,-0.019,,,,,
2013-01-01,1.959,-0.381,0.158,2.182,0,,,,,
2013-02-01,2.048,-0.356,0.192,2.205,0.008,,,,,
2013-03-01,2.024,-0.365,0.184,2.199,0.006,,,,,
2013-04-01,1.795,-0.427,0.094,2.142,-0.014,,,,,
2013-05-01,1.986,-0.377,0.171,2.188,0.004,,,,,
2013-06-01,2.413,-0.256,0.337,2.29,0.042,,,,,
2013-07-01,2.711,-0.178,0.457,2.363,0.069,,,,,
2013-08-01,2.897,-0.129,0.531,2.409,0.086,,,,,
2013-09-01,2.952,-0.114,0.554,2.42,0.092,,,,,
2013-10-01,2.751,-0.171,0.475,2.375,0.072,,,,,
2013-11-01,2.872,-0.141,0.524,2.407,0.082,,,,,
2013-12-01,3.069,-0.084,0.6,2.454,0.1,,,,,
2014-01-01,3.007,-0.095,0.573,2.433,0.096,,,,,
2014-02-01,2.856,-0.137,0.513,2.398,0.082,,,,,
2014-03-01,2.862,-0.126,0.511,2.394,0.083,,,,,
2014-04-01,2.832,-0.131,0.498,2.383,0.082,,,,,
2014-05-01,2.664,-0.177,0.432,2.342,0.067,,,,,
2014-06-01,2.713,-0.158,0.448,2.352,0.071,,,,,
2014-07-01,2.646,-0.169,0.418,2.332,0.065,,,,,
2014-08-01,2.524,-0.201,0.369,2.301,0.055,,,,,
2014-09-01,2.642,-0.164,0.413,2.326,0.066,,,,,
2014-10-01,2.407,-0.233,0.323,2.272,0.044,,,,,
2014-11-01,2.434,-0.218,0.329,2.277,0.046,,,,,
2014-12-01,2.29,-0.241,0.263,2.237,0.032,,,,,
2015-01-01,1.955,-0.339,0.134,2.156,0.003,,,,,
2015-02-01,2.077,-0.305,0.182,2.185,0.014,,,,,
2015-03-01,2.134,-0.284,0.201,2.199,0.018,,,,,
2015-04-01,2.024,-0.324,0.163,2.176,0.009,,,,,
2015-05-01,2.314,-0.247,0.28,2.247,0.035,,,,,
2015-06-01,2.477,-0.199,0.342,2.285,0.049,,,,,
2015-07-01,2.415,-0.213,0.315,2.271,0.043,,,,,
2015-08-01,2.246,-0.241,0.236,2.228,0.024,,,,,
2015-09-01,2.266,-0.244,0.249,2.235,0.027,,,,,
2015-10-01,2.153,-0.288,0.213,2.209,0.019,,,,,
2015-11-01,2.37,-0.184,0.268,2.255,0.03,,,,,
2015-12-01,2.343,-0.162,0.237,2.247,0.021,,,,,
2016-01-01,2.179,-0.221,0.182,2.21,0.009,,,,,
2016-02-01,1.878,-0.311,0.067,2.141,-0.019,,,,,
2016-03-01,1.985,-0.27,0.102,2.163,-0.01,,,,,
2016-04-01,1.877,-0.319,0.073,2.139,-0.016,,,,,
2016-05-01,1.888,-0.307,0.07,2.14,-0.016,,,,,
2016-06-01,1.712,-0.359,0.003,2.099,-0.032,,,,,
2016-07-01,1.554,-0.402,-0.059,2.06,-0.046,,,,,
2016-08-01,1.612,-0.377,-0.042,2.073,-0.042,,,,,
2016-09-01,1.691,-0.35,-0.014,2.091,-0.036,,,,,
2016-10-01,1.823,-0.311,0.036,2.123,-0.024,,,,,
2016-11-01,2.231,-0.18,0.183,2.22,0.008,,,,,
2016-12-01,2.6,-0.062,0.318,2.305,0.039,,,,,
2017-01-01,2.513,-0.087,0.285,2.283,0.032,,,,,
2017-02-01,2.504,-0.085,0.279,2.281,0.03,,,,,
2017-03-01,2.562,-0.03,0.273,2.292,0.026,,,,,
2017-04-01,2.366,-0.079,0.192,2.248,0.006,,,,,
2017-05-01,2.378,-0.063,0.186,2.25,0.003,,,,,
2017-06-01,2.24,-0.086,0.122,2.215,-0.012,,,,,
2017-07-01,2.372,-0.047,0.172,2.247,-0.001,,,,,
2017-08-01,2.263,-0.078,0.13,2.222,-0.01,,,,,
2017-09-01,2.245,-0.074,0.117,2.216,-0.014,,,,,
2017-10-01,2.392,-0.014,0.162,2.248,-0.003,,,,,
2017-11-01,2.386,0.012,0.14,2.243,-0.009,,,,,
2017-12-01,2.429,0.048,0.141,2.249,-0.009,,,,,
2018-01-01,2.596,0.121,0.188,2.285,0.001,,,,,
2018-02-01,2.885,0.229,0.283,2.353,0.02,,,,,
2018-03-01,2.856,0.244,0.255,2.344,0.013,,,,,
2018-04-01,2.862,0.262,0.247,2.343,0.011,,,,,
2018-05-01,2.979,0.312,0.28,2.369,0.018,,,,,
2018-06-01,2.914,0.301,0.25,2.353,0.01,,,,,
2018-07-01,2.885,0.303,0.232,2.345,0.006,,,,,
2018-08-01,2.881,0.313,0.222,2.344,0.002,,,,,
2018-09-01,2.991,0.364,0.251,2.368,0.008,,,,,
2018-10-01,3.145,0.423,0.299,2.405,0.018,,,,,
2018-11-01,3.116,0.423,0.282,2.399,0.012,,,,,
2018-12-01,2.824,0.339,0.168,2.332,-0.015,,,,,
2019-01-01,2.702,0.295,0.127,2.305,-0.025,,,,,
2019-02-01,2.671,0.284,0.116,2.299,-0.027,,,,,
2019-03-01,2.575,0.252,0.081,2.278,-0.036,,,,,
2019-04-01,2.539,0.233,0.073,2.27,-0.037,,,,,
2019-05-01,2.412,0.186,0.03,2.242,-0.047,,,,,
2019-06-01,2.095,0.048,-0.059,2.173,-0.066,,,,,
2019-07-01,2.069,0.03,-0.061,2.166,-0.065,,,,,
2019-08-01,1.643,-0.116,-0.209,2.065,-0.097,,,,,
2019-09-01,1.719,-0.096,-0.178,2.081,-0.089,,,,,
2019-10-01,1.719,-0.133,-0.151,2.083,-0.08,,,,,
2019-11-01,1.836,-0.109,-0.098,2.11,-0.066,,,,,
2019-12-01,1.891,-0.095,-0.076,2.123,-0.061,,,,,
2020-01-01,1.782,-0.133,-0.114,2.099,-0.07,,,,,
2020-02-01,1.525,-0.218,-0.206,2.04,-0.091,,,,,
2020-03-01,0.953,-0.579,-0.286,1.914,-0.095,,,,,
2020-04-01,0.722,-0.674,-0.356,1.863,-0.111,,,,,
2020-05-01,0.714,-0.684,-0.355,1.863,-0.111,,,,,
2020-06-01,0.759,-0.669,-0.339,1.875,-0.108,,,,,
2020-07-01,0.641,-0.707,-0.381,1.846,-0.117,,,,,
2020-08-01,0.658,-0.707,-0.372,1.851,-0.115,,,,,
2020-09-01,0.688,-0.701,-0.359,1.859,-0.112,,,,,
2020-10-01,0.795,-0.673,-0.315,1.886,-0.102,,,,,
2020-11-01,0.879,-0.652,-0.281,1.906,-0.094,,,,,
2020-12-01,0.937,-0.642,-0.255,1.922,-0.089,,,,,
2021-01-01,1.09,-0.604,-0.192,1.962,-0.075,,,,,
2021-02-01,1.296,-0.557,-0.105,2.014,-0.056,,,,,
2021-03-01,1.708,-0.447,0.059,2.115,-0.019,,,,,
2021-04-01,1.726,-0.442,0.067,2.118,-0.017,,,,,
2021-05-01,1.714,-0.449,0.064,2.117,-0.018,,,,,
2021-06-01,1.608,-0.468,0.016,2.087,-0.028,,,,,
2021-07-01,1.382,-0.522,-0.077,2.028,-0.048,,,,,
2021-08-01,1.342,-0.53,-0.094,2.017,-0.051,,,,,
2021-09-01,1.428,-0.504,-0.062,2.037,-0.043,,,,,
2021-10-01,1.642,-0.436,0.017,2.084,-0.024,,,,,
2021-11-01,1.624,-0.428,0.003,2.074,-0.026,,,,,
2021-12-01,1.535,-0.431,-0.046,2.048,-0.036,,,,,
2022-01-01,1.851,-0.308,0.054,2.12,-0.015,,,,,
2022-02-01,2.01,-0.197,0.071,2.149,-0.013,,,,,
2022-03-01,2.182,-0.099,0.105,2.18,-0.005,,,,,
2022-04-01,2.789,0.154,0.286,2.315,0.034,,,,,
2022-05-01,2.969,0.232,0.335,2.361,0.041,,,,,
2022-06-01,3.219,0.413,0.354,2.415,0.037,,,,,
2022-07-01,2.97,0.44,0.184,2.358,-0.012,,,,,
2022-08-01,2.941,0.486,0.136,2.346,-0.026,,,,,
2022-09-01,3.568,0.77,0.305,2.487,0.006,,,,,
2022-10-01,4.036,0.998,0.419,2.593,0.026,,,,,
2022-11-01,3.944,1.018,0.349,2.573,0.005,,,,,
2022-12-01,3.608,0.929,0.212,2.495,-0.028,,,,,
2023-01-01,3.514,0.914,0.166,2.476,-0.042,,,,,
2023-02-01,3.732,1.01,0.228,2.522,-0.028,,,,,
2023-03-01,3.692,0.987,0.219,2.516,-0.031,,,,,
2023-04-01,3.489,0.918,0.146,2.475,-0.05,,,,,
2023-05-01,3.611,0.986,0.168,2.506,-0.049,,,,,
2023-06-01,3.756,1.078,0.192,2.529,-0.043,,,,,
2023-07-01,3.884,1.135,0.229,2.555,-0.034,,,,,
2023-08-01,4.158,1.211,0.336,2.622,-0.01,,,,,
2023-09-01,4.391,1.281,0.423,2.677,0.01,,,,,
2023-10-01,4.865,1.41,0.609,2.794,0.051,,,,,
2023-11-01,4.561,1.305,0.505,2.724,0.027,,,,,
2023-12-01,4.058,1.135,0.328,2.609,-0.013,0,0,0,0,0
2024-01-01,4.085,1.121,0.352,2.618,-0.007,0.027,-0.013,0.025,0.009,0.006
2024-02-01,4.235,1.182,0.399,2.65,0.004,0.177,0.048,0.071,0.041,0.017
2024-03-01,4.208,1.181,0.385,2.642,0.002,0.15,0.046,0.057,0.033,0.014
2024-04-01,4.516,1.284,0.495,2.71,0.028,0.458,0.15,0.167,0.101,0.041
2024-05-01,4.458,1.268,0.471,2.697,0.022,0.4,0.134,0.144,0.088,0.035
2024-06-01,4.28,1.211,0.406,2.656,0.007,0.222,0.077,0.078,0.047,0.02
2024-07-01,4.245,1.169,0.414,2.654,0.009,0.187,0.034,0.087,0.045,0.021
2024-08-01,3.879,1.007,0.312,2.575,-0.013,-0.179,-0.128,-0.016,-0.034,-0.001
2024-09-01,3.734,0.905,0.297,2.545,-0.013,-0.324,-0.23,-0.03,-0.064,-0
2024-10-01,4.115,1.007,0.452,2.63,0.026,0.057,-0.127,0.125,0.021,0.039
2024-11-01,4.373,1.092,0.546,2.685,0.049,0.315,-0.042,0.218,0.077,0.062
2024-12-01,4.409,1.084,0.574,2.694,0.057,0.351,-0.051,0.246,0.085,0.07
2025-01-01,4.659,1.147,0.676,2.755,0.081,0.601,0.012,0.349,0.146,0.094
2025-02-01,4.464,1.097,0.597,2.708,0.062,0.406,-0.038,0.269,0.099,0.075
2025-03-01,4.319,1.03,0.557,2.679,0.053,0.261,-0.104,0.229,0.071,0.066
2025-04-01,4.347,1.017,0.581,2.693,0.057,0.289,-0.118,0.253,0.084,0.07
2025-05-01,4.503,1.073,0.632,2.73,0.067,0.445,-0.061,0.305,0.122,0.08
2025-06-01,4.45,1.058,0.611,2.719,0.062,0.392,-0.076,0.284,0.11,0.075
2025-07-01,4.457,1.057,0.616,2.721,0.063,0.399,-0.077,0.288,0.113,0.076
2025-08-01,4.332,0.988,0.591,2.695,0.059,0.274,-0.147,0.264,0.086,0.072
2025-09-01,4.192,0.916,0.56,2.662,0.055,0.134,-0.219,0.232,0.053,0.067
2025-10-01,4.134,0.891,0.544,2.647,0.052,0.076,-0.243,0.216,0.038,0.065
2025-11-01,4.17,0.902,0.557,2.655,0.055,0.112,-0.233,0.23,0.046,0.068
2025-12-01,4.238,0.895,0.603,2.672,0.068,0.18,-0.24,0.275,0.064,0.081
2026-01-01,4.301,0.912,0.629,2.686,0.074,0.243,-0.223,0.301,0.078,0.087
2026-02-01,4.217,0.886,0.597,2.668,0.067,0.159,-0.249,0.269,0.059,0.08
2026-03-01,4.335,0.939,0.63,2.692,0.075,0.277,-0.196,0.303,0.083,0.088
2026-04-01,4.402,0.964,0.652,2.706,0.08,0.344,-0.171,0.325,0.097,0.093
2026-05-01,4.585,1.026,0.717,2.746,0.096,0.527,-0.108,0.39,0.137,0.109
2026-06-01,4.557,1.044,0.689,2.735,0.089,0.499,-0.091,0.362,0.126,0.102
2026-07-01,4.689,1.099,0.728,2.766,0.096,0.631,-0.036,0.4,0.157,0.109
2026-08-01,4.783,1.119,0.769,2.789,0.106,0.725,-0.016,0.441,0.18,0.119
