date,software_spending,software,electricity_spending,electricity,headline_spending
1959-01-01,NA,NA,4564,13.792,306091
1959-02-01,NA,NA,4588,13.837,309554
1959-03-01,NA,NA,4612,13.883000000000001,312702
1959-04-01,NA,NA,4634,13.884,312193
1959-05-01,NA,NA,4658,13.927,316130
1959-06-01,NA,NA,4688,13.929,318193
1959-07-01,NA,NA,4720,13.974,317787
1959-08-01,NA,NA,4751,14.023,320161
1959-09-01,NA,NA,4785,14.022,324228
1959-10-01,NA,NA,4815,14.069,322794
1959-11-01,NA,NA,4848,14.072000000000001,322860
1959-12-01,NA,NA,4905,14.117999999999999,322871
1960-01-01,NA,NA,4966,14.122,323603
1960-02-01,NA,NA,5025,14.123999999999999,325338
1960-03-01,NA,NA,5045,14.129999999999999,330150
1960-04-01,NA,NA,5061,14.176,336482
1960-05-01,NA,NA,5072,14.176,330042
1960-06-01,NA,NA,5059,14.182,330102
1960-07-01,NA,NA,5043,14.184,331366
1960-08-01,NA,NA,5030,14.185,331613
1960-09-01,NA,NA,5059,14.187999999999999,333397
1960-10-01,NA,NA,5097,14.187999999999999,335398
1960-11-01,NA,NA,5133,14.187,335366
1960-12-01,NA,NA,5142,14.186,331307
1961-01-01,NA,NA,5138,14.187,332178
1961-02-01,NA,NA,5139,14.232999999999999,333717
1961-03-01,NA,NA,5203,14.233999999999998,337664
1961-04-01,NA,NA,5287,14.233999999999998,337639
1961-05-01,NA,NA,5363,14.233999999999998,339870
1961-06-01,NA,NA,5358,14.233999999999998,340857
1961-07-01,NA,NA,5328,14.235,340560
1961-08-01,NA,NA,5303,14.189,342068
1961-09-01,NA,NA,5353,14.187,344368
1961-10-01,NA,NA,5427,14.232,346499
1961-11-01,NA,NA,5497,14.232,349881
1961-12-01,NA,NA,5528,14.232,352398
1962-01-01,NA,NA,5540,14.236999999999998,353161
1962-02-01,NA,NA,5555,14.192,353951
1962-03-01,NA,NA,5597,14.193999999999999,357353
1962-04-01,NA,NA,5654,14.195,359006
1962-05-01,NA,NA,5707,14.193999999999999,361978
1962-06-01,NA,NA,5703,14.193,360389
1962-07-01,NA,NA,5685,14.236999999999998,361358
1962-08-01,NA,NA,5671,14.279,362882
1962-09-01,NA,NA,5696,14.277999999999999,368757
1962-10-01,NA,NA,5730,14.226999999999999,366548
1962-11-01,NA,NA,5768,14.222999999999999,371684
1962-12-01,NA,NA,5830,14.217999999999998,373621
1963-01-01,NA,NA,5895,14.210999999999999,374423
1963-02-01,NA,NA,5956,14.203,373411
1963-03-01,NA,NA,5933,14.197,375016
1963-04-01,NA,NA,5895,14.190999999999999,376350
1963-05-01,NA,NA,5861,14.186,377205
1963-06-01,NA,NA,5896,14.184,381683
1963-07-01,NA,NA,5952,14.179,384407
1963-08-01,NA,NA,6004,14.133999999999999,386287
1963-09-01,NA,NA,6008,14.133999999999999,385488
1963-10-01,NA,NA,5990,14.135,386023
1963-11-01,NA,NA,5977,14.136999999999999,389440
1963-12-01,NA,NA,6033,14.140999999999998,394684
1964-01-01,NA,NA,6106,14.146999999999998,396783
1964-02-01,NA,NA,6177,14.153,400161
1964-03-01,NA,NA,6209,14.158,401801
1964-04-01,NA,NA,6226,14.165000000000001,402823
1964-05-01,NA,NA,6246,14.123,408431
1964-06-01,NA,NA,6284,14.126999999999999,411355
1964-07-01,NA,NA,6334,14.133,414912
1964-08-01,NA,NA,6381,14.088,417737
1964-09-01,NA,NA,6389,14.091,416618
1964-10-01,NA,NA,6388,14.092,419602
1964-11-01,NA,NA,6386,14.095,416359
1964-12-01,NA,NA,6402,14.094,421001
1965-01-01,NA,NA,6421,14.092,424440
1965-02-01,NA,NA,6444,14.092,431397
1965-03-01,NA,NA,6503,14.091,433297
1965-04-01,NA,NA,6572,14.043999999999999,437059
1965-05-01,NA,NA,6635,14.042,437625
1965-06-01,NA,NA,6617,14.042,435243
1965-07-01,NA,NA,6577,14.040999999999999,441033
1965-08-01,NA,NA,6547,14.086,444375
1965-09-01,NA,NA,6616,14.04,452006
1965-10-01,NA,NA,6715,14.085,458479
1965-11-01,NA,NA,6807,14.085,459054
1965-12-01,NA,NA,6830,14.088,461673
1966-01-01,NA,NA,6828,14.043999999999999,465158
1966-02-01,NA,NA,6829,14.046999999999999,470220
1966-03-01,NA,NA,6875,14.095,475031
1966-04-01,NA,NA,6936,14.095,476948
1966-05-01,NA,NA,6997,14.096,473094
1966-06-01,NA,NA,7055,14.096,475524
1966-07-01,NA,NA,7108,14.097,480562
1966-08-01,NA,NA,7157,14.047999999999998,483152
1966-09-01,NA,NA,7167,14.046,489159
1966-10-01,NA,NA,7174,14.043999999999999,488285
1966-11-01,NA,NA,7181,14.039,490050
1966-12-01,NA,NA,7209,14.082,491843
1967-01-01,NA,NA,7233,14.078,494203
1967-02-01,NA,NA,7268,14.12,492952
1967-03-01,NA,NA,7387,14.116,495797
1967-04-01,NA,NA,7535,14.110999999999999,501315
1967-05-01,NA,NA,7664,14.107,502243
1967-06-01,NA,NA,7601,14.149,506814
1967-07-01,NA,NA,7489,14.145,506708
1967-08-01,NA,NA,7393,14.187,509821
1967-09-01,NA,NA,7486,14.232,515622
1967-10-01,NA,NA,7630,14.229,512203
1967-11-01,NA,NA,7771,14.274,517400
1967-12-01,NA,NA,7867,14.274,525145
1968-01-01,NA,NA,7933,14.273,530934
1968-02-01,NA,NA,7812,14.270999999999999,533622
1968-03-01,NA,NA,8089,14.270999999999999,544333
1968-04-01,NA,NA,7997,14.270999999999999,544007
1968-05-01,NA,NA,8034,14.270999999999999,549783
1968-06-01,NA,NA,8125,14.272,556253
1968-07-01,NA,NA,7991,14.274,563156
1968-08-01,NA,NA,8179,14.275,567007
1968-09-01,NA,NA,8202,14.277,568203
1968-10-01,NA,NA,8158,14.28,571644
1968-11-01,NA,NA,8245,14.283,576748
1968-12-01,NA,NA,8351,14.286,576540
1969-01-01,NA,NA,8510,14.334,583479
1969-02-01,NA,NA,8547,14.337,588675
1969-03-01,NA,NA,8617,14.387,588862
1969-04-01,NA,NA,8573,14.48,593870
1969-05-01,NA,NA,8559,14.529,600271
1969-06-01,NA,NA,8650,14.576,600869
1969-07-01,NA,NA,8881,14.623999999999999,602700
1969-08-01,NA,NA,8936,14.671,609939
1969-09-01,NA,NA,8939,14.716999999999999,613239
1969-10-01,NA,NA,8942,14.764,618515
1969-11-01,NA,NA,9023,14.808,620476
1969-12-01,NA,NA,9088,14.808,622768
1970-01-01,NA,NA,9247,14.807,628728
1970-02-01,NA,NA,9240,14.805000000000001,633992
1970-03-01,NA,NA,9162,14.804,632334
1970-04-01,NA,NA,9386,14.849,636017
1970-05-01,NA,NA,9407,14.847999999999999,642427
1970-06-01,NA,NA,9488,14.937,646268
1970-07-01,NA,NA,9671,14.981,648472
1970-08-01,NA,NA,9849,15.025,652907
1970-09-01,NA,NA,9987,15.16,659068
1970-10-01,NA,NA,10030,15.341,658315
1970-11-01,NA,NA,9814,15.523,656559
1970-12-01,NA,NA,9968,15.612,665608
1971-01-01,NA,NA,9977,15.700999999999999,676149
1971-02-01,NA,NA,10277,15.745999999999999,679409
1971-03-01,NA,NA,10356,15.790999999999999,682000
1971-04-01,NA,NA,10425,15.835,688759
1971-05-01,NA,NA,10494,15.879000000000001,691134
1971-06-01,NA,NA,10526,15.969000000000001,699781
1971-07-01,NA,NA,10817,16.105,698881
1971-08-01,NA,NA,10410,16.241,704916
1971-09-01,NA,NA,10817,16.284999999999997,712999
1971-10-01,NA,NA,11196,16.284999999999997,715838
1971-11-01,NA,NA,11095,16.377000000000002,720940
1971-12-01,NA,NA,11075,16.421999999999997,728438
1972-01-01,NA,NA,11048,16.464999999999996,731497
1972-02-01,NA,NA,10935,16.508,736160
1972-03-01,NA,NA,11573,16.597,749188
1972-04-01,NA,NA,11747,16.688,752541
1972-05-01,NA,NA,11830,16.734,757962
1972-06-01,NA,NA,11803,16.827,761589
1972-07-01,NA,NA,11608,16.874000000000002,769918
1972-08-01,NA,NA,11824,16.967,776335
1972-09-01,NA,NA,11941,17.017000000000003,781143
1972-10-01,NA,NA,12414,17.067,794943
1972-11-01,NA,NA,12475,17.117000000000004,800451
1972-12-01,NA,NA,12439,17.167,806112
1973-01-01,NA,NA,12621,17.447,816471
1973-02-01,NA,NA,12741,17.544999999999998,825800
1973-03-01,NA,NA,12783,17.641000000000002,832750
1973-04-01,NA,NA,12746,17.74,835703
1973-05-01,NA,NA,12927,17.743,841581
1973-06-01,NA,NA,13125,17.839000000000002,844298
1973-07-01,NA,NA,13400,17.841,854131
1973-08-01,NA,NA,13454,17.887999999999998,853252
1973-09-01,NA,NA,13978,18.026,869246
1973-10-01,NA,NA,14225,18.118000000000002,868163
1973-11-01,NA,NA,13958,18.253,876880
1973-12-01,NA,NA,13677,18.479999999999997,876619
1974-01-01,NA,NA,13901,19.115000000000002,884533
1974-02-01,NA,NA,13980,19.707,889670
1974-03-01,NA,NA,14660,20.25,901400
1974-04-01,NA,NA,15336,20.612000000000002,910797
1974-05-01,NA,NA,15908,20.926,922436
1974-06-01,NA,NA,16354,21.150000000000002,928033
1974-07-01,NA,NA,16285,21.282999999999998,937949
1974-08-01,NA,NA,16653,21.553,954819
1974-09-01,NA,NA,17100,21.911,955059
1974-10-01,NA,NA,17369,22,959232
1974-11-01,NA,NA,17501,22.134000000000004,956186
1974-12-01,NA,NA,18160,22.494999999999997,961818
1975-01-01,NA,NA,18056,23.308,975602
1975-02-01,NA,NA,18310,23.531000000000002,989395
1975-03-01,NA,NA,18949,23.437,990575
1975-04-01,NA,NA,19324,23.57,995033
1975-05-01,NA,NA,19093,23.477999999999998,1018937
1975-06-01,NA,NA,19441,23.477,1026777
1975-07-01,NA,NA,19618,23.613000000000003,1039789
1975-08-01,NA,NA,19942,23.753,1046958
1975-09-01,NA,NA,19969,24.118000000000002,1054829
1975-10-01,NA,NA,19729,24.349,1060854
1975-11-01,NA,NA,19924,24.671000000000003,1075758
1975-12-01,NA,NA,20302,24.857000000000003,1092058
1976-01-01,NA,NA,21076,24.773,1107148
1976-02-01,NA,NA,20000,24.917,1107695
1976-03-01,NA,NA,20647,25.014000000000003,1114879
1976-04-01,NA,NA,21013,25.111000000000004,1125424
1976-05-01,NA,NA,21384,25.253,1122700
1976-06-01,NA,NA,20982,25.348,1140496
1976-07-01,NA,NA,21267,25.352,1149590
1976-08-01,NA,NA,21659,25.398,1157982
1976-09-01,NA,NA,21730,25.4,1168847
1976-10-01,NA,NA,22338,25.718,1176784
1976-11-01,NA,NA,23428,26.081,1188960
1976-12-01,NA,NA,24071,26.488999999999997,1211481
1977-01-01,2,17622.052,24761,26.529,1214984
1977-02-01,2,17622.052,24762,26.524,1231325
1977-03-01,2,17622.052,23970,26.837000000000003,1238329
1977-04-01,3,17622.052,24024,26.788999999999998,1247267
1977-05-01,4,17622.052,24101,26.694000000000003,1257068
1977-06-01,4,17622.052,25050,26.741999999999997,1263605
1977-07-01,5,17622.052,26071,27.051000000000002,1280483
1977-08-01,6,17622.052,26065,27.368,1285687
1977-09-01,7,17622.052,25937,27.502,1294544
1977-10-01,8,17622.052,26248,27.641000000000002,1311405
1977-11-01,8,17622.052,25167,27.777,1326983
1977-12-01,9,17622.052,25930,27.773,1336024
1978-01-01,8,17622.052,26364,27.727999999999998,1329486
1978-02-01,8,17622.052,27280,28.105,1355131
1978-03-01,9,17622.052,27905,28.39,1377542
1978-04-01,9,17622.052,27678,28.673000000000002,1396368
1978-05-01,10,17622.052,27769,29.005,1411964
1978-06-01,10,17622.052,28408,29.006,1425824
1978-07-01,10,17622.052,26826,29.006,1426815
1978-08-01,11,17622.052,28439,28.912,1446954
1978-09-01,11,17622.052,28883,28.961,1452881
1978-10-01,11,17622.052,28794,29.199,1466922
1978-11-01,11,17622.052,28863,29.244,1480617
1978-12-01,12,17622.052,29294,29.341,1496523
1979-01-01,14,17622.052,30491,29.481999999999996,1502425
1979-02-01,15,17622.052,30934,29.672,1517821
1979-03-01,16,19224.057,30161,29.958,1531178
1979-04-01,17,17622.052,30964,30.195,1538448
1979-05-01,18,18308.626,29909,30.527,1558800
1979-06-01,19,18093.229,29546,30.858,1575659
1979-07-01,20,17461.851,28866,31.095,1586126
1979-08-01,21,17273.79,30343,31.474999999999998,1615572
1979-09-01,23,16882.666,31047,31.852,1633904
1979-10-01,24,16821.049,32102,32.138000000000005,1641601
1979-11-01,25,16020.047,32327,32.187,1657250
1979-12-01,27,15519.421,32201,32.706,1666255
1980-01-01,29,15013.073,32133,32.849,1697298
1980-02-01,30,14201.555999999999,33583,33.79600000000001,1701393
1980-03-01,32,13574.882,37105,34.176,1708215
1980-04-01,34,13050.478,35483,34.744,1695241
1980-05-01,36,12597.583,35495,35.407,1700079
1980-06-01,38,11790.755,37210,36.071,1718848
1980-07-01,40,11451.366999999998,38990,36.544,1747082
1980-08-01,43,11160.633000000002,39449,36.784,1763778
1980-09-01,45,10664.091,38819,37.067,1780453
1980-10-01,48,10489.839,37998,37.256,1817093
1980-11-01,51,10351.414999999999,39467,37.684,1826815
1980-12-01,54,10096.354999999998,40510,38.158,1851714
1981-01-01,56,10165.806999999999,39266,38.632000000000005,1870041
1981-02-01,59,10146.03,36473,39.247,1884239
1981-03-01,63,10104.953,39080,39.438,1902921
1981-04-01,66,10139.27,40566,39.961,1904356
1981-05-01,70,10107.886999999999,42346,40.338,1913765
1981-06-01,75,9945.779,49072,40.86,1934451
1981-07-01,79,9869.493,44633,41.76200000000001,1942122
1981-08-01,85,9822.51,42796,42.615,1966640
1981-09-01,91,9729.248000000001,42385,42.614,1965535
1981-10-01,96,9662.618,43806,42.614,1963887
1981-11-01,104,9554.556999999999,43344,43.42,1970646
1981-12-01,116,9432.604000000001,45901,43.705000000000005,1988808
1982-01-01,155,9340.31,46986,44.418,1997087
1982-02-01,194,9155.348,46449,44.418,2021248
1982-03-01,208,8949.873,47420,45.223000000000006,2024130
1982-04-01,226,8702.594000000001,47447,45.176,2026327
1982-05-01,244,8452.79,47435,45.178000000000004,2044491
1982-06-01,264,8230.466999999999,44783,45.13,2048116
1982-07-01,290,8010.835,46030,45.083,2072242
1982-08-01,300,7806.729,45514,45.416,2080123
1982-09-01,316,7602.085,46686,45.605000000000004,2104649
1982-10-01,338,7477.933999999999,48640,46.034,2125774
1982-11-01,360,7214.168000000001,49197,46.271,2149261
1982-12-01,392,6971.387,47624,46.508,2161628
1983-01-01,422,6645.773999999999,47153,46.271,2173954
1983-02-01,453,6422.298,48148,46.369,2177039
1983-03-01,477,6216.56,49545,46.416999999999994,2202774
1983-04-01,515,6029.396000000001,49314,46.321,2226393
1983-05-01,549,5855.398,46758,46.653,2245902
1983-06-01,567,5678.436,50615,46.418,2276020
1983-07-01,599,5533.485,52727,46.513,2304398
1983-08-01,601,5402.858,58248,46.229000000000006,2320429
1983-09-01,601,5295.37,54390,46.845,2334858
1983-10-01,596,5204.1900000000005,52787,47.842999999999996,2357587
1983-11-01,622,5150.478999999999,52442,48.221000000000004,2366269
1983-12-01,635,5107.3060000000005,56779,48.083,2393632
1984-01-01,626,5060.898,54310,48.223000000000006,2419379
1984-02-01,615,5022.808,49587,48.413999999999994,2403535
1984-03-01,614,4965.501,52868,48.652,2431581
1984-04-01,598,4973.701,54981,49.220000000000006,2457516
1984-05-01,579,4948.899,55026,49.458,2474478
1984-06-01,572,4923.492,56767,49.221000000000004,2495634
1984-07-01,550,4895.389,53725,50.267,2494602
1984-08-01,556,4872.546,57205,50.73800000000001,2512193
1984-09-01,571,4859.298,55631,51.073,2533775
1984-10-01,557,4844.120000000001,57390,50.93,2531326
1984-11-01,549,4840.620000000001,59647,51.026,2571438
1984-12-01,551,4855.732,56710,50.839999999999996,2582626
1985-01-01,546,4916.755,61540,50.982,2618764
1985-02-01,524,4920.1320000000005,61039,51.31099999999999,2640778
1985-03-01,508,4895.63,56397,51.503,2648481
1985-04-01,501,4850.701,57204,51.788000000000004,2659479
1985-05-01,504,4805.536,59731,51.836,2696421
1985-06-01,495,4731.185,57978,51.6,2689393
1985-07-01,498,4653.923,57769,51.415,2715697
1985-08-01,528,4551.458,57994,51.413999999999994,2752098
1985-09-01,564,4407.309,59700,51.603,2794650
1985-10-01,601,4288.582,59272,51.89,2755779
1985-11-01,633,4141.823,58475,51.983999999999995,2771148
1985-12-01,674,3962.954,63952,52.32,2811273
1986-01-01,688,3831.2459999999996,58261,52.555,2827130
1986-02-01,749,3684.562,61622,52.794000000000004,2820196
1986-03-01,792,3563.2619999999997,60145,52.697,2823619
1986-04-01,861,3497.376,60319,52.274,2835206
1986-05-01,926,3434.916,58929,51.988,2857488
1986-06-01,1002,3398.948,62301,52.701,2861673
1986-07-01,1062,3383.287,63035,52.79800000000001,2881188
1986-08-01,1100,3371.119,56717,52.705000000000005,2898579
1986-09-01,1123,3359.238,62840,52.846,2971835
1986-10-01,1173,3333.251,60460,51.282000000000004,2932936
1986-11-01,1209,3308.914,62608,51.615,2928413
1986-12-01,1206,3283.5150000000003,60209,51.521,2997074
1987-01-01,1183,3241.1079999999997,60797,51.764,2935534
1987-02-01,1160,3204.978,61017,51.684,3001715
1987-03-01,1145,3176.3130000000006,61552,51.929,3013291
1987-04-01,1142,3159.9330000000004,63371,51.507,3038838
1987-05-01,1125,3139.4510000000005,64967,51.579,3048401
1987-06-01,1103,3107.818,65716,52.335,3072751
1987-07-01,1170,3058.3,65464,52.639,3094743
1987-08-01,1189,3017.709,64426,52.679,3130801
1987-09-01,1184,3004.072,62298,52.708000000000006,3126529
1987-10-01,1195,3006.581,63235,51.863,3134528
1987-11-01,1224,3009.687,62786,52.715,3144166
1987-12-01,1298,3004.23,63404,52.456999999999994,3174055
1988-01-01,1388,2967.129,66555,52.368,3213729
1988-02-01,1461,2973.818,65111,52.413,3221419
1988-03-01,1553,2969.778,65968,52.378,3260540
1988-04-01,1568,2905.4790000000003,63091,52.573,3262972
1988-05-01,1619,2860.8140000000003,65294,52.013999999999996,3293642
1988-06-01,1653,2827.565,68542,52.741,3318535
1988-07-01,1671,2802.2059999999997,70098,52.75,3342733
1988-08-01,1699,2778.876,71057,52.916999999999994,3367972
1988-09-01,1755,2764.5730000000003,63757,53.187,3374992
1988-10-01,1790,2740.96,67329,53.701,3413661
1988-11-01,1840,2731.4110000000005,67844,53.627,3430226
1988-12-01,1808,2730.3830000000003,67365,53.754,3459729
1989-01-01,1773,2744.478,63513,53.784,3483745
1989-02-01,1717,2752.448,73412,53.452,3488011
1989-03-01,1723,2761.376,68638,53.602000000000004,3498760
1989-04-01,1753,2715.446,68650,54.039,3542964
1989-05-01,1765,2680.141,69309,54.187,3551782
1989-06-01,1801,2667.518,66639,54.21,3566555
1989-07-01,1756,2657.004,67988,54.525000000000006,3585694
1989-08-01,1772,2628.9710000000005,69816,54.677,3620641
1989-09-01,1774,2579.9120000000003,67682,54.696000000000005,3621864
1989-10-01,1777,2533.958,69664,54.774,3633599
1989-11-01,1779,2467.449,70806,55.02,3643294
1989-12-01,1828,2393.15,80056,55.155,3684184
1990-01-01,1849,2352.6079999999997,65945,54.989,3730696
1990-02-01,1881,2283.389,69142,55.527,3728233
1990-03-01,1882,2240.544,69711,55.5,3754915
1990-04-01,1897,2215.4390000000003,72595,55.81399999999999,3769991
1990-05-01,1952,2208.8940000000002,71256,55.688,3775774
1990-06-01,1957,2216.001,73085,55.598000000000006,3804496
1990-07-01,1978,2220.1839999999997,70356,55.38399999999999,3821712
1990-08-01,2012,2208.0130000000004,73752,55.503,3848288
1990-09-01,2072,2195.605,76567,55.69500000000001,3870100
1990-10-01,2122,2158.236,74134,55.719,3870551
1990-11-01,2162,2128.6710000000003,71431,56.029,3871877
1990-12-01,2214,2115.3750000000005,73736,55.862,3861300
1991-01-01,2362,2073.347,75230,57.252,3840994
1991-02-01,2495,2053.983,72221,57.576,3866693
1991-03-01,2606,2061.63,75583,57.685,3912999
1991-04-01,2677,2046.532,76834,57.436,3907079
1991-05-01,2766,1949.514,85702,57.686,3933221
1991-06-01,2837,1889.993,77339,57.137,3940495
1991-07-01,2950,1805.7839999999999,77638,57.643,3965995
1991-08-01,2973,1759.438,75072,57.529,3969105
1991-09-01,2995,1723.01,76271,57.785000000000004,3984708
1991-10-01,2943,1707.576,75507,58.056999999999995,3976045
1991-11-01,2909,1688.6339999999998,78972,57.858,4003572
1991-12-01,2907,1661.2250000000001,73263,58.674,4020479
1992-01-01,2995,1633.3319999999999,73589,58.365,4084653
1992-02-01,2811,1597.942,72478,58.328,4099539
1992-03-01,2799,1539.244,79264,58.512,4117009
1992-04-01,2868,1505.695,78988,58.504,4131544
1992-05-01,2909,1480.3839999999998,74670,58.85699999999999,4158382
1992-06-01,2919,1385.0939999999998,73877,58.852,4177056
1992-07-01,3009,1373.8139999999999,75639,58.774,4204795
1992-08-01,2987,1369.212,71924,58.789,4220850
1992-09-01,3003,1303.819,80655,58.913999999999994,4255267
1992-10-01,3011,1301.849,76205,58.869,4284729
1992-11-01,3046,1266.6879999999999,83882,59.178000000000004,4300488
1992-12-01,3211,1244.1829999999998,80124,59.678000000000004,4336398
1993-01-01,3322,1218.08,73208,59.583999999999996,4340707
1993-02-01,3419,1206.974,84434,58.466,4355340
1993-03-01,3444,1142.728,82665,59.558,4352498
1993-04-01,3461,1134.714,80754,60.042,4393413
1993-05-01,3507,1135.896,78971,60.207,4422366
1993-06-01,3534,1091.031,85724,60.143,4439965
1993-07-01,3615,1086.3439999999998,84111,60.283,4468940
1993-08-01,3687,1045.068,87160,60.231,4481096
1993-09-01,3829,1045.6539999999998,85405,60.358999999999995,4511530
1993-10-01,3937,1013.156,84570,60.445,4532758
1993-11-01,4136,1001.131,81018,60.124,4554053
1993-12-01,4099,993.4780000000001,84963,60.092000000000006,4571141
1994-01-01,4185,992.039,83905,59.790000000000006,4585136
1994-02-01,4255,989.0930000000001,84376,59.927,4632580
1994-03-01,4373,980.24,83407,59.829,4645953
1994-04-01,4483,978.724,83107,59.539,4671080
1994-05-01,4472,969.434,83600,59.79900000000001,4669499
1994-06-01,4536,967.1700000000001,96073,59.899,4708909
1994-07-01,4594,957.2810000000001,82331,60.094,4720620
1994-08-01,4703,944.6740000000001,83909,60.153,4762623
1994-09-01,4750,943.2180000000001,84165,59.963,4775041
1994-10-01,4855,913.884,84250,60.043,4812888
1994-11-01,4923,873.122,83001,60.45399999999999,4825640
1994-12-01,5013,883.8659999999999,81935,60.352,4841610
1995-01-01,5045,871.396,82279,60.870999999999995,4851170
1995-02-01,5045,843.2850000000001,86509,60.876,4850763
1995-03-01,5117,826.197,80048,60.858,4885374
1995-04-01,5111,821.9319999999999,85900,60.760000000000005,4890197
1995-05-01,5395,808.8069999999999,87826,60.849999999999994,4933127
1995-06-01,5481,773.7840000000001,86048,61.19200000000001,4977503
1995-07-01,5433,764.64,92399,61.176,4970175
1995-08-01,5647,730.725,97727,62.111,5005318
1995-09-01,5789,709.3629999999999,84691,60.932,5020492
1995-10-01,5800,685.9619999999999,86100,61.95399999999999,5013903
1995-11-01,5982,664.5169999999999,91112,62.18,5055565
1995-12-01,6164,658.303,90337,62.113,5097498
1996-01-01,6024,641.5669999999999,90222,62.115,5085738
1996-02-01,6155,609.3589999999999,94181,62.174,5132843
1996-03-01,6205,584.999,91327,62.290000000000006,5173265
1996-04-01,6322,557.838,89660,62.875,5207961
1996-05-01,6377,542.235,93644,62.315999999999995,5223759
1996-06-01,6522,528.661,91369,61.400999999999996,5229777
1996-07-01,6535,513.2810000000001,85447,62.253,5251905
1996-08-01,6585,506.52099999999996,91853,62.633,5275019
1996-09-01,6755,493.71599999999995,86868,62.661,5296591
1996-10-01,6772,482.965,90268,62.616,5328454
1996-11-01,6799,463.631,91145,62.395,5351191
1996-12-01,6872,436.529,89914,62.569,5378645
1997-01-01,6765,419.03499999999997,92338,62.669000000000004,5411132
1997-02-01,7016,410.04400000000004,91021,62.869,5433958
1997-03-01,7308,397.066,86309,62.934,5454224
1997-04-01,7477,391.125,92957,63.101,5459332
1997-05-01,7403,372.11,86409,62.916,5460234
1997-06-01,7558,361.14500000000004,85819,62.929,5494236
1997-07-01,7578,352.689,90591,62.659,5548827
1997-08-01,7572,337.811,86757,62.433,5587042
1997-09-01,7881,331.97499999999997,90703,62.661,5601667
1997-10-01,7802,322.769,101597,62.434,5637666
1997-11-01,7817,313.907,87317,63.004,5661056
1997-12-01,7914,308.45,96630,61.775000000000006,5692107
1998-01-01,8004,299.135,86400,61.466,5689906
1998-02-01,8186,299.412,92559,60.661,5723833
1998-03-01,8225,303.268,94298,60.328,5750287
1998-04-01,8224,301.787,90983,60.458,5788053
1998-05-01,8345,298.055,98840,60.63,5837943
1998-06-01,8412,297.99299999999994,99303,60.537,5871702
1998-07-01,8706,300.98499999999996,96277,60.342,5889962
1998-08-01,8709,292.75,95967,60.099000000000004,5924994
1998-09-01,8754,289.265,98014,59.631,5965584
1998-10-01,8897,282.41599999999994,89354,59.488,5998823
1998-11-01,9018,272.454,88321,59.867,6015365
1998-12-01,8968,272.698,90573,59.721000000000004,6070526
1999-01-01,9082,267.244,92906,59.721000000000004,6073864
1999-02-01,9276,268.45599999999996,88175,59.815,6099229
1999-03-01,9292,269.668,93965,59.91,6133027
1999-04-01,9389,265.729,92841,59.91,6199523
1999-05-01,9587,264.517,91964,59.815,6232102
1999-06-01,9698,263.91099999999994,95016,59.483999999999995,6260300
1999-07-01,9690,270.577,98333,59.532000000000004,6287552
1999-08-01,9841,269.97099999999995,96610,59.483999999999995,6331887
1999-09-01,10017,268.759,96026,59.626000000000005,6386490
1999-10-01,9940,270.88,94833,60.052,6411379
1999-11-01,9963,267.547,89444,60.099000000000004,6448690
1999-12-01,10333,267.244,92827,60.099000000000004,6541049
2000-01-01,10673,266.305,94299,60.005,6542870
2000-02-01,10655,265.517,94221,60.336,6625259
2000-03-01,10921,263.82099999999997,89860,60.241,6686521
2000-04-01,11032,264.76,94885,60.336,6679067
2000-05-01,10887,263.215,100018,60.146,6709732
2000-06-01,10955,260.851,102127,60.477,6746933
2000-07-01,10991,258.457,97037,60.903,6768501
2000-08-01,11045,258.215,99194,60.903,6802846
2000-09-01,11310,258.7,100007,61.139,6888604
2000-10-01,11153,249.97299999999998,98694,61.187,6893798
2000-11-01,11140,249.21599999999998,100926,61.565000000000005,6909824
2000-12-01,11261,247.065,109039,61.707,6952196
2001-01-01,10803,242.52,104441,63.315,6987401
2001-02-01,10691,242.58,102447,63.031,7001834
2001-03-01,10813,243.126,108582,63.315,6996658
2001-04-01,10691,241.24699999999999,102967,63.598000000000006,7004240
2001-05-01,10690,240.49,104230,64.35499999999999,7052781
2001-06-01,10788,238.24699999999999,102367,66.483,7069728
2001-07-01,10836,239.369,104029,66.81400000000001,7082297
2001-08-01,10884,239.79299999999998,103525,66.53,7121688
2001-09-01,10160,235.43,100034,66.24600000000001,7007024
2001-10-01,10723,233.399,107208,66.15199999999999,7212903
2001-11-01,11017,239.702,98142,65.915,7182323
2001-12-01,11185,240.914,102446,65.537,7166733
2002-01-01,11505,234.157,96507,65.15899999999999,7184624
2002-02-01,11574,232.945,97653,64.78,7225161
2002-03-01,11538,231.12800000000001,104952,64.922,7243358
2002-04-01,11646,232.037,105568,64.402,7312466
2002-05-01,11793,226.281,105843,64.35499999999999,7288903
2002-06-01,11742,225.069,107709,64.071,7322496
2002-07-01,11867,222.94899999999998,112103,64.024,7387293
2002-08-01,11900,222.04,108118,64.118,7412576
2002-09-01,11754,216.285,111837,64.21300000000001,7391538
2002-10-01,11870,215.67899999999997,113036,64.30799999999999,7435169
2002-11-01,11978,215.376,111613,64.35499999999999,7463805
2002-12-01,11977,215.07299999999998,110336,64.59100000000001,7519901
2003-01-01,12558,215.67899999999997,114591,64.49700000000001,7541283
2003-02-01,13319,214.467,110015,64.68599999999999,7548649
2003-03-01,13971,212.65,109043,65.348,7611549
2003-04-01,14777,210.83200000000002,118732,66.104,7634487
2003-05-01,15595,207.5,113556,66.483,7650333
2003-06-01,16423,205.077,103660,66.01,7699554
2003-07-01,17194,202.35000000000002,112204,66.01,7757004
2003-08-01,18086,198.412,112122,66.293,7852102
2003-09-01,18830,198.412,105012,66.766,7853674
2003-10-01,19350,196.89800000000002,110534,66.577,7867359
2003-11-01,19971,193.869,112840,66.34100000000001,7922591
2003-12-01,20670,194.172,115398,66.435,7950409
2004-01-01,21106,193.26299999999998,113858,66.435,8007115
2004-02-01,21323,191.748,118480,66.71900000000001,8040409
2004-03-01,21846,190.23399999999998,112129,66.38799999999999,8098806
2004-04-01,22340,191.445,115598,66.67199999999998,8107245
2004-05-01,22945,190.839,118079,66.81400000000001,8176470
2004-06-01,23388,189.32500000000002,112298,67.192,8157607
2004-07-01,24010,189.32500000000002,113397,67.476,8236938
2004-08-01,24121,189.62800000000001,109108,67.807,8271607
2004-09-01,24647,186.599,118721,67.807,8341461
2004-10-01,24923,186.296,117234,67.192,8397056
2004-11-01,25254,185.69,119161,67.854,8444456
2004-12-01,25491,185.084,120980,67.854,8504351
2005-01-01,26168,183.872,116927,68.516,8497691
2005-02-01,26835,182.661,117445,68.705,8559081
2005-03-01,27390,180.54,124902,69.083,8598432
2005-04-01,27909,179.026,118024,69.367,8678413
2005-05-01,28312,177.814,121765,70.265,8671645
2005-06-01,28913,176.966,131358,71.02199999999999,8753379
2005-07-01,29415,177.147,133573,71.258,8853777
2005-08-01,29872,177.208,135066,71.87299999999999,8850108
2005-09-01,30363,176.602,139353,72.299,8900382
2005-10-01,31181,176.602,134305,72.91300000000001,8938497
2005-11-01,31121,176.905,133411,75.51400000000001,8946242
2005-12-01,31444,177.329,136156,74.99400000000001,8981147
2006-01-01,32880,174.997,121358,78.63499999999999,9071617
2006-02-01,32841,173.60299999999998,137061,79.10799999999999,9095989
2006-03-01,33545,171.51299999999998,140785,79.34400000000001,9132854
2006-04-01,33781,169.787,138904,79.391,9191586
2006-05-01,34132,168.787,145535,79.25,9231759
2006-06-01,34447,166.788,142609,80.337,9259602
2006-07-01,34791,166.939,157207,80.526,9343801
2006-08-01,36082,165.15200000000002,144766,80.621,9342154
2006-09-01,36992,165.18200000000002,137640,80.905,9375362
2006-10-01,37343,163.607,145994,80.66799999999999,9393623
2006-11-01,39345,162.941,141354,80.384,9400206
2006-12-01,41541,164.27299999999997,134632,80.574,9488275
2007-01-01,41433,163.78,145454,81.74900000000001,9538721
2007-02-01,42055,163.44299999999998,150205,81.906,9565960
2007-03-01,42844,162.629,142414,82.194,9611732
2007-04-01,43685,161.029,150280,82.311,9643571
2007-05-01,44388,161.696,143392,82.426,9685806
2007-06-01,45181,161.238,145227,83.256,9706762
2007-07-01,46164,158.71499999999997,142652,83.13499999999999,9751141
2007-08-01,45944,154.46800000000002,158600,83.23,9798937
2007-09-01,45730,156.24599999999998,153897,83.68499999999999,9845072
2007-10-01,45381,156.001,150632,84.474,9882702
2007-11-01,45991,155.925,150399,84.56700000000001,9955924
2007-12-01,45484,153.647,146389,84.654,9972793
2008-01-01,45280,154.177,147452,84.614,9996400
2008-02-01,45620,155.11599999999999,154082,84.66199999999999,9981672
2008-03-01,46286,153.935,152663,85.197,10035263
2008-04-01,47602,154.259,149026,86.331,10070270
2008-05-01,48851,154.059,150852,87.24600000000001,10132271
2008-06-01,48611,153.19899999999998,160732,88.016,10187065
2008-07-01,49174,152.984,156161,89.80199999999999,10185092
2008-08-01,48631,152.814,151593,91.012,10175729
2008-09-01,48185,151.914,155641,90.456,10116413
2008-10-01,47450,153.502,159650,91.107,10034123
2008-11-01,47376,152.859,164640,91.315,9885231
2008-12-01,46797,152.005,163383,91.71600000000001,9801472
2009-01-01,48545,152.87800000000001,162833,91.98700000000001,9847249
2009-02-01,48556,153.36800000000002,156418,92.281,9824478
2009-03-01,46318,152.844,163159,92.166,9773181
2009-04-01,46236,153.553,158234,91.72,9772523
2009-05-01,46269,152.363,153193,91.194,9791553
2009-06-01,46765,152.35000000000002,151024,90.89,9852431
2009-07-01,46637,151.318,146269,90.103,9886264
2009-08-01,46811,150.678,153793,90.093,10004129
2009-09-01,47459,147.546,155002,90.274,9927825
2009-10-01,47408,149.954,159198,90.65799999999999,9976733
2009-11-01,48810,150.36,152397,91.181,9985676
2009-12-01,48885,148.21899999999997,172849,91.15499999999999,10052579
2010-01-01,49555,148.54899999999998,165178,90.353,10056058
2010-02-01,50685,149.485,167795,89.85799999999999,10093426
2010-03-01,50198,147.32800000000003,160268,91.519,10155982
2010-04-01,50694,144.559,156451,92.13,10182287
2010-05-01,50956,143.045,166348,91.548,10210816
2010-06-01,51975,139.35500000000002,171161,91.215,10231332
2010-07-01,51502,135.83200000000002,171800,91.538,10268126
2010-08-01,51801,136.69299999999998,171816,91.76700000000001,10307070
2010-09-01,52750,136.796,162973,91.425,10327066
2010-10-01,52602,137.047,159103,91.24600000000001,10386366
2010-11-01,52168,136.36200000000002,167075,91.427,10433573
2010-12-01,53012,132.65200000000002,181118,91.77,10470972
2011-01-01,53790,133.194,168687,91.43700000000001,10514256
2011-02-01,53909,133.354,158693,91.617,10540610
2011-03-01,54815,131.655,168060,92.334,10619719
2011-04-01,55125,131.21899999999997,166767,92.569,10652081
2011-05-01,55185,129.92200000000003,170529,92.96000000000001,10672199
2011-06-01,55670,129.889,169008,92.63199999999999,10694775
2011-07-01,56139,129.659,178236,93.51100000000001,10731621
2011-08-01,56578,129.96200000000002,170724,93.60499999999999,10750276
2011-09-01,55959,129.377,162727,94.065,10783189
2011-10-01,58848,127.399,163138,94.046,10802881
2011-11-01,58171,128.689,162244,93.908,10806828
2011-12-01,57674,130.82200000000003,161418,93.725,10817849
2012-01-01,58217,130.577,149226,93.545,10896780
2012-02-01,58927,128.374,161267,93.288,10987216
2012-03-01,59632,127.296,156732,92.922,10993908
2012-04-01,59203,126.596,168861,93.038,11018538
2012-05-01,60148,126.766,168914,93.032,11006796
2012-06-01,59887,124.258,165320,92.96300000000001,10989830
2012-07-01,60939,123.364,172107,92.327,11016846
2012-08-01,60867,120.58,162230,92.61999999999999,11056012
2012-09-01,61218,119.726,162545,92.72,11105323
2012-10-01,60761,119.41400000000002,165501,92.95700000000001,11137427
2012-11-01,62239,121.268,164921,93.28,11178433
2012-12-01,62934,121.40700000000001,161324,93.304,11181248
2013-01-01,63443,120.34400000000001,161447,93.789,11252374
2013-02-01,63975,120.753,167395,93.927,11290497
2013-03-01,63143,119.069,179317,93.76100000000001,11290121
2013-04-01,63151,117.363,169521,94.01700000000001,11281071
2013-05-01,63506,116.551,165328,94.647,11321560
2013-06-01,64002,116.59700000000001,164299,94.788,11344413
2013-07-01,64102,116,159320,95.2,11372550
2013-08-01,64463,114.88799999999999,162274,95.147,11406597
2013-09-01,64694,115.979,170200,95.79,11445929
2013-10-01,65449,116.56,172512,95.801,11498041
2013-11-01,65404,114.70400000000001,176308,96.02199999999999,11562480
2013-12-01,65892,112.798,181311,96.333,11593168
2014-01-01,65493,112.871,196409,97.538,11578798
2014-02-01,67236,112.068,177679,97.273,11636889
2014-03-01,68617,111.25,183908,98.69,11722315
2014-04-01,69099,111.111,170817,95.95100000000001,11762305
2014-05-01,69313,110.826,172663,98.079,11807312
2014-06-01,70192,111.735,168877,98.804,11861735
2014-07-01,70706,112.84400000000001,159023,99.166,11904353
2014-08-01,70937,113.371,169989,99.187,11983661
2014-09-01,72148,111.989,173605,98.748,11991354
2014-10-01,72126,112.498,178112,98.91400000000002,12064692
2014-11-01,72641,112.953,183238,98.639,12083888
2014-12-01,72507,111.49600000000001,179372,99.37299999999999,12096102
2015-01-01,71675,110.823,184555,99.75,12066664
2015-02-01,71778,110.87199999999999,195652,100.13799999999999,12116561
2015-03-01,70826,111.91100000000002,183630,99.383,12176065
2015-04-01,71404,111.568,177263,99.462,12209081
2015-05-01,71569,112.819,175747,98.56400000000001,12275406
2015-06-01,72427,111.856,177051,99.019,12307934
2015-07-01,72298,110.208,172215,98.71300000000001,12364885
2015-08-01,73381,111.402,177507,98.645,12396189
2015-09-01,74611,111.829,178759,98.565,12386409
2015-10-01,74997,112.426,174861,98.36,12394909
2015-11-01,74885,111.05,168102,98.306,12423153
2015-12-01,75594,110.169,165609,98.007,12451998
2016-01-01,75640,109.381,171841,97.44900000000001,12477959
2016-02-01,77021,108.697,171509,97.073,12554520
2016-03-01,77463,106.498,165757,97.268,12536989
2016-04-01,78076,108.29100000000001,172324,97.24400000000001,12611453
2016-05-01,79809,103.65599999999999,175630,97.432,12652685
2016-06-01,80755,103.832,182240,97.52799999999999,12731235
2016-07-01,82031,104.34100000000001,184165,97.887,12756654
2016-08-01,83315,102.98100000000001,189174,98.13799999999999,12788079
2016-09-01,82867,103.296,180841,98.838,12846646
2016-10-01,83607,101.09,176121,98.598,12867030
2016-11-01,83683,98.958,171725,98.41700000000002,12893010
2016-12-01,86328,98.07,182971,98.472,13005926
2017-01-01,87592,100.903,161339,98.492,13063650
2017-02-01,88499,99.745,158336,98.849,13088383
2017-03-01,91129,98.59100000000001,175876,98.715,13139886
2017-04-01,93012,97.66999999999999,180675,99.473,13169177
2017-05-01,93802,100.118,181731,99.933,13171862
2017-06-01,94605,100.77799999999999,179393,100.338,13225151
2017-07-01,95169,102.402,178081,100.696,13263299
2017-08-01,96073,101.251,170983,100.68599999999999,13294640
2017-09-01,96998,99.312,178708,100.756,13417255
2017-10-01,96818,101.16,184970,100.349,13447486
2017-11-01,100474,99.779,182928,100.618,13540626
2017-12-01,102131,98.54,198912,100.798,13666091
2018-01-01,108614,101.381,196035,100.757,13703270
2018-02-01,109221,98.149,173473,100.82,13738737
2018-03-01,109550,96.765,189202,100.79,13793215
2018-04-01,109755,97.189,193191,100.488,13838421
2018-05-01,109282,96.004,192754,100.838,13905023
2018-06-01,109808,96.286,191732,100.559,13930438
2018-07-01,110432,97.43700000000001,187971,100.17299999999999,13974828
2018-08-01,111010,97.498,191465,100.46900000000001,14013992
2018-09-01,111478,97.16799999999999,190654,99.923,14017778
2018-10-01,112159,97.368,193584,100.82499999999999,14083061
2018-11-01,116406,97.728,196422,100.94100000000002,14162941
2018-12-01,104883,95.571,191741,101.843,14051596
2019-01-01,114926,93.94800000000001,187087,100.84,14084585
2019-02-01,116343,94.27799999999999,186129,100.631,14117418
2019-03-01,117551,93.44200000000001,191755,100.899,14248569
2019-04-01,118642,89.507,183951,100.835,14289984
2019-05-01,123464,89.84,183901,100.728,14353322
2019-06-01,126323,92.348,176033,100.62299999999999,14408679
2019-07-01,126819,88.82199999999999,188723,101.021,14495969
2019-08-01,127211,87.838,188352,100.834,14558244
2019-09-01,127841,87.71300000000001,196724,101.087,14590632
2019-10-01,127709,87.483,192882,101.069,14617397
2019-11-01,126929,85.051,192676,101.167,14710955
2019-12-01,125796,84.87799999999999,179498,100.98700000000001,14774762
2020-01-01,129232,83.87799999999999,169204,100.968,14868334
2020-02-01,128795,84.26,185708,101.117,14828146
2020-03-01,129311,83.233,187462,100.93100000000001,13812814
2020-04-01,132535,80.031,195675,101.01100000000001,12249167
2020-05-01,147289,80.371,193656,100.725,13281510
2020-06-01,149438,78.55,194119,101.034,14049214
2020-07-01,154402,80.76100000000001,200690,101.21700000000001,14307240
2020-08-01,158078,79.695,191386,101.034,14462235
2020-09-01,155785,75.194,189656,101.843,14668142
2020-10-01,158746,75.736,193156,102.276,14725760
2020-11-01,160464,77.46300000000001,191920,102.827,14701645
2020-12-01,161548,78.79,206900,103.05199999999999,14822032
2021-01-01,165019,77.87199999999999,196391,102.255,15073011
2021-02-01,160645,77.593,208669,103.349,14983501
2021-03-01,175190,78.923,197739,103.23,15709722
2021-04-01,175618,77.43,194688,104.52799999999999,15917545
2021-05-01,175106,78.18599999999999,197191,105.035,15973499
2021-06-01,180909,76.769,202532,105.069,16191662
2021-07-01,171240,76.396,190813,105.501,16239708
2021-08-01,177855,76.989,207898,106.532,16412912
2021-09-01,175956,74.32499999999999,203509,107.229,16489569
2021-10-01,181215,76.751,206277,108.94900000000001,16704232
2021-11-01,178157,75.67899999999999,205119,109.474,16849832
2021-12-01,176276,76.09400000000001,197865,109.599,16890989
2022-01-01,180637,76.289,228098,112.854,16993756
2022-02-01,178057,75.925,218927,112.477,17106023
2022-03-01,179570,75.19,224394,114.486,17347210
2022-04-01,181152,74.15599999999999,229520,115.96400000000001,17490045
2022-05-01,179349,75.104,237066,117.68799999999999,17574491
2022-06-01,177132,76.80799999999999,230807,119.587,17755188
2022-07-01,179452,75.362,235346,121.799,17770089
2022-08-01,180695,76.751,235409,123.536,17916450
2022-09-01,181640,77.68799999999999,231035,123.952,17992828
2022-10-01,181032,76.061,233437,124.353,18109562
2022-11-01,175350,74.408,246146,124.56,18108024
2022-12-01,178104,73.74400000000001,244532,125.298,18116497
2023-01-01,187881,74.114,221741,125.98400000000001,18449085
2023-02-01,188451,74.754,233455,126.79100000000001,18491570
2023-03-01,188333,74.402,247348,125.892,18520420
2023-04-01,192099,72.784,234553,125.65799999999999,18641787
2023-05-01,193433,73.003,226344,124.709,18664600
2023-06-01,194778,71.812,218810,126.113,18772996
2023-07-01,198672,69.88,244993,125.65599999999999,18884215
2023-08-01,197789,68.938,243798,126.29100000000001,18953262
2023-09-01,199890,70.49300000000001,245022,127.282,19048067
2023-10-01,200557,69.59,243393,127.327,19109352
2023-11-01,199107,68.363,243591,128.814,19178922
2023-12-01,201935,66.44000000000001,237934,129.446,19283525
2024-01-01,202294,67.76100000000001,245703,130.57399999999998,19303276
2024-02-01,201521,70.191,245241,131.14899999999997,19446475
2024-03-01,207318,70.926,246431,131.966,19581752
2024-04-01,205586,70.91400000000002,255458,132.02100000000002,19665702
2024-05-01,208335,68.18199999999999,260943,132.09,19758028
2024-06-01,213362,68.99400000000001,262331,131.69899999999998,19844548
2024-07-01,210340,69.604,253115,131.907,19949519
2024-08-01,211639,69.667,248706,131.36200000000002,20001295
2024-09-01,212956,69.412,253225,132.07299999999998,20147639
2024-10-01,214852,69.148,256839,133.11499999999998,20226006
2024-11-01,216611,69.438,251537,132.814,20313595
2024-12-01,218485,67.326,261660,133.075,20514276
2025-01-01,215639,68.019,281341,133.023,20462229
2025-02-01,218804,70.24700000000001,261064,134.38100000000003,20519769
2025-03-01,220717,70.529,263180,135.642,20682955
2025-04-01,220391,72.766,262350,136.79299999999998,20746410
2025-05-01,222945,72.36,263791,138.023,20755004
2025-06-01,225500,72.224,269834,139.36200000000002,20868365
2025-07-01,225931,70.327,266411,139.20899999999997,21007264
2025-08-01,229994,66.455,257400,139.49,21123787
2025-09-01,227792,65.163,264352,138.788,21202446
2025-10-01,229527,65.44500000000001,270571,140.37,21288128
2025-11-01,231088,65.729,273015,141.969,21355995
2025-12-01,231110,70.307,277039,142.183,21445932
2026-01-01,235604,71.279,280416,142.03,21478720
2026-02-01,240208,75.886,271879,141.024,21611393
2026-03-01,242547,78.926,268387,142.17399999999998,21814730
2026-04-01,246853,82.88199999999999,274674,145.21699999999998,21949451
2026-05-01,247258,82.87899999999999,275694,146.12800000000001,22136771
2026-06-01,249564,84.80499999999999,273501,144.60899999999998,22214157
2026-07-01,244001,85.22,275491,144.8,22250420
