quarter_end,software,computers,data_centers,power,computer_net_exports,total,total_net_of_computer_trade
2022-03-01,0.327,0.053,-0.003,-0.048,-0.037,0.329,0.292
2022-06-01,0.323,0.04,0.001,-0.046,-0.035,0.318,0.283
2022-09-01,0.316,0.047,0,-0.034,-0.022,0.33,0.308
2022-12-01,0.321,-0.016,0.003,-0.013,0.044,0.295,0.339
2023-03-01,0.218,-0.066,0.017,0.042,0.079,0.21,0.29
2023-06-01,0.164,-0.046,0.018,0.06,0.049,0.197,0.246
2023-09-01,0.148,-0.067,0.025,0.093,0.042,0.199,0.241
2023-12-01,0.128,0.001,0.038,0.125,-0.017,0.293,0.276
2024-03-01,0.176,0.065,0.033,0.064,-0.05,0.338,0.288
2024-06-01,0.173,0.097,0.041,0.042,-0.064,0.354,0.29
2024-09-01,0.153,0.144,0.043,0.007,-0.097,0.346,0.249
2024-12-01,0.114,0.103,0.04,-0.013,-0.068,0.244,0.176
2025-03-01,0.157,0.19,0.035,0.019,-0.167,0.401,0.235
2025-06-01,0.283,0.25,0.035,0.02,-0.146,0.589,0.443
2025-09-01,0.291,0.292,0.029,0.018,-0.112,0.63,0.518
2025-12-01,0.303,0.443,0.025,0.022,-0.279,0.793,0.514
2026-03-01,0.332,0.468,0.03,0.01,-0.268,0.84,0.572
2026-06-01,0.26,0.347,0.037,0.014,-0.207,0.658,0.451
