date,flow,hs_code,value
2024-01-01,exports,852351,503620532
2024-02-01,exports,852351,514259232
2024-03-01,exports,852351,479683722
2024-04-01,exports,852351,538762408
2024-05-01,exports,852351,510139713
2024-06-01,exports,852351,576088647
2024-07-01,exports,852351,729827482
2024-08-01,exports,852351,765579614
2024-09-01,exports,852351,705203189
2024-10-01,exports,852351,584740542
2024-11-01,exports,852351,593949335
2024-12-01,exports,852351,581493999
2025-01-01,exports,852351,794545295
2025-02-01,exports,852351,745750352
2025-03-01,exports,852351,723717532
2025-04-01,exports,852351,747628386
2025-05-01,exports,852351,660395639
2025-06-01,exports,852351,801515997
2025-07-01,exports,852351,638486066
2025-08-01,exports,852351,784963011
2025-09-01,exports,852351,671126029
2025-10-01,exports,852351,666586476
2025-11-01,exports,852351,766147925
2025-12-01,exports,852351,1064773299
2026-01-01,exports,852351,1093693591
2026-02-01,exports,852351,1457198743
2026-03-01,exports,852351,1361982043
2026-04-01,exports,852351,1479816687
2026-05-01,exports,852351,1222614129
2026-06-01,exports,852351,1524859059
2026-07-01,exports,852351,1619265959
2024-01-01,exports,854110,51257611
2024-02-01,exports,854110,48477980
2024-03-01,exports,854110,55964562
2024-04-01,exports,854110,62772211
2024-05-01,exports,854110,51840778
2024-06-01,exports,854110,50947002
2024-07-01,exports,854110,62372150
2024-08-01,exports,854110,56852445
2024-09-01,exports,854110,48882476
2024-10-01,exports,854110,65984993
2024-11-01,exports,854110,46804428
2024-12-01,exports,854110,47490655
2025-01-01,exports,854110,51093808
2025-02-01,exports,854110,68600406
2025-03-01,exports,854110,51170943
2025-04-01,exports,854110,48053735
2025-05-01,exports,854110,54936796
2025-06-01,exports,854110,48611771
2025-07-01,exports,854110,49915503
2025-08-01,exports,854110,50845234
2025-09-01,exports,854110,47819152
2025-10-01,exports,854110,65096365
2025-11-01,exports,854110,63981451
2025-12-01,exports,854110,42257547
2026-01-01,exports,854110,48947443
2026-02-01,exports,854110,46266241
2026-03-01,exports,854110,52927219
2026-04-01,exports,854110,48117974
2026-05-01,exports,854110,57527411
2026-06-01,exports,854110,57427685
2026-07-01,exports,854110,50894955
2024-01-01,exports,854121,15996710
2024-02-01,exports,854121,15644914
2024-03-01,exports,854121,16188796
2024-04-01,exports,854121,22419206
2024-05-01,exports,854121,14114263
2024-06-01,exports,854121,19089272
2024-07-01,exports,854121,14659884
2024-08-01,exports,854121,13687218
2024-09-01,exports,854121,16216138
2024-10-01,exports,854121,12157520
2024-11-01,exports,854121,14763160
2024-12-01,exports,854121,11045358
2025-01-01,exports,854121,10849068
2025-02-01,exports,854121,12522673
2025-03-01,exports,854121,9880349
2025-04-01,exports,854121,16573581
2025-05-01,exports,854121,10795237
2025-06-01,exports,854121,13996849
2025-07-01,exports,854121,11849091
2025-08-01,exports,854121,11136875
2025-09-01,exports,854121,12978023
2025-10-01,exports,854121,19072808
2025-11-01,exports,854121,18462121
2025-12-01,exports,854121,11357830
2026-01-01,exports,854121,14999809
2026-02-01,exports,854121,13514510
2026-03-01,exports,854121,16094593
2026-04-01,exports,854121,13017193
2026-05-01,exports,854121,18649631
2026-06-01,exports,854121,15049765
2026-07-01,exports,854121,12606719
2024-01-01,exports,854129,124686601
2024-02-01,exports,854129,127014919
2024-03-01,exports,854129,153668342
2024-04-01,exports,854129,128233366
2024-05-01,exports,854129,131706827
2024-06-01,exports,854129,167776159
2024-07-01,exports,854129,118372294
2024-08-01,exports,854129,123711174
2024-09-01,exports,854129,125431520
2024-10-01,exports,854129,107722796
2024-11-01,exports,854129,108302551
2024-12-01,exports,854129,108629302
2025-01-01,exports,854129,104461331
2025-02-01,exports,854129,118714798
2025-03-01,exports,854129,114779112
2025-04-01,exports,854129,100155183
2025-05-01,exports,854129,108279704
2025-06-01,exports,854129,109091527
2025-07-01,exports,854129,115771015
2025-08-01,exports,854129,117253188
2025-09-01,exports,854129,133744721
2025-10-01,exports,854129,139670562
2025-11-01,exports,854129,126205690
2025-12-01,exports,854129,108716185
2026-01-01,exports,854129,116039638
2026-02-01,exports,854129,103625897
2026-03-01,exports,854129,115161324
2026-04-01,exports,854129,124005384
2026-05-01,exports,854129,115828968
2026-06-01,exports,854129,128339965
2026-07-01,exports,854129,130891616
2024-01-01,exports,854130,4789364
2024-02-01,exports,854130,4269636
2024-03-01,exports,854130,4991968
2024-04-01,exports,854130,3896900
2024-05-01,exports,854130,5028857
2024-06-01,exports,854130,5984806
2024-07-01,exports,854130,4527489
2024-08-01,exports,854130,4774454
2024-09-01,exports,854130,3820362
2024-10-01,exports,854130,7046958
2024-11-01,exports,854130,5069721
2024-12-01,exports,854130,4977978
2025-01-01,exports,854130,5305768
2025-02-01,exports,854130,4264231
2025-03-01,exports,854130,8022927
2025-04-01,exports,854130,5532157
2025-05-01,exports,854130,4868861
2025-06-01,exports,854130,4194310
2025-07-01,exports,854130,5464813
2025-08-01,exports,854130,6158664
2025-09-01,exports,854130,3867721
2025-10-01,exports,854130,6906586
2025-11-01,exports,854130,5390039
2025-12-01,exports,854130,5124788
2026-01-01,exports,854130,5377227
2026-02-01,exports,854130,3361786
2026-03-01,exports,854130,5412765
2026-04-01,exports,854130,4405041
2026-05-01,exports,854130,4283856
2026-06-01,exports,854130,4681021
2026-07-01,exports,854130,4597114
2024-01-01,exports,854141,100599174
2024-02-01,exports,854141,85904781
2024-03-01,exports,854141,84667774
2024-04-01,exports,854141,81378629
2024-05-01,exports,854141,81193434
2024-06-01,exports,854141,80377673
2024-07-01,exports,854141,87609916
2024-08-01,exports,854141,103120350
2024-09-01,exports,854141,80510319
2024-10-01,exports,854141,91522996
2024-11-01,exports,854141,79117648
2024-12-01,exports,854141,65671219
2025-01-01,exports,854141,69507924
2025-02-01,exports,854141,67702718
2025-03-01,exports,854141,81023660
2025-04-01,exports,854141,80518640
2025-05-01,exports,854141,76505915
2025-06-01,exports,854141,81082812
2025-07-01,exports,854141,80121690
2025-08-01,exports,854141,87967698
2025-09-01,exports,854141,69454777
2025-10-01,exports,854141,85092061
2025-11-01,exports,854141,70488919
2025-12-01,exports,854141,71582910
2026-01-01,exports,854141,75882205
2026-02-01,exports,854141,75019697
2026-03-01,exports,854141,88363943
2026-04-01,exports,854141,73710458
2026-05-01,exports,854141,73674775
2026-06-01,exports,854141,81537641
2026-07-01,exports,854141,72552388
2024-01-01,exports,854142,14644519
2024-02-01,exports,854142,5568446
2024-03-01,exports,854142,2602333
2024-04-01,exports,854142,1628450
2024-05-01,exports,854142,1900661
2024-06-01,exports,854142,2375930
2024-07-01,exports,854142,2642742
2024-08-01,exports,854142,3662598
2024-09-01,exports,854142,902544
2024-10-01,exports,854142,3070062
2024-11-01,exports,854142,959560
2024-12-01,exports,854142,3020850
2025-01-01,exports,854142,4399284
2025-02-01,exports,854142,940523
2025-03-01,exports,854142,1022883
2025-04-01,exports,854142,1515361
2025-05-01,exports,854142,896450
2025-06-01,exports,854142,5450763
2025-07-01,exports,854142,16027277
2025-08-01,exports,854142,6623108
2025-09-01,exports,854142,1534584
2025-10-01,exports,854142,889949
2025-11-01,exports,854142,2399976
2025-12-01,exports,854142,14308106
2026-01-01,exports,854142,1208502
2026-02-01,exports,854142,1585236
2026-03-01,exports,854142,2280482
2026-04-01,exports,854142,4603178
2026-05-01,exports,854142,1258588
2026-06-01,exports,854142,2844473
2026-07-01,exports,854142,4074559
2024-01-01,exports,854143,3926227
2024-02-01,exports,854143,1036965
2024-03-01,exports,854143,2470942
2024-04-01,exports,854143,1092239
2024-05-01,exports,854143,2691747
2024-06-01,exports,854143,2211740
2024-07-01,exports,854143,1813276
2024-08-01,exports,854143,1299952
2024-09-01,exports,854143,2744839
2024-10-01,exports,854143,1009735
2024-11-01,exports,854143,1063656
2024-12-01,exports,854143,2995277
2025-01-01,exports,854143,909441
2025-02-01,exports,854143,935966
2025-03-01,exports,854143,5999306
2025-04-01,exports,854143,2233057
2025-05-01,exports,854143,2515367
2025-06-01,exports,854143,3959113
2025-07-01,exports,854143,1205910
2025-08-01,exports,854143,2276844
2025-09-01,exports,854143,2215386
2025-10-01,exports,854143,2877884
2025-11-01,exports,854143,2029460
2025-12-01,exports,854143,3728847
2026-01-01,exports,854143,1841815
2026-02-01,exports,854143,2214915
2026-03-01,exports,854143,2582850
2026-04-01,exports,854143,9469554
2026-05-01,exports,854143,3599500
2026-06-01,exports,854143,10135068
2026-07-01,exports,854143,7026199
2024-01-01,exports,854149,75956860
2024-02-01,exports,854149,88399021
2024-03-01,exports,854149,78058258
2024-04-01,exports,854149,73560905
2024-05-01,exports,854149,75108183
2024-06-01,exports,854149,89362632
2024-07-01,exports,854149,94869761
2024-08-01,exports,854149,99495956
2024-09-01,exports,854149,77590863
2024-10-01,exports,854149,92113556
2024-11-01,exports,854149,94169698
2024-12-01,exports,854149,66088139
2025-01-01,exports,854149,95090470
2025-02-01,exports,854149,70659191
2025-03-01,exports,854149,68246374
2025-04-01,exports,854149,69602771
2025-05-01,exports,854149,83198644
2025-06-01,exports,854149,80616528
2025-07-01,exports,854149,81803089
2025-08-01,exports,854149,65812956
2025-09-01,exports,854149,178310168
2025-10-01,exports,854149,76377206
2025-11-01,exports,854149,65457013
2025-12-01,exports,854149,69043366
2026-01-01,exports,854149,71509722
2026-02-01,exports,854149,98698832
2026-03-01,exports,854149,77584090
2026-04-01,exports,854149,77390873
2026-05-01,exports,854149,85188142
2026-06-01,exports,854149,88393918
2026-07-01,exports,854149,83631906
2024-01-01,exports,854151,5138209
2024-02-01,exports,854151,2432724
2024-03-01,exports,854151,3477160
2024-04-01,exports,854151,4093627
2024-05-01,exports,854151,2587237
2024-06-01,exports,854151,8309742
2024-07-01,exports,854151,1991599
2024-08-01,exports,854151,3046401
2024-09-01,exports,854151,1900464
2024-10-01,exports,854151,3076503
2024-11-01,exports,854151,2734683
2024-12-01,exports,854151,1752275
2025-01-01,exports,854151,2313784
2025-02-01,exports,854151,2743915
2025-03-01,exports,854151,3935565
2025-04-01,exports,854151,3537409
2025-05-01,exports,854151,3442766
2025-06-01,exports,854151,4470965
2025-07-01,exports,854151,3357650
2025-08-01,exports,854151,3187061
2025-09-01,exports,854151,3103872
2025-10-01,exports,854151,2648465
2025-11-01,exports,854151,3105820
2025-12-01,exports,854151,2677337
2026-01-01,exports,854151,4076223
2026-02-01,exports,854151,2987653
2026-03-01,exports,854151,4087387
2026-04-01,exports,854151,3192846
2026-05-01,exports,854151,4048542
2026-06-01,exports,854151,4349507
2026-07-01,exports,854151,4209229
2024-01-01,exports,854159,87030534
2024-02-01,exports,854159,80509852
2024-03-01,exports,854159,85579712
2024-04-01,exports,854159,71471583
2024-05-01,exports,854159,100563952
2024-06-01,exports,854159,84477733
2024-07-01,exports,854159,312951643
2024-08-01,exports,854159,232145953
2024-09-01,exports,854159,111521307
2024-10-01,exports,854159,92404579
2024-11-01,exports,854159,94670025
2024-12-01,exports,854159,66407858
2025-01-01,exports,854159,72589999
2025-02-01,exports,854159,86682633
2025-03-01,exports,854159,79991186
2025-04-01,exports,854159,69271771
2025-05-01,exports,854159,74061846
2025-06-01,exports,854159,57140308
2025-07-01,exports,854159,63914118
2025-08-01,exports,854159,67949497
2025-09-01,exports,854159,78502146
2025-10-01,exports,854159,212514694
2025-11-01,exports,854159,382557403
2025-12-01,exports,854159,369626630
2026-01-01,exports,854159,517868493
2026-02-01,exports,854159,475018750
2026-03-01,exports,854159,569506145
2026-04-01,exports,854159,558398345
2026-05-01,exports,854159,287601151
2026-06-01,exports,854159,342606326
2026-07-01,exports,854159,475496092
2024-01-01,exports,854160,53515026
2024-02-01,exports,854160,49670703
2024-03-01,exports,854160,52649824
2024-04-01,exports,854160,63278325
2024-05-01,exports,854160,52327004
2024-06-01,exports,854160,44185058
2024-07-01,exports,854160,59306265
2024-08-01,exports,854160,54054482
2024-09-01,exports,854160,50562350
2024-10-01,exports,854160,57280790
2024-11-01,exports,854160,42483850
2024-12-01,exports,854160,42244431
2025-01-01,exports,854160,51230711
2025-02-01,exports,854160,42945562
2025-03-01,exports,854160,42197557
2025-04-01,exports,854160,37385616
2025-05-01,exports,854160,30440968
2025-06-01,exports,854160,27860795
2025-07-01,exports,854160,29961562
2025-08-01,exports,854160,43325058
2025-09-01,exports,854160,35295939
2025-10-01,exports,854160,32070003
2025-11-01,exports,854160,29510232
2025-12-01,exports,854160,23251215
2026-01-01,exports,854160,27777401
2026-02-01,exports,854160,22877033
2026-03-01,exports,854160,24698681
2026-04-01,exports,854160,25939267
2026-05-01,exports,854160,23126736
2026-06-01,exports,854160,21879805
2026-07-01,exports,854160,20116304
2024-01-01,exports,854190,32874994
2024-02-01,exports,854190,18448791
2024-03-01,exports,854190,22821889
2024-04-01,exports,854190,25893604
2024-05-01,exports,854190,24138006
2024-06-01,exports,854190,26140038
2024-07-01,exports,854190,22838096
2024-08-01,exports,854190,25480491
2024-09-01,exports,854190,26208141
2024-10-01,exports,854190,20993082
2024-11-01,exports,854190,31038541
2024-12-01,exports,854190,41206756
2025-01-01,exports,854190,53008328
2025-02-01,exports,854190,33703053
2025-03-01,exports,854190,36868386
2025-04-01,exports,854190,32549836
2025-05-01,exports,854190,41813562
2025-06-01,exports,854190,40109723
2025-07-01,exports,854190,58629573
2025-08-01,exports,854190,44361789
2025-09-01,exports,854190,32452434
2025-10-01,exports,854190,48282600
2025-11-01,exports,854190,38673715
2025-12-01,exports,854190,119397308
2026-01-01,exports,854190,55693971
2026-02-01,exports,854190,78827009
2026-03-01,exports,854190,56009929
2026-04-01,exports,854190,45311530
2026-05-01,exports,854190,70959631
2026-06-01,exports,854190,64326229
2026-07-01,exports,854190,46037415
2024-01-01,exports,854231,2211939269
2024-02-01,exports,854231,1844533666
2024-03-01,exports,854231,1903006544
2024-04-01,exports,854231,2082998107
2024-05-01,exports,854231,2442062791
2024-06-01,exports,854231,2707887194
2024-07-01,exports,854231,4013048614
2024-08-01,exports,854231,3560165767
2024-09-01,exports,854231,2865548757
2024-10-01,exports,854231,3009071639
2024-11-01,exports,854231,2800796593
2024-12-01,exports,854231,2800970592
2025-01-01,exports,854231,3280944345
2025-02-01,exports,854231,2769050671
2025-03-01,exports,854231,2880310069
2025-04-01,exports,854231,3111446090
2025-05-01,exports,854231,2818317230
2025-06-01,exports,854231,2748490700
2025-07-01,exports,854231,2901320052
2025-08-01,exports,854231,2804459012
2025-09-01,exports,854231,2640387543
2025-10-01,exports,854231,2977697023
2025-11-01,exports,854231,2573823490
2025-12-01,exports,854231,3029537843
2026-01-01,exports,854231,3388706602
2026-02-01,exports,854231,3415243608
2026-03-01,exports,854231,3364195820
2026-04-01,exports,854231,2948484144
2026-05-01,exports,854231,2973044323
2026-06-01,exports,854231,3017917033
2026-07-01,exports,854231,2842552592
2024-01-01,exports,854232,168702861
2024-02-01,exports,854232,175148019
2024-03-01,exports,854232,196043095
2024-04-01,exports,854232,167120705
2024-05-01,exports,854232,165647388
2024-06-01,exports,854232,146793475
2024-07-01,exports,854232,187344575
2024-08-01,exports,854232,135026782
2024-09-01,exports,854232,192312237
2024-10-01,exports,854232,155287940
2024-11-01,exports,854232,147178441
2024-12-01,exports,854232,148331169
2025-01-01,exports,854232,193807064
2025-02-01,exports,854232,178669085
2025-03-01,exports,854232,218754135
2025-04-01,exports,854232,238324579
2025-05-01,exports,854232,231039847
2025-06-01,exports,854232,286632072
2025-07-01,exports,854232,225031650
2025-08-01,exports,854232,179683896
2025-09-01,exports,854232,183419022
2025-10-01,exports,854232,205144543
2025-11-01,exports,854232,211690089
2025-12-01,exports,854232,221331224
2026-01-01,exports,854232,285814153
2026-02-01,exports,854232,323864668
2026-03-01,exports,854232,374446322
2026-04-01,exports,854232,318517027
2026-05-01,exports,854232,292882147
2026-06-01,exports,854232,311272907
2026-07-01,exports,854232,321452703
2024-01-01,exports,854233,155652511
2024-02-01,exports,854233,141256194
2024-03-01,exports,854233,172712974
2024-04-01,exports,854233,119879415
2024-05-01,exports,854233,139537785
2024-06-01,exports,854233,134526002
2024-07-01,exports,854233,130421038
2024-08-01,exports,854233,122077518
2024-09-01,exports,854233,142662279
2024-10-01,exports,854233,135283007
2024-11-01,exports,854233,134544832
2024-12-01,exports,854233,122971469
2025-01-01,exports,854233,134315348
2025-02-01,exports,854233,111524225
2025-03-01,exports,854233,121438437
2025-04-01,exports,854233,116532825
2025-05-01,exports,854233,118496798
2025-06-01,exports,854233,139507927
2025-07-01,exports,854233,112916036
2025-08-01,exports,854233,99379390
2025-09-01,exports,854233,98706891
2025-10-01,exports,854233,89448436
2025-11-01,exports,854233,82532149
2025-12-01,exports,854233,102092023
2026-01-01,exports,854233,91714392
2026-02-01,exports,854233,94801156
2026-03-01,exports,854233,107473514
2026-04-01,exports,854233,108565740
2026-05-01,exports,854233,123053061
2026-06-01,exports,854233,120110289
2026-07-01,exports,854233,119267823
2024-01-01,exports,854239,1092134169
2024-02-01,exports,854239,930162770
2024-03-01,exports,854239,1092469088
2024-04-01,exports,854239,977223659
2024-05-01,exports,854239,1087667489
2024-06-01,exports,854239,1075696923
2024-07-01,exports,854239,1189332020
2024-08-01,exports,854239,1137418751
2024-09-01,exports,854239,1086442409
2024-10-01,exports,854239,1473084841
2024-11-01,exports,854239,1182156991
2024-12-01,exports,854239,1074475361
2025-01-01,exports,854239,1249457128
2025-02-01,exports,854239,854898712
2025-03-01,exports,854239,1088740250
2025-04-01,exports,854239,959736475
2025-05-01,exports,854239,970421277
2025-06-01,exports,854239,1117168087
2025-07-01,exports,854239,963692481
2025-08-01,exports,854239,1285713078
2025-09-01,exports,854239,1009924806
2025-10-01,exports,854239,950547686
2025-11-01,exports,854239,835378900
2025-12-01,exports,854239,930984112
2026-01-01,exports,854239,886513627
2026-02-01,exports,854239,952780518
2026-03-01,exports,854239,1049803464
2026-04-01,exports,854239,929675644
2026-05-01,exports,854239,1054370249
2026-06-01,exports,854239,1068275884
2026-07-01,exports,854239,1039109118
2024-01-01,exports,854290,88739606
2024-02-01,exports,854290,134080361
2024-03-01,exports,854290,115506017
2024-04-01,exports,854290,172952749
2024-05-01,exports,854290,88585838
2024-06-01,exports,854290,88259295
2024-07-01,exports,854290,93604285
2024-08-01,exports,854290,103852276
2024-09-01,exports,854290,85569414
2024-10-01,exports,854290,95223327
2024-11-01,exports,854290,74049201
2024-12-01,exports,854290,74877013
2025-01-01,exports,854290,90790389
2025-02-01,exports,854290,69853566
2025-03-01,exports,854290,72808003
2025-04-01,exports,854290,55452211
2025-05-01,exports,854290,49143749
2025-06-01,exports,854290,69393932
2025-07-01,exports,854290,55467445
2025-08-01,exports,854290,62679047
2025-09-01,exports,854290,75890115
2025-10-01,exports,854290,69230857
2025-11-01,exports,854290,58871240
2025-12-01,exports,854290,52008573
2026-01-01,exports,854290,103258437
2026-02-01,exports,854290,63371532
2026-03-01,exports,854290,92944785
2026-04-01,exports,854290,96633703
2026-05-01,exports,854290,85396624
2026-06-01,exports,854290,64949325
2026-07-01,exports,854290,79783955
2024-01-01,imports,852351,847145863
2024-02-01,imports,852351,832039276
2024-03-01,imports,852351,981050799
2024-04-01,imports,852351,1107530390
2024-05-01,imports,852351,1399255589
2024-06-01,imports,852351,1483746348
2024-07-01,imports,852351,1593966585
2024-08-01,imports,852351,1944127283
2024-09-01,imports,852351,1971047614
2024-10-01,imports,852351,1634068705
2024-11-01,imports,852351,2261192624
2024-12-01,imports,852351,2044346518
2025-01-01,imports,852351,1313507405
2025-02-01,imports,852351,1330789013
2025-03-01,imports,852351,1699753693
2025-04-01,imports,852351,1104738758
2025-05-01,imports,852351,1464554264
2025-06-01,imports,852351,1557489496
2025-07-01,imports,852351,1181370201
2025-08-01,imports,852351,1224623859
2025-09-01,imports,852351,1678390676
2025-10-01,imports,852351,1588904392
2025-11-01,imports,852351,1744783281
2025-12-01,imports,852351,2283536528
2026-01-01,imports,852351,2506035521
2026-02-01,imports,852351,2914349268
2026-03-01,imports,852351,3978019450
2026-04-01,imports,852351,4545151984
2026-05-01,imports,852351,6203643433
2026-06-01,imports,852351,6764869285
2026-07-01,imports,852351,7079430303
2024-01-01,imports,854110,45381194
2024-02-01,imports,854110,37801858
2024-03-01,imports,854110,36630812
2024-04-01,imports,854110,36384811
2024-05-01,imports,854110,54627292
2024-06-01,imports,854110,49191027
2024-07-01,imports,854110,36045613
2024-08-01,imports,854110,36781030
2024-09-01,imports,854110,35558948
2024-10-01,imports,854110,35362350
2024-11-01,imports,854110,35348819
2024-12-01,imports,854110,39760545
2025-01-01,imports,854110,34026749
2025-02-01,imports,854110,27586874
2025-03-01,imports,854110,38014769
2025-04-01,imports,854110,31635383
2025-05-01,imports,854110,38597999
2025-06-01,imports,854110,36495483
2025-07-01,imports,854110,41014888
2025-08-01,imports,854110,36954123
2025-09-01,imports,854110,43634995
2025-10-01,imports,854110,32641778
2025-11-01,imports,854110,41742972
2025-12-01,imports,854110,46991337
2026-01-01,imports,854110,47729271
2026-02-01,imports,854110,36829511
2026-03-01,imports,854110,49004104
2026-04-01,imports,854110,50793445
2026-05-01,imports,854110,45514596
2026-06-01,imports,854110,48763061
2026-07-01,imports,854110,56652043
2024-01-01,imports,854121,5844384
2024-02-01,imports,854121,7144387
2024-03-01,imports,854121,11056252
2024-04-01,imports,854121,16987999
2024-05-01,imports,854121,13299847
2024-06-01,imports,854121,13794048
2024-07-01,imports,854121,12878252
2024-08-01,imports,854121,10271025
2024-09-01,imports,854121,11964245
2024-10-01,imports,854121,11263439
2024-11-01,imports,854121,11025882
2024-12-01,imports,854121,11815023
2025-01-01,imports,854121,9272040
2025-02-01,imports,854121,9046906
2025-03-01,imports,854121,12208602
2025-04-01,imports,854121,12044168
2025-05-01,imports,854121,13635265
2025-06-01,imports,854121,13051353
2025-07-01,imports,854121,18532975
2025-08-01,imports,854121,12221404
2025-09-01,imports,854121,15434024
2025-10-01,imports,854121,13721498
2025-11-01,imports,854121,19609420
2025-12-01,imports,854121,23887432
2026-01-01,imports,854121,20976766
2026-02-01,imports,854121,22295493
2026-03-01,imports,854121,23122383
2026-04-01,imports,854121,22007950
2026-05-01,imports,854121,20843726
2026-06-01,imports,854121,12975625
2026-07-01,imports,854121,20657168
2024-01-01,imports,854129,136002153
2024-02-01,imports,854129,145788782
2024-03-01,imports,854129,131565218
2024-04-01,imports,854129,103257696
2024-05-01,imports,854129,121006225
2024-06-01,imports,854129,204473484
2024-07-01,imports,854129,134032847
2024-08-01,imports,854129,130420718
2024-09-01,imports,854129,181965014
2024-10-01,imports,854129,126558255
2024-11-01,imports,854129,110330844
2024-12-01,imports,854129,151782318
2025-01-01,imports,854129,111472002
2025-02-01,imports,854129,86443354
2025-03-01,imports,854129,128013394
2025-04-01,imports,854129,102804937
2025-05-01,imports,854129,100863679
2025-06-01,imports,854129,96498395
2025-07-01,imports,854129,92996619
2025-08-01,imports,854129,88843366
2025-09-01,imports,854129,93273076
2025-10-01,imports,854129,82464570
2025-11-01,imports,854129,99985306
2025-12-01,imports,854129,103323071
2026-01-01,imports,854129,86006614
2026-02-01,imports,854129,81495764
2026-03-01,imports,854129,109306666
2026-04-01,imports,854129,111281113
2026-05-01,imports,854129,106593452
2026-06-01,imports,854129,111959867
2026-07-01,imports,854129,119300428
2024-01-01,imports,854130,6151425
2024-02-01,imports,854130,6494763
2024-03-01,imports,854130,6491986
2024-04-01,imports,854130,8937910
2024-05-01,imports,854130,7022621
2024-06-01,imports,854130,8767647
2024-07-01,imports,854130,10616760
2024-08-01,imports,854130,9410543
2024-09-01,imports,854130,18758294
2024-10-01,imports,854130,7744764
2024-11-01,imports,854130,12035616
2024-12-01,imports,854130,11598189
2025-01-01,imports,854130,8521009
2025-02-01,imports,854130,8348093
2025-03-01,imports,854130,9650296
2025-04-01,imports,854130,8639507
2025-05-01,imports,854130,7984538
2025-06-01,imports,854130,7017788
2025-07-01,imports,854130,6405984
2025-08-01,imports,854130,9396885
2025-09-01,imports,854130,7202557
2025-10-01,imports,854130,6428659
2025-11-01,imports,854130,7399616
2025-12-01,imports,854130,8570403
2026-01-01,imports,854130,6618575
2026-02-01,imports,854130,6153828
2026-03-01,imports,854130,6582962
2026-04-01,imports,854130,8407240
2026-05-01,imports,854130,8461346
2026-06-01,imports,854130,8379425
2026-07-01,imports,854130,7883046
2024-01-01,imports,854141,59902142
2024-02-01,imports,854141,58935203
2024-03-01,imports,854141,62413309
2024-04-01,imports,854141,64200321
2024-05-01,imports,854141,80453518
2024-06-01,imports,854141,63567040
2024-07-01,imports,854141,64240179
2024-08-01,imports,854141,57901341
2024-09-01,imports,854141,134847298
2024-10-01,imports,854141,74617827
2024-11-01,imports,854141,54944014
2024-12-01,imports,854141,57404171
2025-01-01,imports,854141,53063405
2025-02-01,imports,854141,50181999
2025-03-01,imports,854141,62095731
2025-04-01,imports,854141,47514490
2025-05-01,imports,854141,47561794
2025-06-01,imports,854141,55762985
2025-07-01,imports,854141,56599130
2025-08-01,imports,854141,52991227
2025-09-01,imports,854141,45880888
2025-10-01,imports,854141,48054430
2025-11-01,imports,854141,48251799
2025-12-01,imports,854141,50697159
2026-01-01,imports,854141,48329815
2026-02-01,imports,854141,41710831
2026-03-01,imports,854141,48940566
2026-04-01,imports,854141,57950449
2026-05-01,imports,854141,48375932
2026-06-01,imports,854141,54971003
2026-07-01,imports,854141,58543341
2024-01-01,imports,854142,76012818
2024-02-01,imports,854142,104728097
2024-03-01,imports,854142,122814616
2024-04-01,imports,854142,103062286
2024-05-01,imports,854142,151385219
2024-06-01,imports,854142,184166069
2024-07-01,imports,854142,131830872
2024-08-01,imports,854142,202850929
2024-09-01,imports,854142,207571465
2024-10-01,imports,854142,171871934
2024-11-01,imports,854142,224968539
2024-12-01,imports,854142,130370413
2025-01-01,imports,854142,56168561
2025-02-01,imports,854142,237253654
2025-03-01,imports,854142,198229779
2025-04-01,imports,854142,256564838
2025-05-01,imports,854142,317382888
2025-06-01,imports,854142,364978379
2025-07-01,imports,854142,204835409
2025-08-01,imports,854142,102110100
2025-09-01,imports,854142,100753189
2025-10-01,imports,854142,98843735
2025-11-01,imports,854142,373613038
2025-12-01,imports,854142,141034064
2026-01-01,imports,854142,159541899
2026-02-01,imports,854142,251612790
2026-03-01,imports,854142,150375484
2026-04-01,imports,854142,167470893
2026-05-01,imports,854142,196856876
2026-06-01,imports,854142,335302700
2026-07-01,imports,854142,360659187
2024-01-01,imports,854143,1400524227
2024-02-01,imports,854143,1323686262
2024-03-01,imports,854143,1548377249
2024-04-01,imports,854143,1708908778
2024-05-01,imports,854143,1662353388
2024-06-01,imports,854143,1538241161
2024-07-01,imports,854143,1372109021
2024-08-01,imports,854143,1087985598
2024-09-01,imports,854143,1018054912
2024-10-01,imports,854143,720646931
2024-11-01,imports,854143,622617432
2024-12-01,imports,854143,411329130
2025-01-01,imports,854143,354820480
2025-02-01,imports,854143,385797925
2025-03-01,imports,854143,622868494
2025-04-01,imports,854143,638673905
2025-05-01,imports,854143,681637231
2025-06-01,imports,854143,793120627
2025-07-01,imports,854143,580890924
2025-08-01,imports,854143,377132850
2025-09-01,imports,854143,399863506
2025-10-01,imports,854143,420484110
2025-11-01,imports,854143,596551907
2025-12-01,imports,854143,534999928
2026-01-01,imports,854143,262864689
2026-02-01,imports,854143,248076952
2026-03-01,imports,854143,311678511
2026-04-01,imports,854143,441476434
2026-05-01,imports,854143,390716309
2026-06-01,imports,854143,375632241
2026-07-01,imports,854143,392468951
2024-01-01,imports,854149,94444059
2024-02-01,imports,854149,85037661
2024-03-01,imports,854149,96962608
2024-04-01,imports,854149,102743221
2024-05-01,imports,854149,87622238
2024-06-01,imports,854149,92177907
2024-07-01,imports,854149,103804915
2024-08-01,imports,854149,92334703
2024-09-01,imports,854149,89488950
2024-10-01,imports,854149,83376742
2024-11-01,imports,854149,86040291
2024-12-01,imports,854149,94535469
2025-01-01,imports,854149,79180125
2025-02-01,imports,854149,73124984
2025-03-01,imports,854149,87710552
2025-04-01,imports,854149,79693354
2025-05-01,imports,854149,82380172
2025-06-01,imports,854149,81896301
2025-07-01,imports,854149,86775440
2025-08-01,imports,854149,91030911
2025-09-01,imports,854149,91458401
2025-10-01,imports,854149,86020203
2025-11-01,imports,854149,79361420
2025-12-01,imports,854149,98848386
2026-01-01,imports,854149,79935100
2026-02-01,imports,854149,72033382
2026-03-01,imports,854149,94403539
2026-04-01,imports,854149,90655399
2026-05-01,imports,854149,76513593
2026-06-01,imports,854149,95533309
2026-07-01,imports,854149,81144761
2024-01-01,imports,854151,849905
2024-02-01,imports,854151,526818
2024-03-01,imports,854151,1097727
2024-04-01,imports,854151,1437482
2024-05-01,imports,854151,1208133
2024-06-01,imports,854151,1360824
2024-07-01,imports,854151,1399247
2024-08-01,imports,854151,1788853
2024-09-01,imports,854151,1805305
2024-10-01,imports,854151,1526494
2024-11-01,imports,854151,1986641
2024-12-01,imports,854151,2970651
2025-01-01,imports,854151,3617022
2025-02-01,imports,854151,1000380
2025-03-01,imports,854151,1358666
2025-04-01,imports,854151,17520168
2025-05-01,imports,854151,10264755
2025-06-01,imports,854151,27262408
2025-07-01,imports,854151,18730254
2025-08-01,imports,854151,25969653
2025-09-01,imports,854151,6265368
2025-10-01,imports,854151,33002291
2025-11-01,imports,854151,15719171
2025-12-01,imports,854151,18053791
2026-01-01,imports,854151,30691402
2026-02-01,imports,854151,6661856
2026-03-01,imports,854151,8877064
2026-04-01,imports,854151,4702846
2026-05-01,imports,854151,3842215
2026-06-01,imports,854151,4586902
2026-07-01,imports,854151,6937346
2024-01-01,imports,854159,120088683
2024-02-01,imports,854159,63037942
2024-03-01,imports,854159,65775330
2024-04-01,imports,854159,53590865
2024-05-01,imports,854159,52697118
2024-06-01,imports,854159,68889698
2024-07-01,imports,854159,68693619
2024-08-01,imports,854159,62953099
2024-09-01,imports,854159,75534423
2024-10-01,imports,854159,77038558
2024-11-01,imports,854159,92381082
2024-12-01,imports,854159,105702125
2025-01-01,imports,854159,84352212
2025-02-01,imports,854159,57201033
2025-03-01,imports,854159,78308754
2025-04-01,imports,854159,63717170
2025-05-01,imports,854159,63125689
2025-06-01,imports,854159,70067332
2025-07-01,imports,854159,93679583
2025-08-01,imports,854159,107040406
2025-09-01,imports,854159,113452925
2025-10-01,imports,854159,96114456
2025-11-01,imports,854159,80539876
2025-12-01,imports,854159,86554413
2026-01-01,imports,854159,94744161
2026-02-01,imports,854159,75879680
2026-03-01,imports,854159,103572854
2026-04-01,imports,854159,105525702
2026-05-01,imports,854159,106573444
2026-06-01,imports,854159,126903490
2026-07-01,imports,854159,146284000
2024-01-01,imports,854160,18474220
2024-02-01,imports,854160,20690976
2024-03-01,imports,854160,24881500
2024-04-01,imports,854160,17847376
2024-05-01,imports,854160,21221136
2024-06-01,imports,854160,18575026
2024-07-01,imports,854160,25688607
2024-08-01,imports,854160,19463210
2024-09-01,imports,854160,18095770
2024-10-01,imports,854160,21010080
2024-11-01,imports,854160,17369653
2024-12-01,imports,854160,21505270
2025-01-01,imports,854160,18481443
2025-02-01,imports,854160,16214142
2025-03-01,imports,854160,19680283
2025-04-01,imports,854160,44525161
2025-05-01,imports,854160,31503429
2025-06-01,imports,854160,37269615
2025-07-01,imports,854160,18507734
2025-08-01,imports,854160,51294820
2025-09-01,imports,854160,28566419
2025-10-01,imports,854160,26326750
2025-11-01,imports,854160,22748016
2025-12-01,imports,854160,25867711
2026-01-01,imports,854160,21485969
2026-02-01,imports,854160,13151896
2026-03-01,imports,854160,16181951
2026-04-01,imports,854160,17024594
2026-05-01,imports,854160,18104858
2026-06-01,imports,854160,26248486
2026-07-01,imports,854160,19161958
2024-01-01,imports,854190,38224169
2024-02-01,imports,854190,40578368
2024-03-01,imports,854190,44004248
2024-04-01,imports,854190,62129013
2024-05-01,imports,854190,44591220
2024-06-01,imports,854190,44860802
2024-07-01,imports,854190,55019893
2024-08-01,imports,854190,66110774
2024-09-01,imports,854190,57635937
2024-10-01,imports,854190,54227693
2024-11-01,imports,854190,56662202
2024-12-01,imports,854190,59390778
2025-01-01,imports,854190,56350068
2025-02-01,imports,854190,60624101
2025-03-01,imports,854190,64396253
2025-04-01,imports,854190,73831517
2025-05-01,imports,854190,78331492
2025-06-01,imports,854190,81628873
2025-07-01,imports,854190,80933592
2025-08-01,imports,854190,57144113
2025-09-01,imports,854190,59831884
2025-10-01,imports,854190,66396835
2025-11-01,imports,854190,61741530
2025-12-01,imports,854190,67168904
2026-01-01,imports,854190,72012783
2026-02-01,imports,854190,65335936
2026-03-01,imports,854190,72076828
2026-04-01,imports,854190,98176921
2026-05-01,imports,854190,98611687
2026-06-01,imports,854190,83761798
2026-07-01,imports,854190,125685993
2024-01-01,imports,854231,1703033262
2024-02-01,imports,854231,1453620396
2024-03-01,imports,854231,2269828311
2024-04-01,imports,854231,2004495708
2024-05-01,imports,854231,2178785301
2024-06-01,imports,854231,2560872579
2024-07-01,imports,854231,2536595893
2024-08-01,imports,854231,2433917431
2024-09-01,imports,854231,3212780666
2024-10-01,imports,854231,2560801249
2024-11-01,imports,854231,2421524964
2024-12-01,imports,854231,2933422426
2025-01-01,imports,854231,2618156772
2025-02-01,imports,854231,2158852711
2025-03-01,imports,854231,3027580276
2025-04-01,imports,854231,2436464726
2025-05-01,imports,854231,2364995892
2025-06-01,imports,854231,2797819517
2025-07-01,imports,854231,2344848744
2025-08-01,imports,854231,2289964533
2025-09-01,imports,854231,2733873737
2025-10-01,imports,854231,2574402185
2025-11-01,imports,854231,3319032685
2025-12-01,imports,854231,3840072769
2026-01-01,imports,854231,3096390815
2026-02-01,imports,854231,3086619977
2026-03-01,imports,854231,3513562422
2026-04-01,imports,854231,3044024837
2026-05-01,imports,854231,2995744947
2026-06-01,imports,854231,3306521316
2026-07-01,imports,854231,2827284541
2024-01-01,imports,854232,134697374
2024-02-01,imports,854232,135882038
2024-03-01,imports,854232,143183435
2024-04-01,imports,854232,144079419
2024-05-01,imports,854232,147676009
2024-06-01,imports,854232,132208755
2024-07-01,imports,854232,136594306
2024-08-01,imports,854232,163911408
2024-09-01,imports,854232,207123196
2024-10-01,imports,854232,118627513
2024-11-01,imports,854232,204466650
2024-12-01,imports,854232,202482725
2025-01-01,imports,854232,201750242
2025-02-01,imports,854232,201337648
2025-03-01,imports,854232,194972850
2025-04-01,imports,854232,147058422
2025-05-01,imports,854232,145592354
2025-06-01,imports,854232,226726384
2025-07-01,imports,854232,147922840
2025-08-01,imports,854232,170254599
2025-09-01,imports,854232,154552348
2025-10-01,imports,854232,200569157
2025-11-01,imports,854232,205072118
2025-12-01,imports,854232,310009430
2026-01-01,imports,854232,276351858
2026-02-01,imports,854232,331560905
2026-03-01,imports,854232,437059985
2026-04-01,imports,854232,622497725
2026-05-01,imports,854232,646831580
2026-06-01,imports,854232,952135647
2026-07-01,imports,854232,747322495
2024-01-01,imports,854233,78087663
2024-02-01,imports,854233,67788851
2024-03-01,imports,854233,110666471
2024-04-01,imports,854233,57706961
2024-05-01,imports,854233,53558031
2024-06-01,imports,854233,66872083
2024-07-01,imports,854233,64315691
2024-08-01,imports,854233,54999047
2024-09-01,imports,854233,60473465
2024-10-01,imports,854233,62666844
2024-11-01,imports,854233,57515557
2024-12-01,imports,854233,56566312
2025-01-01,imports,854233,61618788
2025-02-01,imports,854233,47485789
2025-03-01,imports,854233,52993400
2025-04-01,imports,854233,50612360
2025-05-01,imports,854233,48782735
2025-06-01,imports,854233,40821471
2025-07-01,imports,854233,51451478
2025-08-01,imports,854233,43575854
2025-09-01,imports,854233,46015143
2025-10-01,imports,854233,51551519
2025-11-01,imports,854233,55586200
2025-12-01,imports,854233,55456168
2026-01-01,imports,854233,60398783
2026-02-01,imports,854233,64855572
2026-03-01,imports,854233,80582287
2026-04-01,imports,854233,72339148
2026-05-01,imports,854233,73193441
2026-06-01,imports,854233,60824478
2026-07-01,imports,854233,64966738
2024-01-01,imports,854239,850726202
2024-02-01,imports,854239,688681715
2024-03-01,imports,854239,719140798
2024-04-01,imports,854239,627373450
2024-05-01,imports,854239,713328068
2024-06-01,imports,854239,866190689
2024-07-01,imports,854239,676197791
2024-08-01,imports,854239,656805422
2024-09-01,imports,854239,793609259
2024-10-01,imports,854239,775787648
2024-11-01,imports,854239,694813036
2024-12-01,imports,854239,824407272
2025-01-01,imports,854239,602473945
2025-02-01,imports,854239,450453607
2025-03-01,imports,854239,573609573
2025-04-01,imports,854239,441421234
2025-05-01,imports,854239,580847372
2025-06-01,imports,854239,545171616
2025-07-01,imports,854239,540170734
2025-08-01,imports,854239,460540086
2025-09-01,imports,854239,513805575
2025-10-01,imports,854239,520420787
2025-11-01,imports,854239,542441247
2025-12-01,imports,854239,622978590
2026-01-01,imports,854239,593766192
2026-02-01,imports,854239,572825652
2026-03-01,imports,854239,614938553
2026-04-01,imports,854239,597689255
2026-05-01,imports,854239,723825185
2026-06-01,imports,854239,666050850
2026-07-01,imports,854239,684180538
2024-01-01,imports,854290,25058565
2024-02-01,imports,854290,20255213
2024-03-01,imports,854290,20415473
2024-04-01,imports,854290,19709410
2024-05-01,imports,854290,35022500
2024-06-01,imports,854290,37901502
2024-07-01,imports,854290,48397898
2024-08-01,imports,854290,22727474
2024-09-01,imports,854290,19764462
2024-10-01,imports,854290,18522472
2024-11-01,imports,854290,24678955
2024-12-01,imports,854290,21459625
2025-01-01,imports,854290,26044794
2025-02-01,imports,854290,21775923
2025-03-01,imports,854290,26113588
2025-04-01,imports,854290,25658618
2025-05-01,imports,854290,27958595
2025-06-01,imports,854290,31760916
2025-07-01,imports,854290,36043040
2025-08-01,imports,854290,35270163
2025-09-01,imports,854290,36681133
2025-10-01,imports,854290,38052354
2025-11-01,imports,854290,32447592
2025-12-01,imports,854290,49679444
2026-01-01,imports,854290,31087677
2026-02-01,imports,854290,30738065
2026-03-01,imports,854290,38557382
2026-04-01,imports,854290,60170802
2026-05-01,imports,854290,36736490
2026-06-01,imports,854290,37278801
2026-07-01,imports,854290,44831091
