date,computers,chips_telecom,pharmaceuticals,gold,other,total
2017-01-01,-5.424,-3.478,-4.832,1.346,-55.739,-68.126
2017-02-01,-4.684,-2.515,-4.328,0.73,-39.208,-50.004
2017-03-01,-5.585,-2.765,-5.04,0.528,-45.227,-58.089
2017-04-01,-6.058,-3.11,-4.02,0.691,-49.445,-61.943
2017-05-01,-7.281,-3.993,-5.143,1.038,-57.071,-72.45
2017-06-01,-7.324,-3.841,-4.657,1.018,-50.66,-65.463
2017-07-01,-7.783,-3.114,-4.178,0.417,-54.895,-69.553
2017-08-01,-8.082,-3.21,-4.774,0.636,-56.891,-72.321
2017-09-01,-7.112,-3.726,-5.159,0.844,-49.021,-64.174
2017-10-01,-7.635,-3.895,-4.895,0.632,-58.501,-74.293
2017-11-01,-8.588,-4.349,-5.202,0.164,-53.922,-71.897
2017-12-01,-6.797,-4.035,-6.995,0.229,-46.484,-64.083
2018-01-01,-6.828,-2.974,-6.755,0.784,-62.217,-77.99
2018-02-01,-5.997,-2.983,-6.692,1.298,-44.178,-58.551
2018-03-01,-6.578,-2.988,-6.977,1.269,-43.149,-58.424
2018-04-01,-7.252,-3.179,-6.299,1.068,-51.192,-66.854
2018-05-01,-8.653,-4.517,-6.103,0.301,-51.528,-70.499
2018-06-01,-8.136,-3.547,-6.24,0.877,-48.708,-65.754
2018-07-01,-8.83,-3.731,-7.035,1.036,-64.486,-83.046
2018-08-01,-8.691,-3.651,-6.532,0.431,-63.236,-81.679
2018-09-01,-8.038,-4.614,-4.736,1.711,-56.252,-71.929
2018-10-01,-7.716,-3.254,-7.541,0.786,-71.051,-88.776
2018-11-01,-8.013,-3.269,-6.977,0.251,-56.207,-74.215
2018-12-01,-7.946,-3.461,-6.464,0.241,-55.011,-72.642
2019-01-01,-5.986,-1.749,-7.277,0.702,-59.801,-74.112
2019-02-01,-4.896,-1.223,-4.726,0.921,-45.269,-55.192
2019-03-01,-5.764,-1.883,-6.43,0.64,-45.524,-58.962
2019-04-01,-6.274,-1.635,-9.013,0.852,-57.595,-73.665
2019-05-01,-7.541,-2.251,-7.445,0.55,-60.99,-77.676
2019-06-01,-8.35,-2.246,-6.959,0.589,-51.282,-68.248
2019-07-01,-7.776,-2.187,-8.217,0.428,-67.123,-84.875
2019-08-01,-6.779,-2.888,-8.058,0.379,-59.235,-76.58
2019-09-01,-6.678,-2.703,-7.592,0.613,-55.408,-71.767
2019-10-01,-8.219,-3.225,-7.647,0.456,-57.788,-76.423
2019-11-01,-8.104,-2.308,-6.885,0.315,-44.855,-61.837
2019-12-01,-7.464,-2.974,-8.43,-0.25,-47.304,-66.422
2020-01-01,-6.314,-1.582,-8.915,0.459,-50.325,-66.677
2020-02-01,-4.199,-1.291,-8.017,0.699,-34.183,-46.991
2020-03-01,-6.124,-2.73,-10.516,-3.041,-38.216,-60.627
2020-04-01,-8.22,-1.27,-9.601,-10.561,-41.251,-70.903
2020-05-01,-9.09,-2.503,-8.003,-13.215,-39.656,-72.467
2020-06-01,-10.204,-2.441,-9.181,-4.345,-47.846,-74.016
2020-07-01,-9.528,-1.475,-7.92,-6.872,-60.829,-86.624
2020-08-01,-9.505,-3.071,-8.49,-1.186,-62.509,-84.76
2020-09-01,-9.746,-3.521,-8.758,0.158,-62.769,-84.636
2020-10-01,-10.635,-2.795,-8.27,-0.113,-64.501,-86.314
2020-11-01,-10.406,-2.913,-7.727,-0.018,-64.157,-85.221
2020-12-01,-10.592,-2.628,-8.31,-1.207,-59.508,-82.246
2021-01-01,-8.863,-1.367,-10.887,-0.615,-54.743,-76.475
2021-02-01,-7.602,-1.832,-7.597,-0.624,-51.591,-69.246
2021-03-01,-9.416,-3.62,-8.23,4.033,-67.031,-84.263
2021-04-01,-9.649,-2.049,-8.134,2.788,-65.404,-82.448
2021-05-01,-9.571,-2.772,-7.361,0.446,-65.327,-84.585
2021-06-01,-10.131,-3.09,-6.792,-1.755,-72.488,-94.256
2021-07-01,-10.77,-2.429,-6.777,-0.214,-72.829,-93.017
2021-08-01,-9.925,-3.383,-8.813,1.757,-76.563,-96.926
2021-09-01,-11.296,-4.139,-5.549,0.23,-81.255,-102.009
2021-10-01,-11.731,-2.903,-5.299,1.038,-68.197,-87.091
2021-11-01,-11.987,-4.354,-6.572,-1.803,-78.175,-102.891
2021-12-01,-11.791,-4.736,-6.18,0.229,-75.086,-97.564
2022-01-01,-10.121,-3.03,-8.191,0.78,-77.581,-98.143
2022-02-01,-8.316,-2.832,-6.608,0.328,-65.007,-82.436
2022-03-01,-12.574,-4.409,-9.207,-7.137,-81.858,-115.185
2022-04-01,-10.347,-4.134,-8.2,-0.819,-73.853,-97.354
2022-05-01,-10.51,-4.954,-8.377,1.298,-82.743,-105.286
2022-06-01,-13.081,-5.375,-8.82,2.725,-78.15,-102.7
2022-07-01,-12.068,-4.068,-5.637,5.094,-76.846,-93.524
2022-08-01,-11.889,-5.177,-8.672,3.729,-79.486,-101.495
2022-09-01,-10.676,-6.355,-7.805,2.641,-76.299,-98.494
2022-10-01,-11.002,-5.811,-11.793,2.665,-75.338,-101.279
2022-11-01,-9.959,-5.307,-8.143,1.992,-63.359,-84.775
2022-12-01,-9.219,-4.563,-8.969,0.274,-63.938,-86.415
2023-01-01,-6.99,-4.169,-6.901,1.692,-73.483,-89.851
2023-02-01,-6.683,-4.13,-8.016,1.66,-54.273,-71.443
2023-03-01,-8.178,-4.719,-8.873,-1.057,-54.965,-77.792
2023-04-01,-7.371,-4.31,-7.272,-3.591,-64.909,-87.452
2023-05-01,-10.05,-5,-6.943,-2.403,-71.732,-96.128
2023-06-01,-9.239,-4.508,-9.317,-0.319,-66.477,-89.86
2023-07-01,-9.149,-4.466,-8.611,1.041,-73.686,-94.871
2023-08-01,-9.125,-4.433,-9.696,0.22,-69.186,-92.221
2023-09-01,-9.642,-4.737,-8.11,0.587,-66.708,-88.61
2023-10-01,-11.375,-4.564,-10.652,0.976,-72.071,-97.686
2023-11-01,-10.872,-4.904,-8.55,-0.96,-64.345,-89.631
2023-12-01,-8.065,-4.823,-9.436,0.305,-57.051,-79.068
2024-01-01,-9.111,-4.056,-10.615,1.616,-70.88,-93.046
2024-02-01,-7.94,-3.739,-9.082,2.69,-56.089,-74.16
2024-03-01,-9.738,-4.442,-9.758,1.679,-56.745,-79.004
2024-04-01,-11.421,-5.118,-12.959,1.037,-70.78,-99.241
2024-05-01,-12.412,-5.024,-8.435,0.244,-75.914,-101.541
2024-06-01,-12.447,-5.906,-9.578,0.092,-63.582,-91.421
2024-07-01,-15.647,-3.777,-12.343,-2.129,-84.885,-118.781
2024-08-01,-13.782,-3.571,-10.374,1.592,-70.736,-96.873
2024-09-01,-14.565,-7.227,-12.996,-0.116,-79.584,-114.488
2024-10-01,-13.951,-5.292,-14.2,-0.156,-78.525,-112.124
2024-11-01,-12.84,-5.436,-11.615,-2.237,-67.831,-99.96
2024-12-01,-14.904,-6.19,-15.375,-10.282,-73.479,-120.23
2025-01-01,-16.28,-3.899,-19.928,-30.946,-81.948,-153.002
2025-02-01,-13.816,-3.651,-19.597,-20.68,-62.862,-120.606
2025-03-01,-17.883,-6.126,-42.207,-10.535,-74.088,-150.839
2025-04-01,-17.822,-4.662,-16.082,7.902,-55.888,-86.552
2025-05-01,-19.894,-5.973,-16.204,4.364,-53.875,-91.581
2025-06-01,-21.987,-6.956,-5.495,1.516,-51.947,-84.869
2025-07-01,-23.318,-6.704,-6.137,-6.304,-74.213,-116.676
2025-08-01,-20.306,-4.701,-4.467,2.426,-56.094,-83.142
2025-09-01,-21.306,-7.227,-17.054,6.191,-52.227,-91.623
2025-10-01,-29.851,-7.782,-3.418,14.844,-46.114,-72.32
2025-11-01,-27.59,-8.282,-9.769,10.742,-44.753,-79.652
2025-12-01,-30.565,-10.266,-7.955,1.708,-56.677,-103.756
2026-01-01,-24.392,-8.891,-4.167,8.138,-44.839,-74.151
2026-02-01,-29.262,-6.745,-3.388,15.915,-34.939,-58.418
2026-03-01,-34.644,-11.002,-3.99,14.699,-45.955,-80.892
2026-04-01,-34.5,-13.109,-5.684,9.519,-38.687,-82.46
2026-05-01,-40.712,-13.995,-6.696,3.511,-45.756,-103.648
2026-06-01,-41.347,-17.052,-5.823,7.2,-52.234,-109.257
2026-07-01,-56.176,-16.748,-6.586,3.294,-59.25,-135.466
2026-08-01,-48.679,-18.236,-5.685,2.368,-61.19,-131.421
