date,headline_twelve_month,core_twelve_month,excluding_energy_goods_twelve_month,market_core_excluding_housing_twelve_month,market_core_twelve_month,median_twelve_month,trimmed_mean_twelve_month,trend_twelve_month,headline_six_month,core_six_month,excluding_energy_goods_six_month,market_core_excluding_housing_six_month,market_core_six_month,median_six_month,trimmed_mean_six_month
1960-01-01,1.69,2.07,1.6,0,,,,1.51,1.55,1.92,1.38,0,,,
1960-02-01,1.7,2.19,1.72,0,,,,1.52,1.47,1.98,1.49,0,,,
1960-03-01,1.69,2.07,1.76,0,,,,1.53,1.06,1.47,1.09,0,,,
1960-04-01,1.86,2,1.93,0,,,,1.52,1.3,1.49,1.47,0,,,
1960-05-01,1.91,2.05,1.97,0,,,,1.36,1.38,1.45,1.61,0,,,
1960-06-01,1.66,1.8,1.66,0,,,,1.3,1.24,1.26,1.39,0,,,
1960-07-01,1.63,1.74,1.54,0,,,,1.49,1.72,1.56,1.71,0,,,
1960-08-01,1.66,1.73,1.6,0,,,,1.57,1.85,1.47,1.71,0,,,
1960-09-01,1.45,1.54,1.36,0,,,,1.6,1.85,1.62,1.63,0,,,
1960-10-01,1.32,1.43,1.36,0,,,,1.38,1.35,1.36,1.25,0,,,
1960-11-01,1.6,1.51,1.59,0,,,,1.27,1.83,1.58,1.57,0,,,
1960-12-01,1.5,1.33,1.52,0,,,,1.32,1.77,1.4,1.66,0,,,
1961-01-01,1.58,1.33,1.55,0,,,,1.05,1.45,1.09,1.38,0,,,
1961-02-01,1.57,1.24,1.52,0,,,,1.16,1.29,1,1.34,0,,,
1961-03-01,1.45,1.26,1.41,0,,,,1.13,1.05,0.9,1.2,0,,,
1961-04-01,1.03,1.22,1.13,0,,,,1.2,0.71,1.07,1.01,0,,,
1961-05-01,0.98,1.18,1.02,0,,,,1.38,0.14,0.79,0.48,0,,,
1961-06-01,0.98,1.28,1.04,0,,,,1.39,0.19,1.15,0.43,0,,,
1961-07-01,1.02,1.25,1.08,0,,,,1.36,0.59,1.41,0.78,0,,,
1961-08-01,0.93,1.21,1,0,,,,1.33,0.57,1.43,0.66,0,,,
1961-09-01,0.99,1.33,1.04,0,,,,1.32,0.92,1.76,0.88,0,,,
1961-10-01,0.87,1.31,0.92,0,,,,1.27,1.02,1.55,0.84,0,,,
1961-11-01,0.53,1.05,0.61,0,,,,1.32,0.92,1.32,0.75,0,,,
1961-12-01,0.54,1.17,0.66,0,,,,1.37,0.88,1.19,0.89,0,,,
1962-01-01,0.71,1.27,0.84,0,,,,1.66,0.83,1.12,0.91,0,,,
1962-02-01,0.89,1.33,0.96,0,,,,1.62,1.2,1.24,1.27,0,,,
1962-03-01,1.08,1.54,1.2,0,,,,1.62,1.24,1.31,1.52,0,,,
1962-04-01,1.25,1.42,1.16,0,,,,1.32,1.48,1.29,1.48,0,,,
1962-05-01,1.26,1.43,1.21,0,,,,1.07,1.59,1.54,1.68,0,,,
1962-06-01,1.28,1.46,1.31,0,,,,1.09,1.67,1.73,1.73,0,,,
1962-07-01,1,1.39,1.14,0,,,,0.97,1.17,1.67,1.38,0,,,
1962-08-01,1.06,1.3,1.18,0,,,,0.78,0.93,1.36,1.09,0,,,
1962-09-01,1.44,1.3,1.44,0,,,,1,1.65,1.28,1.37,0,,,
1962-10-01,1.35,1.26,1.33,0,,,,1.08,1.21,1.23,1.19,0,,,
1962-11-01,1.41,1.31,1.43,0,,,,1.25,1.23,1.09,1.17,0,,,
1962-12-01,1.35,1.26,1.23,0,,,,1.2,1.02,0.78,0.74,0,,,
1963-01-01,1.4,1.33,1.36,0,,,,1.43,1.63,0.99,1.35,0,,,
1963-02-01,1.24,1.28,1.26,0,,,,1.2,1.55,1.2,1.44,0,,,
1963-03-01,1.02,1.1,0.99,0,,,,1.2,0.4,0.93,0.61,0,,,
1963-04-01,0.9,1.21,0.98,0,,,,1.47,0.59,1.19,0.77,0,,,
1963-05-01,1,1.25,1.05,0,,,,1.68,0.78,1.41,0.92,0,,,
1963-06-01,1.16,1.24,1.23,0,,,,1.7,1.3,1.69,1.72,0,,,
1963-07-01,1.42,1.24,1.35,0,,,,1.62,1.2,1.49,1.35,0,,,
1963-08-01,1.41,1.32,1.35,0,,,,1.64,1.27,1.44,1.26,0,,,
1963-09-01,0.9,1.3,1.06,0,,,,1.79,1.39,1.68,1.5,0,,,
1963-10-01,1.19,1.54,1.29,0,,,,1.94,1.8,1.89,1.8,0,,,
1963-11-01,1.27,1.55,1.4,0,,,,2.02,1.75,1.7,1.87,0,,,
1963-12-01,1.45,1.67,1.63,0,,,,1.84,1.61,1.65,1.54,0,,,
1964-01-01,1.42,1.62,1.54,0,,,,1.62,1.63,1.75,1.73,0,,,
1964-02-01,1.45,1.69,1.57,0,,,,1.53,1.64,1.95,1.89,0,,,
1964-03-01,1.6,1.73,1.69,0,,,,1.44,1.81,1.78,1.88,0,,,
1964-04-01,1.68,1.7,1.78,0,,,,1.31,1.57,1.51,1.75,0,,,
1964-05-01,1.53,1.6,1.68,0,,,,1.2,1.3,1.49,1.48,0,,,
1964-06-01,1.45,1.5,1.52,0,,,,1.22,1.29,1.35,1.5,0,,,
1964-07-01,1.38,1.51,1.52,0,,,,1.19,1.12,1.27,1.3,0,,,
1964-08-01,1.32,1.55,1.53,0,,,,1.23,0.99,1.15,1.17,0,,,
1964-09-01,1.49,1.41,1.58,0,,,,1.22,1.17,1.04,1.28,0,,,
1964-10-01,1.36,1.22,1.47,0,,,,1.3,1.15,0.94,1.18,0,,,
1964-11-01,1.35,1.28,1.42,0,,,,1.36,1.41,1.06,1.37,0,,,
1964-12-01,1.35,1.28,1.41,0,,,,1.35,1.42,1.21,1.32,0,,,
1965-01-01,1.25,1.27,1.25,0,,,,1.53,1.38,1.28,1.2,0,,,
1965-02-01,1.15,1.2,1.14,0,,,,1.59,1.32,1.25,1.11,0,,,
1965-03-01,1.22,1.16,1.17,0,,,,1.53,1.26,1.29,1.05,0,,,
1965-04-01,1.3,1.19,1.22,0,,,,1.73,1.46,1.44,1.27,0,,,
1965-05-01,1.52,1.29,1.42,0,,,,1.85,1.63,1.52,1.47,0,,,
1965-06-01,1.67,1.2,1.55,0,,,,1.77,1.92,1.19,1.78,0,,,
1965-07-01,1.61,1.19,1.5,0,,,,1.47,1.85,1.11,1.8,0,,,
1965-08-01,1.56,1.25,1.45,0,,,,1.45,1.81,1.25,1.78,0,,,
1965-09-01,1.46,1.33,1.34,0,,,,1.6,1.65,1.37,1.63,0,,,
1965-10-01,1.42,1.25,1.29,0,,,,1.73,1.39,1.06,1.31,0,,,
1965-11-01,1.45,1.3,1.34,0,,,,1.96,1.28,1.07,1.21,0,,,
1965-12-01,1.67,1.46,1.58,0,,,,2.34,1.42,1.74,1.37,0,,,
1966-01-01,1.68,1.35,1.63,0,,,,2.52,1.51,1.59,1.46,0,,,
1966-02-01,2.06,1.48,2.04,0,,,,2.76,2.3,1.71,2.3,0,,,
1966-03-01,2.18,1.55,2.19,0,,,,2.87,2.71,1.73,2.75,0,,,
1966-04-01,2.37,1.8,2.4,0,,,,3.21,3.35,2.53,3.5,0,,,
1966-05-01,2.26,1.88,2.27,0,,,,3.24,3.26,2.7,3.35,0,,,
1966-06-01,2.22,2.23,2.26,0,,,,3.43,3.03,2.74,3.15,0,,,
1966-07-01,2.35,2.43,2.35,0,,,,3.53,3.19,3.28,3.26,0,,,
1966-08-01,2.71,2.43,2.72,0,,,,3.51,3.12,3.15,3.14,0,,,
1966-09-01,2.99,2.62,2.98,0,,,,3.57,3.27,3.53,3.21,0,,,
1966-10-01,3.23,2.99,3.26,0,,,,3.56,3.11,3.45,3.01,0,,,
1966-11-01,3.21,3.06,3.21,0,,,,3.47,3.15,3.42,3.07,0,,,
1966-12-01,3.05,3.06,3.06,0,,,,3.14,3.07,3.39,2.97,0,,,
1967-01-01,2.93,3.12,2.91,0,,,,2.74,2.68,2.97,2.57,0,,,
1967-02-01,2.63,3.06,2.58,0,,,,2.52,2.14,2.96,2.02,0,,,
1967-03-01,2.43,3.08,2.39,0,,,,2.51,1.6,2.64,1.57,0,,,
1967-04-01,2.25,3,2.16,0,,,,2.88,1.41,2.54,1.32,0,,,
1967-05-01,2.32,2.95,2.25,0,,,,3,1.5,2.48,1.44,0,,,
1967-06-01,2.39,2.88,2.33,0,,,,3.24,1.72,2.37,1.69,0,,,
1967-07-01,2.54,2.92,2.5,0,,,,3.59,2.4,2.88,2.44,0,,,
1967-08-01,2.47,3.05,2.43,0,,,,3.83,2.8,3.14,2.85,0,,,
1967-09-01,2.45,3.1,2.42,0,,,,3.9,3.31,3.56,3.27,0,,,
1967-10-01,2.47,3.15,2.49,0,,,,4.04,3.54,3.75,3.67,0,,,
1967-11-01,2.66,3.22,2.64,0,,,,4.27,3.83,3.96,3.86,0,,,
1967-12-01,2.61,3.16,2.64,0,,,,4.57,3.5,3.95,3.61,0,,,
1968-01-01,3.08,3.52,3.12,0,,,,4.94,3.76,4.17,3.81,0,,,
1968-02-01,3.38,3.78,3.42,0,,,,4.96,3.96,4.42,4,0,,,
1968-03-01,3.66,4.03,3.72,0,,,,4.94,4,4.51,4.17,0,,,
1968-04-01,3.81,4.13,3.94,0,,,,4.73,4.07,4.51,4.21,0,,,
1968-05-01,3.99,4.29,4.11,0,,,,4.62,4.15,4.63,4.36,0,,,
1968-06-01,4,4.44,4.09,0,,,,4.72,4.49,4.93,4.58,0,,,
1968-07-01,3.96,4.43,4.06,0,,,,4.59,4.16,4.69,4.31,0,,,
1968-08-01,4.06,4.52,4.13,0,,,,4.7,4.17,4.61,4.25,0,,,
1968-09-01,4.11,4.57,4.25,0,,,,4.64,4.21,4.62,4.32,0,,,
1968-10-01,4.27,4.6,4.37,0,,,,4.76,4.47,4.7,4.52,0,,,
1968-11-01,4.28,4.67,4.41,0,,,,4.71,4.41,4.71,4.46,0,,,
1968-12-01,4.33,4.72,4.45,0,,,,4.68,4.17,4.51,4.31,0,,,
1969-01-01,4.25,4.65,4.36,0,,,,4.77,4.35,4.61,4.42,0,,,
1969-02-01,4.1,4.56,4.2,0,,,,4.71,4.03,4.51,4.15,0,,,
1969-03-01,4.25,4.63,4.29,0,,,,5.19,4.28,4.65,4.25,0,,,
1969-04-01,4.38,4.65,4.36,0,,,,5.24,4.28,4.6,4.2,0,,,
1969-05-01,4.41,4.68,4.43,0,,,,5.02,4.41,4.64,4.4,0,,,
1969-06-01,4.58,4.63,4.6,0,,,,4.82,4.99,4.74,4.88,0,,,
1969-07-01,4.72,4.76,4.77,0,,,,4.95,5.1,4.92,5.12,0,,,
1969-08-01,4.58,4.65,4.66,0,,,,4.69,5.14,4.79,5.18,0,,,
1969-09-01,4.65,4.65,4.72,0,,,,4.88,5.03,4.65,5.19,0,,,
1969-10-01,4.55,4.67,4.63,0,,,,4.78,4.82,4.75,5.05,0,,,
1969-11-01,4.65,4.67,4.78,0,,,,4.75,4.89,4.71,5.16,0,,,
1969-12-01,4.91,4.75,4.99,0,,,,4.66,4.83,4.76,5.1,0,,,
1970-01-01,4.88,4.7,5.01,0,,,,4.49,4.66,4.48,4.89,0,,,
1970-02-01,5.03,4.74,5.16,0,,,,4.67,4.91,4.7,5.13,0,,,
1970-03-01,4.79,4.64,5.04,0,,,,4.47,4.56,4.64,4.88,0,,,
1970-04-01,4.86,4.65,5,0,,,,4.6,4.91,4.56,4.94,0,,,
1970-05-01,4.77,4.61,4.92,0,,,,4.31,4.66,4.5,4.69,0,,,
1970-06-01,4.54,4.62,4.74,0,,,,4.45,4.25,4.48,4.38,0,,,
1970-07-01,4.46,4.53,4.6,0,,,,4.51,4.27,4.59,4.31,0,,,
1970-08-01,4.45,4.6,4.65,0,,,,4.43,3.99,4.51,4.17,0,,,
1970-09-01,4.48,4.62,4.64,0,,,,4.84,4.41,4.6,4.4,0,,,
1970-10-01,4.65,4.68,4.75,0,,,,5.12,4.38,4.8,4.56,0,,,
1970-11-01,4.6,4.82,4.66,0,,,,5.2,4.55,5.14,4.64,0,,,
1970-12-01,4.59,4.96,4.64,0,,,,5.02,4.93,5.44,4.91,0,,,
1971-01-01,4.44,5.03,4.46,0,,,,4.8,4.61,5.47,4.61,0,,,
1971-02-01,4.33,5.02,4.41,0,,,,4.66,4.67,5.54,4.66,0,,,
1971-03-01,4.41,4.97,4.46,0,,,,4.59,4.42,5.34,4.51,0,,,
1971-04-01,4.3,4.95,4.53,0,,,,4.88,4.21,5.09,4.5,0,,,
1971-05-01,4.4,5.03,4.61,0,,,,4.76,4.25,4.92,4.58,0,,,
1971-06-01,4.59,5.07,4.76,0,,,,4.74,4.25,4.7,4.6,0,,,
1971-07-01,4.52,5.07,4.75,0,,,,4.51,4.44,4.67,4.9,0,,,
1971-08-01,4.55,4.86,4.58,0,,,,4.27,4.43,4.17,4.5,0,,,
1971-09-01,4.24,4.59,4.27,0,,,,3.56,4.06,3.85,4.04,0,,,
1971-10-01,3.88,4.24,3.95,0,,,,3.04,3.56,3.41,3.4,0,,,
1971-11-01,3.69,3.94,3.79,0,,,,3.15,3.13,2.98,3.02,0,,,
1971-12-01,3.64,3.75,3.76,0,,,,3.53,3.03,2.8,2.93,0,,,
1972-01-01,3.84,3.78,4.03,0,,,,3.78,3.26,2.9,3.17,0,,,
1972-02-01,3.95,3.67,4.11,0,,,,3.33,3.47,3.16,3.71,0,,,
1972-03-01,3.76,3.54,3.88,0,,,,2.96,3.46,3.22,3.73,0,,,
1972-04-01,3.51,3.39,3.6,0,,,,3.01,3.45,3.38,3.8,0,,,
1972-05-01,3.31,3.18,3.37,0,,,,3.01,3.48,3.39,3.72,0,,,
1972-06-01,3.01,2.98,3.11,0,,,,3.12,2.98,3.16,3.29,0,,,
1972-07-01,3.07,2.88,3.09,0,,,,3.42,2.88,2.87,3.02,0,,,
1972-08-01,3.07,2.96,3.18,0,,,,3.33,2.66,2.75,2.66,0,,,
1972-09-01,3.37,3.13,3.45,0,,,,3.51,3.29,3.03,3.17,0,,,
1972-10-01,3.33,3.03,3.4,0,,,,3.35,3.21,2.68,3.01,0,,,
1972-11-01,3.42,3.07,3.45,0,,,,3.46,3.37,2.74,3.19,0,,,
1972-12-01,3.35,3.05,3.39,0,,,,3.56,3.72,2.94,3.49,0,,,
1973-01-01,3.24,2.68,3.22,0,,,,3.58,3.6,2.48,3.42,0,,,
1973-02-01,3.37,2.73,3.29,0,,,,4.27,4.08,2.7,3.92,0,,,
1973-03-01,3.96,2.94,3.88,0,,,,4.87,4.63,2.84,4.6,0,,,
1973-04-01,4.57,3.3,4.42,0,,,,5.3,5.95,3.92,5.86,0,,,
1973-05-01,4.85,3.46,4.71,0,,,,4.99,6.36,4.17,6.26,0,,,
1973-06-01,5.29,3.69,5.04,0,,,,5.09,6.89,4.45,6.61,0,,,
1973-07-01,5.3,3.84,5.08,0,,,,4.81,7.02,5.21,6.76,0,,,
1973-08-01,6.2,4.1,6.06,0,,,,4.87,8.37,5.52,8.25,0,,,
1973-09-01,6.15,4.28,6.1,0,,,,5.05,7.69,5.74,7.62,0,,,
1973-10-01,6.63,4.62,6.41,0,,,,5.22,7.31,5.33,6.96,0,,,
1973-11-01,7.18,4.85,6.76,0,,,,5.87,8.02,5.54,7.27,0,,,
1973-12-01,7.72,5.12,7.06,0,,,,6.2,8.56,5.79,7.51,0,,,
1974-01-01,8.43,5.57,7.49,0,,,,7.15,9.85,5.93,8.22,0,,,
1974-02-01,9.12,5.91,8.02,0,,,,7.83,9.87,6.29,7.79,0,,,
1974-03-01,9.6,6.3,8.26,0,,,,8.87,11.55,6.87,8.89,0,,,
1974-04-01,9.56,6.48,8.2,0,,,,9.71,11.86,7.64,9.45,0,,,
1974-05-01,10.1,7.09,8.68,0,,,,10.64,12.23,8.67,10.1,0,,,
1974-06-01,10.41,7.72,9.08,0,,,,10.98,12.29,9.69,10.67,0,,,
1974-07-01,10.82,8.22,9.48,0,,,,11.1,11.8,10.55,10.76,0,,,
1974-08-01,10.7,8.75,9.4,0,,,,11.05,11.53,11.27,11.03,0,,,
1974-09-01,11.41,9.18,10.13,0,,,,10.77,11.27,11.53,11.38,0,,,
1974-10-01,11.57,9.61,10.57,0,,,,10.26,11.29,11.61,11.71,0,,,
1974-11-01,11.5,9.88,10.78,0,,,,9.73,10.77,11.1,11.45,0,,,
1974-12-01,11.46,10.04,11.01,0,,,,9.22,10.65,10.4,11.36,0,,,
1975-01-01,11.09,10.14,10.94,0,,,,8.15,10.39,9.73,11.12,0,,,
1975-02-01,10.41,10.22,10.48,0,,,,7.72,9.29,9.18,9.94,0,,,
1975-03-01,9.51,9.94,9.82,0,,,,6.41,7.79,8.36,8.28,0,,,
1975-04-01,9.11,9.65,9.48,0,,,,6.16,6.98,7.73,7.29,0,,,
1975-05-01,8.48,9.07,8.87,0,,,,5.47,6.23,7.08,6.35,0,,,
1975-06-01,8.24,8.49,8.53,0,,,,5.65,5.88,6.61,5.77,0,,,
1975-07-01,8.37,8.2,8.53,0,,,,5.64,6.38,6.69,5.99,0,,,
1975-08-01,7.71,7.54,7.77,0,,,,5.63,6.15,5.92,5.64,0,,,
1975-09-01,7.13,7.16,7.1,0,,,,6.32,6.48,5.96,5.93,0,,,
1975-10-01,6.99,6.86,6.84,0,,,,6.39,7,5.99,6.39,0,,,
1975-11-01,6.87,6.78,6.69,0,,,,6.85,7.52,6.49,7.04,0,,,
1975-12-01,6.62,6.68,6.43,0,,,,6.66,7.36,6.74,7.1,0,,,
1976-01-01,6.36,6.6,6.19,0,,,,6.35,6.35,6.52,6.38,0,,,
1976-02-01,5.93,6.28,5.76,0,,,,6.06,5.7,6.64,5.88,0,,,
1976-03-01,5.73,6.07,5.62,0,,,,5.79,4.98,6.18,5.31,0,,,
1976-04-01,5.61,5.97,5.55,0,,,,5.68,4.24,5.96,4.73,0,,,
1976-05-01,5.69,6.02,5.66,0,,,,5.77,3.89,5.56,4.29,0,,,
1976-06-01,5.49,5.94,5.5,0,,,,5.77,3.66,5.14,3.92,0,,,
1976-07-01,5.13,5.87,5.26,0,,,,5.97,3.92,5.22,4.16,0,,,
1976-08-01,5.25,6.11,5.43,0,,,,6.09,4.8,5.59,4.97,0,,,
1976-09-01,5.32,6.16,5.51,0,,,,6.32,5.66,6.13,5.71,0,,,
1976-10-01,5.26,6.15,5.43,0,,,,6.3,6.29,6.34,6.15,0,,,
1976-11-01,5.06,5.93,5.18,0,,,,6.54,6.24,6.3,6.06,0,,,
1976-12-01,5.07,5.86,5.15,0,,,,6.59,6.5,6.59,6.41,0,,,
1977-01-01,5.28,5.97,5.33,0,,,,6.9,6.66,6.72,6.51,0,,,
1977-02-01,5.97,6.19,5.94,0,,,,6.78,7.15,6.8,6.92,0,,,
1977-03-01,6.34,6.29,6.25,0,,,,6.7,7.02,6.46,6.78,0,,,
1977-04-01,6.72,6.4,6.58,0,,,,6.5,7.14,6.46,7.01,0,,,
1977-05-01,6.75,6.44,6.62,0,,,,6.46,7.25,6.58,7.17,0,,,
1977-06-01,6.88,6.64,6.83,0,,,,6.66,7.26,6.7,7.26,0,,,
1977-07-01,6.89,6.72,6.87,0,,,,6.44,7.12,6.71,7.25,0,,,
1977-08-01,6.8,6.62,6.79,0,,,,6.3,6.45,6.45,6.66,0,,,
1977-09-01,6.6,6.45,6.6,0,,,,6.08,6.19,6.45,6.41,0,,,
1977-10-01,6.54,6.44,6.54,0,,,,6,5.94,6.43,6.07,0,,,
1977-11-01,6.67,6.51,6.68,0,,,,6.06,6.08,6.44,6.19,0,,,
1977-12-01,6.59,6.48,6.59,0,,,,6.2,5.93,6.27,5.93,0,,,
1978-01-01,6.6,6.47,6.65,0,,6.39,5.7,6.29,6.08,6.23,6.06,0,,6.15,5.43
1978-02-01,6.26,6.23,6.39,0,,6.18,5.57,6.53,6.08,6,6.11,0,,5.94,5.3
1978-03-01,6.42,6.35,6.58,0,,6.12,5.55,6.71,6.65,6.26,6.75,0,,6.14,5.5
1978-04-01,6.6,6.52,6.8,0,,6.23,5.71,6.97,7.27,6.6,7.53,0,,6.38,5.85
1978-05-01,6.83,6.6,7.05,0,,6.44,5.89,7.03,7.57,6.75,7.92,0,,6.51,6.08
1978-06-01,6.92,6.56,7.12,0,,6.38,5.91,6.97,7.93,6.84,8.33,0,,6.58,6.23
1978-07-01,6.95,6.53,7.11,0,,6.44,5.99,7.05,7.84,6.82,8.17,0,,6.73,6.55
1978-08-01,7,6.57,7.1,0,,6.39,6.03,7.12,7.92,7.14,8.1,0,,6.84,6.76
1978-09-01,7.2,6.74,7.28,0,,6.63,6.21,7.21,7.75,7.22,7.82,0,,7.12,6.93
1978-10-01,7.55,7,7.61,0,,6.89,6.54,7.44,7.84,7.4,7.7,0,,7.4,7.24
1978-11-01,7.55,7.02,7.57,0,,6.92,6.65,7.27,7.52,7.29,7.22,0,,7.34,7.22
1978-12-01,7.53,6.89,7.5,0,,6.98,6.71,7.17,7.13,6.93,6.67,0,,7.39,7.18
1979-01-01,7.7,6.8,7.64,0,,7.19,7.02,7.61,7.57,6.77,7.11,0,,7.66,7.5
1979-02-01,7.78,6.74,7.64,0,,7.39,7.21,7.63,7.63,6.33,7.19,0,,7.95,7.66
1979-03-01,7.92,6.77,7.57,0,,7.46,7.25,7.53,8.09,6.32,7.33,0,,7.81,7.57
1979-04-01,8.23,7.06,7.62,0,,7.4,7.25,7.43,8.61,6.73,7.55,0,,7.4,7.27
1979-05-01,8.57,7.36,7.74,0,,7.53,7.35,7.43,9.63,7.43,8.25,0,,7.72,7.48
1979-06-01,8.76,7.36,7.62,0,,7.68,7.39,7.45,10.41,7.8,8.56,0,,7.97,7.6
1979-07-01,8.99,7.27,7.6,0,,7.78,7.5,7.78,10.43,7.78,8.09,0,,7.9,7.5
1979-08-01,9.27,7.41,7.67,0,,8.04,7.68,8.09,10.94,8.5,8.16,0,,8.13,7.71
1979-09-01,9.61,7.52,7.84,0,,8.12,7.8,8.35,11.16,8.73,8.36,0,,8.44,8.03
1979-10-01,9.63,7.52,7.84,0,,8.28,7.89,8.86,10.66,8.31,8.13,0,,9.17,8.52
1979-11-01,9.77,7.62,7.97,0,,8.33,7.89,9.42,9.91,7.82,7.7,0,,8.93,8.3
1979-12-01,10.18,7.98,8.34,0,,8.51,8.04,9.73,9.95,8.16,8.12,0,,9.06,8.49
1980-01-01,10.5,8.24,8.31,0,,8.72,8.15,10.12,10.57,8.72,8.54,0,,9.55,8.81
1980-02-01,11.1,8.97,8.7,0,,8.88,8.35,10.35,11.27,9.44,9.25,0,,9.65,9
1980-03-01,11.6,9.35,9.08,0,,9.1,8.6,10.06,12.03,9.97,9.81,0,,9.76,9.17
1980-04-01,11.02,8.9,8.77,0,,9.21,8.55,9.57,11.38,9.5,9.42,0,,9.25,8.59
1980-05-01,10.74,8.84,8.75,0,,9.19,8.56,9.35,11.56,9.86,9.81,0,,9.45,8.81
1980-06-01,10.52,8.95,8.9,0,,9.34,8.72,9.09,11.1,9.74,9.69,0,,9.62,8.95
1980-07-01,10.54,9.16,9.22,0,,9.25,8.6,8.84,10.51,9.62,9.91,0,,8.95,8.39
1980-08-01,10.61,9.23,9.59,0,,9.2,8.57,8.85,9.96,9.02,9.93,0,,8.76,8.13
1980-09-01,10.66,9.51,9.9,0,,9.3,8.66,8.96,9.3,9.06,9.99,0,,8.83,8.16
1980-10-01,10.64,9.61,9.97,0,,9.18,8.57,8.67,9.91,9.73,10.53,0,,9.12,8.55
1980-11-01,10.78,9.78,10.19,0,,9.22,8.64,8.64,9.99,9.69,10.56,0,,8.99,8.47
1980-12-01,10.57,9.65,10.05,0,,9.25,8.64,8.65,10.03,9.55,10.41,0,,8.88,8.34
1981-01-01,10.47,9.76,10.1,0,,9.11,8.59,8.8,10.43,9.91,10.28,0,,9.27,8.79
1981-02-01,10.39,9.47,9.9,0,,9.11,8.6,8.71,10.82,9.93,9.88,0,,9.46,9.06
1981-03-01,9.81,9.07,9.47,0,,9,8.41,8.24,10.33,9.09,8.95,0,,9.16,8.66
1981-04-01,9.72,9.21,9.46,0,,9.04,8.5,8.05,9.53,8.69,8.4,0,,8.96,8.46
1981-05-01,9.36,9.08,9.18,0,,8.77,8.32,7.84,8.74,8.48,7.81,0,,8.55,8.18
1981-06-01,9.11,8.9,8.95,0,,8.5,8.07,7.63,8.2,8.26,7.51,0,,8.13,7.8
1981-07-01,8.92,8.8,8.78,0,,8.61,8.1,7.64,7.43,7.69,7.3,0,,7.97,7.41
1981-08-01,8.7,8.74,8.55,0,,8.51,8.01,7.56,6.61,7.56,7.24,0,,7.56,6.97
1981-09-01,8.35,8.43,8.16,0,,8.31,7.82,7.46,6.42,7.77,7.37,0,,7.46,6.99
1981-10-01,7.98,8.18,7.78,0,,8.08,7.62,7.21,6.45,7.68,7.16,0,,7.21,6.79
1981-11-01,7.68,7.97,7.46,0,,7.85,7.41,6.85,6.64,7.46,7.12,0,,7.16,6.64
1981-12-01,7.32,7.72,7.16,0,,7.6,7.14,6.42,6.45,7.18,6.81,0,,7.08,6.49
1982-01-01,6.93,7.45,7.05,0,,7.32,6.83,6.37,6.43,7.2,6.79,0,,6.68,6.25
1982-02-01,6.18,7.08,6.75,0,,6.87,6.38,6.16,5.74,6.6,6.28,0,,6.17,5.79
1982-03-01,5.71,6.95,6.58,0,,6.59,6.2,5.88,5.01,6.14,5.79,0,,5.72,5.41
1982-04-01,5.31,6.69,6.37,0,,6.2,5.86,5.82,4.17,5.71,5.58,0,,5.2,4.93
1982-05-01,5.46,6.54,6.41,0,,6.16,5.77,5.88,4.29,5.63,5.7,0,,5.16,4.91
1982-06-01,5.8,6.54,6.44,0,,6.15,5.74,5.9,5.16,5.91,6.07,0,,5.23,4.99
1982-07-01,5.79,6.59,6.31,0,,6.11,5.76,5.74,5.15,5.98,5.84,0,,5.55,5.28
1982-08-01,5.46,6.37,5.96,0,,5.9,5.49,5.42,5.17,6.14,5.65,0,,5.63,5.19
1982-09-01,5.11,6.07,5.67,0,,5.65,5.13,5.4,5.21,6,5.55,0,,5.58,4.86
1982-10-01,5.23,6.11,5.8,0,,5.58,5.06,5.47,6.29,6.51,6.03,0,,5.97,5.19
1982-11-01,4.98,5.88,5.58,0,,5.31,4.78,5.18,5.68,6.13,5.46,0,,5.46,4.66
1982-12-01,4.81,5.83,5.51,0,,5.15,4.61,5.08,4.47,5.75,4.96,0,,5.06,4.23
1983-01-01,4.68,5.9,5.4,0,,5.16,4.64,5.08,4.21,5.82,4.97,0,,4.77,4
1983-02-01,4.54,5.89,5.32,0,,5.12,4.57,4.74,3.92,5.63,4.98,0,,4.63,3.95
1983-03-01,4.41,5.56,5.15,0,,4.89,4.33,4.49,3.61,5.12,4.76,0,,4.2,3.81
1983-04-01,4.83,5.46,5.11,0,,5.09,4.47,4.36,3.4,4.43,4.19,0,,4.22,3.75
1983-05-01,4.51,5.04,4.66,0,,4.81,4.24,4.06,3.36,3.96,3.86,0,,4.16,3.82
1983-06-01,4.15,5.01,4.5,0,,4.59,4.06,3.98,3.82,4.27,4.05,0,,4.13,3.89
1983-07-01,4.12,5.03,4.53,0,,4.3,3.79,4.13,4.02,4.25,4.1,0,,3.84,3.58
1983-08-01,4.24,5.09,4.62,0,,4.19,3.7,4.09,4.56,4.55,4.25,0,,3.75,3.45
1983-09-01,4.32,5.13,4.68,0,,4.18,3.79,4.12,5.02,5.13,4.61,0,,4.15,3.77
1983-10-01,3.91,4.65,4.28,0,,3.94,3.56,4.14,4.42,4.87,4.38,0,,3.65,3.37
1983-11-01,3.74,4.51,4.15,0,,4.1,3.67,4.11,4.13,5.06,4.44,0,,4.04,3.53
1983-12-01,3.64,4.25,3.97,0,,3.97,3.63,3.93,3.47,4.24,3.88,0,,3.82,3.37
1984-01-01,3.61,3.89,3.83,0,,3.93,3.59,4.08,3.2,3.53,3.57,0,,4.02,3.59
1984-02-01,4.13,4.16,4.15,0,,4.01,3.64,4.06,3.71,3.76,4.05,0,,4.27,3.83
1984-03-01,4.34,4.42,4.26,0,,4.21,3.79,3.89,3.66,3.71,3.91,0,,4.26,3.8
1984-04-01,4.26,4.6,4.35,0,,4.18,3.78,3.86,4.1,4.32,4.32,0,,4.71,4.18
1984-05-01,4.1,4.69,4.32,0,,4.16,3.7,3.63,4.07,4.32,4.2,0,,4.29,3.86
1984-06-01,3.9,4.45,4.18,0,,4.21,3.7,3.54,4.32,4.66,4.47,0,,4.6,4.04
1984-07-01,3.68,4.19,4.05,0,,4.26,3.79,3.59,4.16,4.86,4.52,0,,4.51,4
1984-08-01,3.56,4,4,0,,4.32,3.88,3.54,3.41,4.24,3.95,0,,4.37,3.93
1984-09-01,3.34,3.74,3.71,0,,4.34,3.86,3.49,3.01,3.77,3.51,0,,4.43,3.92
1984-10-01,3.4,3.79,3.7,0,,4.42,3.94,3.52,2.71,3.26,3.08,0,,4.14,3.69
1984-11-01,3.4,3.77,3.66,0,,4.26,3.77,3.59,2.74,3.22,3.13,0,,4.24,3.67
1984-12-01,3.64,4.1,3.91,0,,4.49,3.88,3.71,2.96,3.55,3.35,0,,4.38,3.72
1985-01-01,3.7,4.34,4,0,,4.37,3.73,3.88,3.25,3.82,3.47,0,,4.22,3.46
1985-02-01,3.49,4.22,3.83,0,,4.42,3.82,4.06,3.57,4.21,3.71,0,,4.46,3.72
1985-03-01,3.56,4.19,3.84,0,,4.37,3.82,3.97,4.1,4.62,4.16,0,,4.31,3.72
1985-04-01,3.31,3.83,3.5,0,,4.13,3.61,3.77,3.91,4.4,3.91,0,,4.11,3.54
1985-05-01,3.43,3.94,3.62,0,,4.26,3.7,3.66,4.11,4.67,4.11,0,,4.28,3.72
1985-06-01,3.52,4.04,3.66,0,,4.29,3.76,3.68,4.09,4.54,3.96,0,,4.2,3.79
1985-07-01,3.41,3.9,3.45,0,,4.09,3.55,3.51,3.57,3.98,3.43,0,,3.96,3.64
1985-08-01,3.43,4.07,3.48,0,,4.08,3.54,3.62,3.29,3.92,3.26,0,,3.71,3.36
1985-09-01,3.47,4.12,3.55,0,,3.98,3.5,3.67,2.83,3.63,2.95,0,,3.64,3.28
1985-10-01,3.39,4.05,3.52,0,,3.96,3.46,3.7,2.88,3.71,3.12,0,,3.81,3.38
1985-11-01,3.55,4.09,3.62,0,,3.97,3.62,3.61,2.99,3.51,3.13,0,,3.66,3.51
1985-12-01,3.6,3.96,3.59,0,,3.93,3.62,3.47,3.12,3.38,3.22,0,,3.65,3.45
1986-01-01,3.56,3.94,3.56,0,,4.01,3.72,3.45,3.56,3.89,3.69,0,,4.07,3.8
1986-02-01,3.09,3.67,3.28,0,,3.81,3.47,3.27,2.88,3.41,3.3,0,,3.9,3.58
1986-03-01,2.46,3.62,3.19,0,,3.7,3.28,3.18,2.08,3.62,3.43,0,,3.75,3.28
1986-04-01,2.1,3.69,3.27,0,,3.83,3.33,3.16,1.33,3.66,3.41,0,,3.85,3.28
1986-05-01,2.05,3.51,3.16,0,,3.68,3.26,3.27,1.11,3.51,3.2,0,,3.7,3.02
1986-06-01,2.15,3.47,3.19,0,,3.66,3.24,3.4,1.19,3.56,3.17,0,,3.67,3.04
1986-07-01,1.92,3.36,3.17,0,,3.68,3.27,3.37,0.31,2.83,2.66,0,,3.29,2.75
1986-08-01,1.72,3.07,3.05,0,,3.59,3.19,3.44,0.56,2.72,2.81,0,,3.28,2.79
1986-09-01,1.88,3.19,3.13,0,,3.62,3.2,3.48,1.67,2.77,2.83,0,,3.49,3.13
1986-10-01,1.89,3.38,3.21,0,,3.74,3.27,3.55,2.45,3.1,3.01,0,,3.62,3.26
1986-11-01,1.78,3.34,3.15,0,,3.74,3.2,3.62,2.44,3.18,3.11,0,,3.77,3.37
1986-12-01,1.58,3.2,2.95,0,,3.63,3.13,3.69,1.96,2.83,2.72,0,,3.59,3.22
1987-01-01,1.59,2.89,2.75,0,,3.64,3.16,3.91,2.87,2.95,2.84,0,,3.99,3.57
1987-02-01,1.94,2.83,2.74,0.23,,3.7,3.22,3.84,3.34,2.95,2.67,0.46,,4.13,3.64
1987-03-01,2.44,2.83,2.75,0.62,,3.84,3.41,3.89,3.21,2.88,2.66,1.24,,4.18,3.68
1987-04-01,3.03,3.07,2.96,0.96,,3.98,3.57,3.87,3.61,3.05,2.9,1.92,,4.34,3.89
1987-05-01,3.1,3.19,3.12,1.25,,4.09,3.66,3.84,3.76,3.19,3.12,2.52,,4.41,3.95
1987-06-01,3.11,3.16,3.14,1.56,,4,3.6,3.92,4.27,3.49,3.56,3.15,,4.41,3.97
1987-07-01,3.32,3.24,3.08,1.87,,4.09,3.59,3.89,3.77,3.53,3.32,3.78,,4.19,3.61
1987-08-01,3.6,3.38,3.13,2.14,,4.29,3.74,3.92,3.86,3.81,3.6,3.85,,4.45,3.83
1987-09-01,3.61,3.45,3.23,2.6,,4.24,3.71,3.97,4.01,4.02,3.8,3.97,,4.29,3.74
1987-10-01,3.75,3.54,3.32,2.96,,4.17,3.73,3.9,3.9,4.02,3.74,4.01,,4,3.57
1987-11-01,3.76,3.53,3.3,3.24,,4.18,3.72,3.93,3.76,3.87,3.47,3.96,,3.94,3.5
1987-12-01,3.81,3.62,3.4,3.34,,4.13,3.62,4.05,3.36,3.74,3.25,3.52,,3.85,3.28
1988-01-01,3.73,3.86,3.56,3.87,4.07,4.21,3.62,4.45,3.68,4.19,3.8,3.96,4.3,4.22,3.62
1988-02-01,3.52,3.86,3.53,3.84,4.03,4.19,3.57,4.5,3.18,3.91,3.47,3.84,4.1,3.93,3.31
1988-03-01,3.6,4,3.65,3.96,4.08,4.15,3.56,4.59,3.19,3.97,3.49,3.94,4.17,4.01,3.37
1988-04-01,3.72,4.06,3.77,4.16,4.18,4.03,3.51,4.65,3.54,4.09,3.81,4.3,4.28,4.07,3.45
1988-05-01,3.75,4.12,3.77,4.21,4.21,3.99,3.49,4.53,3.75,4.37,4.06,4.45,4.44,4.04,3.47
1988-06-01,3.8,4.27,3.88,4.29,4.33,4.11,3.59,4.51,4.24,4.81,4.52,5.07,4.85,4.37,3.91
1988-07-01,4.07,4.43,4.2,4.37,4.43,4.23,3.77,4.55,4.45,4.68,4.59,4.78,4.55,4.23,3.92
1988-08-01,3.96,4.34,4.12,4.25,4.29,4.13,3.71,4.48,4.76,4.77,4.78,4.65,4.47,4.32,4.12
1988-09-01,4.12,4.48,4.31,4.36,4.39,4.26,3.87,4.57,5.06,4.99,5.13,4.77,4.62,4.5,4.37
1988-10-01,4.13,4.43,4.35,4.5,4.41,4.22,3.82,4.49,4.72,4.77,4.89,4.7,4.54,4.38,4.2
1988-11-01,4.17,4.5,4.41,4.47,4.45,4.25,3.87,4.33,4.6,4.63,4.75,4.49,4.45,4.46,4.26
1988-12-01,4.3,4.63,4.52,4.81,4.65,4.3,4.01,4.39,4.36,4.44,4.52,4.55,4.46,4.24,4.12
1989-01-01,4.43,4.66,4.58,4.85,4.66,4.28,4.05,4.47,4.42,4.65,4.56,4.93,4.77,4.33,4.18
1989-02-01,4.63,4.71,4.71,4.98,4.75,4.29,4.15,4.33,4.5,4.66,4.63,5.31,5.03,4.26,4.18
1989-03-01,4.66,4.58,4.64,4.8,4.61,4.3,4.16,4.19,4.26,4.17,4.16,4.82,4.61,4.09,3.95
1989-04-01,4.84,4.42,4.54,4.61,4.48,4.29,4.16,4.04,4.96,4.07,4.19,4.52,4.42,4.21,4.11
1989-05-01,4.92,4.38,4.55,4.6,4.51,4.39,4.24,3.96,5.24,4.12,4.35,4.72,4.57,4.33,4.22
1989-06-01,4.71,4.22,4.37,4.51,4.42,4.26,4.13,3.97,5.05,3.99,4.22,4.47,4.38,4.29,4.14
1989-07-01,4.45,4.06,4.17,4.46,4.39,4.24,4.04,3.97,4.47,3.47,3.79,3.99,4.01,4.16,3.9
1989-08-01,4.15,3.95,4.05,4.45,4.39,4.16,3.95,3.8,3.81,3.24,3.48,3.59,3.75,4.07,3.72
1989-09-01,3.88,3.75,3.79,4.35,4.29,4.09,3.8,3.86,3.5,3.34,3.43,3.89,3.98,4.08,3.64
1989-10-01,3.94,3.73,3.79,4.23,4.27,4.26,3.94,3.94,2.93,3.39,3.4,3.95,4.13,4.31,3.76
1989-11-01,3.93,3.72,3.82,4.3,4.31,4.27,3.92,4.06,2.63,3.33,3.29,3.89,4.05,4.22,3.63
1989-12-01,3.91,3.68,3.78,4.14,4.21,4.33,3.94,4.25,2.78,3.36,3.34,3.81,4.03,4.36,3.75
1990-01-01,4.16,3.55,3.76,4.01,4.09,4.25,3.85,4.33,3.84,3.63,3.72,4.03,4.16,4.34,3.81
1990-02-01,4.27,3.79,4.01,4.33,4.29,4.26,3.82,4.38,4.74,4.34,4.54,5.07,4.84,4.45,3.91
1990-03-01,4.28,3.98,4.12,4.57,4.58,4.45,3.95,4.34,5.06,4.62,4.8,5.25,5.18,4.81,4.25
1990-04-01,3.8,3.94,3.94,4.52,4.55,4.41,3.9,4.21,4.68,4.49,4.48,5.1,4.98,4.52,4.04
1990-05-01,3.66,3.95,3.88,4.58,4.56,4.29,3.8,4.25,4.7,4.57,4.48,5.27,5.08,4.36,3.98
1990-06-01,3.89,4.07,4.06,4.56,4.64,4.47,3.94,4.22,5.01,4.79,4.79,5.3,5.26,4.58,4.13
1990-07-01,3.9,4.07,4.03,4.61,4.7,4.46,3.96,4.2,3.95,4.51,4.33,5.19,5.25,4.59,4.11
1990-08-01,4.58,4.36,4.3,4.87,4.95,4.6,4.14,4.13,4.42,4.37,4.05,4.67,5.06,4.76,4.37
1990-09-01,4.98,4.36,4.34,4.76,4.83,4.53,4.13,4.01,4.91,4.09,3.89,4.27,4.48,4.25,4.01
1990-10-01,5.17,4.33,4.31,4.81,4.8,4.38,4.01,3.9,5.67,4.18,4.13,4.52,4.61,4.24,3.99
1990-11-01,5.08,4.18,4.17,4.71,4.65,4.29,3.88,3.74,5.46,3.8,3.86,4.16,4.21,4.23,3.79
1990-12-01,4.87,4.03,3.97,4.63,4.55,4.26,3.84,3.72,4.73,3.28,3.15,3.96,3.85,3.94,3.55
1991-01-01,4.48,4.15,4.11,4.94,4.81,4.2,3.82,3.86,5.01,3.79,3.89,4.7,4.37,3.81,3.53
1991-02-01,4.08,3.93,3.87,4.66,4.62,4.04,3.73,3.71,3.73,3.5,3.68,4.66,4.17,3.34,3.09
1991-03-01,3.71,3.65,3.62,4.46,4.32,3.7,3.43,3.56,2.52,3.21,3.35,4.65,4.16,3.16,2.86
1991-04-01,3.68,3.55,3.61,4.44,4.28,3.63,3.35,3.52,1.72,2.92,3.1,4.37,3.94,3.02,2.72
1991-05-01,3.87,3.65,3.74,4.48,4.31,3.74,3.45,3.46,2.31,3.49,3.62,4.81,4.4,3.25,3.12
1991-06-01,3.59,3.47,3.5,4.44,4.14,3.46,3.23,3.34,2.46,3.66,3.85,4.93,4.43,2.98,2.91
1991-07-01,3.5,3.52,3.46,4.48,4.1,3.29,3.1,3.29,2,3.25,3.03,4.27,3.83,2.77,2.67
1991-08-01,3.05,3.38,3.25,4.38,3.93,3.06,2.91,3.29,2.38,3.25,2.83,4.1,3.68,2.78,2.73
1991-09-01,2.78,3.43,3.26,4.57,4.09,3.04,2.9,3.3,3.04,3.65,3.17,4.48,4.01,2.93,2.93
1991-10-01,2.38,3.31,3.13,4.38,3.97,2.99,2.83,3.23,3.05,3.69,3.16,4.4,4.01,2.96,2.94
1991-11-01,2.48,3.37,3.18,4.34,4,3.06,2.97,3.2,2.65,3.25,2.75,3.87,3.6,2.86,2.82
1991-12-01,2.64,3.48,3.32,4.35,4.04,3.06,3,3.18,2.82,3.31,2.8,3.78,3.65,3.14,3.09
1992-01-01,2.39,3.25,2.92,3.97,3.72,2.96,2.88,3.1,2.77,3.25,2.81,3.68,3.61,3.15,3.1
1992-02-01,2.6,3.25,2.9,3.9,3.67,3.03,2.9,3.09,2.82,3.24,2.96,3.7,3.66,3.29,3.07
1992-03-01,2.82,3.29,2.96,3.84,3.64,3.09,2.99,3.07,2.61,2.93,2.75,3.19,3.27,3.26,3.04
1992-04-01,2.91,3.42,3.04,3.9,3.69,3.04,2.94,3.04,2.78,3.15,2.92,3.4,3.37,3.11,2.94
1992-05-01,2.63,3.16,2.76,3.62,3.45,2.86,2.8,2.87,2.6,3.06,2.77,3.36,3.29,2.85,2.78
1992-06-01,2.63,3.01,2.67,3.44,3.3,2.82,2.8,2.82,2.45,2.71,2.53,3.1,2.95,2.5,2.52
1992-07-01,2.81,3.09,2.77,3.47,3.34,2.82,2.82,2.85,2.85,2.93,2.74,3.27,3.07,2.49,2.54
1992-08-01,2.71,2.9,2.73,3.19,3.12,2.84,2.75,2.8,2.6,2.56,2.49,2.68,2.57,2.39,2.43
1992-09-01,2.52,2.66,2.55,2.91,2.84,2.8,2.61,2.75,2.44,2.38,2.35,2.64,2.42,2.34,2.18
1992-10-01,2.7,2.82,2.68,3.1,2.99,2.86,2.64,2.71,2.61,2.5,2.44,2.79,2.61,2.6,2.34
1992-11-01,2.67,2.86,2.69,3.16,3.04,2.84,2.61,2.64,2.74,2.66,2.61,2.95,2.78,2.83,2.44
1992-12-01,2.59,2.8,2.63,3.09,2.95,2.77,2.5,2.64,2.74,2.88,2.72,3.08,2.96,3.05,2.49
1993-01-01,2.7,2.81,2.66,3.04,2.93,2.81,2.5,2.68,2.56,2.7,2.59,2.81,2.8,3.12,2.46
1993-02-01,2.6,2.73,2.54,2.83,2.76,2.8,2.51,2.7,2.59,2.91,2.59,2.99,2.96,3.22,2.59
1993-03-01,2.56,2.7,2.53,2.73,2.68,2.79,2.45,2.73,2.68,3.02,2.7,2.81,2.94,3.25,2.72
1993-04-01,2.56,2.66,2.53,2.63,2.62,2.89,2.52,2.77,2.5,2.83,2.62,2.47,2.63,3.17,2.69
1993-05-01,2.74,2.86,2.81,2.81,2.77,2.97,2.57,2.68,2.73,3.07,3.01,2.66,2.76,3.12,2.7
1993-06-01,2.59,2.88,2.77,2.78,2.76,3.01,2.54,2.46,2.44,2.89,2.81,2.48,2.57,2.97,2.58
1993-07-01,2.42,2.71,2.63,2.57,2.59,3,2.5,2.36,2.27,2.71,2.66,2.33,2.38,2.87,2.54
1993-08-01,2.45,2.81,2.66,2.75,2.72,2.99,2.49,2.3,2.31,2.71,2.73,2.51,2.49,2.76,2.38
1993-09-01,2.39,2.79,2.62,2.59,2.63,2.91,2.53,2.32,2.11,2.57,2.53,2.37,2.33,2.57,2.34
1993-10-01,2.35,2.57,2.48,2.3,2.37,2.8,2.49,2.36,2.21,2.31,2.34,2.12,2.12,2.43,2.28
1993-11-01,2.35,2.61,2.52,2.32,2.37,2.72,2.43,2.35,1.96,2.14,2.04,1.97,1.98,2.32,2.15
1993-12-01,2.19,2.46,2.41,2.14,2.23,2.68,2.4,2.31,1.94,2.04,2.02,1.81,1.9,2.39,2.22
1994-01-01,1.98,2.25,2.22,1.86,2,2.65,2.36,2.37,1.68,1.78,1.77,1.4,1.62,2.43,2.18
1994-02-01,2.06,2.27,2.25,1.95,2.09,2.67,2.35,2.42,1.81,1.84,1.76,1.4,1.69,2.59,2.32
1994-03-01,2.13,2.4,2.31,2.09,2.21,2.73,2.41,2.44,2.15,2.23,2.1,1.82,2.09,2.89,2.47
1994-04-01,1.98,2.25,2.15,2,2.13,2.62,2.3,2.39,1.76,2.2,1.97,1.88,2.13,2.82,2.33
1994-05-01,1.81,2.14,1.98,1.9,2.05,2.66,2.27,2.42,1.67,2.13,1.92,1.82,2.11,2.99,2.39
1994-06-01,2.03,2.27,2.14,2.09,2.19,2.68,2.34,2.41,2.12,2.49,2.26,2.36,2.49,2.97,2.45
1994-07-01,2.19,2.27,2.19,2.04,2.16,2.67,2.35,2.34,2.69,2.76,2.62,2.69,2.72,2.92,2.51
1994-08-01,2.25,2.19,2.13,1.88,2.06,2.66,2.34,2.23,2.69,2.54,2.49,2.37,2.43,2.74,2.36
1994-09-01,2.25,2.19,2.12,1.85,2.03,2.7,2.32,2.18,2.35,2.16,2.14,1.89,1.97,2.51,2.16
1994-10-01,2.11,2.27,2.11,1.92,2.09,2.69,2.26,2.18,2.46,2.33,2.24,1.96,2.05,2.56,2.2
1994-11-01,2.11,2.19,2.05,1.77,1.98,2.73,2.28,2.16,2.55,2.25,2.17,1.71,1.85,2.46,2.18
1994-12-01,2.15,2.18,2.05,1.75,1.97,2.68,2.25,2.11,2.18,1.87,1.84,1.14,1.45,2.38,2.05
1995-01-01,2.32,2.35,2.22,2.14,2.29,2.79,2.35,2.19,1.95,1.95,1.82,1.6,1.87,2.67,2.2
1995-02-01,2.27,2.3,2.23,2.07,2.22,2.71,2.29,2.26,1.85,2.05,1.96,1.77,2.01,2.68,2.22
1995-03-01,2.17,2.2,2.14,1.96,2.12,2.7,2.25,2.28,1.99,2.24,2.13,2.04,2.28,2.89,2.34
1995-04-01,2.32,2.28,2.28,2.03,2.2,2.75,2.31,2.25,2.18,2.24,2.31,2.1,2.34,2.94,2.42
1995-05-01,2.33,2.23,2.2,1.91,2.11,2.62,2.27,2.15,2.11,2.21,2.23,2.11,2.37,2.79,2.36
1995-06-01,2.18,2.09,2.05,1.69,1.96,2.59,2.19,2.06,2.18,2.32,2.26,2.24,2.47,2.8,2.33
1995-07-01,1.99,2.04,1.96,1.65,1.94,2.59,2.16,2.04,2.02,2.13,2.11,1.7,2,2.51,2.13
1995-08-01,1.97,2.17,2.1,1.84,2.09,2.61,2.21,2.07,2.1,2.29,2.23,1.9,2.17,2.54,2.21
1995-09-01,1.93,2.15,2.07,1.88,2.15,2.63,2.23,2,1.86,2.06,2,1.72,2.03,2.38,2.11
1995-10-01,2.02,2.16,2.15,1.88,2.16,2.69,2.32,2.03,1.86,2.08,1.99,1.65,1.99,2.45,2.21
1995-11-01,1.82,2.04,2.02,1.73,2.05,2.65,2.27,1.92,1.54,1.86,1.81,1.36,1.74,2.5,2.19
1995-12-01,1.95,2.14,2.1,1.83,2.14,2.68,2.31,1.93,1.73,1.97,1.94,1.42,1.81,2.56,2.29
1996-01-01,1.97,2.01,2.01,1.43,1.79,2.55,2.25,1.94,1.93,1.88,1.91,1.17,1.59,2.59,2.38
1996-02-01,1.95,1.97,1.98,1.45,1.8,2.52,2.25,2.01,1.81,1.66,1.73,1,1.43,2.51,2.3
1996-03-01,2.07,1.96,2,1.41,1.77,2.47,2.26,2.09,2.28,1.86,2.01,1.1,1.52,2.57,2.4
1996-04-01,2.11,1.86,1.91,1.29,1.65,2.42,2.22,2.06,2.37,1.64,1.84,0.93,1.32,2.39,2.24
1996-05-01,2.13,1.86,1.94,1.31,1.66,2.5,2.25,2.02,2.73,1.87,2.07,1.26,1.57,2.51,2.31
1996-06-01,2.03,1.85,1.95,1.32,1.66,2.53,2.29,1.99,2.33,1.74,1.96,1.22,1.51,2.5,2.28
1996-07-01,2.12,1.88,2.03,1.27,1.62,2.59,2.32,2.02,2.31,1.89,2.15,1.38,1.66,2.59,2.26
1996-08-01,1.99,1.73,1.9,1.03,1.42,2.6,2.31,2.02,2.18,1.8,2.07,1.06,1.42,2.69,2.31
1996-09-01,2.21,1.9,2.09,1.19,1.54,2.63,2.36,2.05,2.14,1.94,2.17,1.27,1.56,2.69,2.32
1996-10-01,2.26,1.9,2.08,1.17,1.5,2.6,2.34,2.03,2.15,2.15,2.32,1.41,1.69,2.81,2.44
1996-11-01,2.44,1.96,2.17,1.27,1.57,2.64,2.39,1.91,2.16,2.06,2.27,1.27,1.56,2.77,2.48
1996-12-01,2.36,1.86,2.07,1.18,1.48,2.65,2.38,1.81,2.4,1.98,2.18,1.13,1.45,2.8,2.48
1997-01-01,2.27,1.85,2.06,1.28,1.56,2.68,2.35,1.77,2.23,1.82,1.96,1.18,1.47,2.77,2.44
1997-02-01,2.32,1.93,2.11,1.26,1.57,2.7,2.36,1.81,2.46,2.06,2.16,1.47,1.71,2.71,2.4
1997-03-01,2.12,1.94,2.05,1.35,1.62,2.69,2.31,1.74,2.1,1.93,1.92,1.42,1.68,2.7,2.29
1997-04-01,1.92,2,2.04,1.39,1.68,2.69,2.31,1.66,1.69,1.85,1.75,1.37,1.67,2.57,2.17
1997-05-01,1.69,1.9,1.93,1.26,1.57,2.56,2.22,1.56,1.23,1.73,1.58,1.25,1.58,2.35,1.97
1997-06-01,1.83,1.97,1.99,1.37,1.66,2.59,2.22,1.54,1.26,1.95,1.8,1.61,1.88,2.37,1.95
1997-07-01,1.67,1.85,1.83,1.23,1.56,2.54,2.13,1.46,1.11,1.87,1.7,1.28,1.64,2.32,1.83
1997-08-01,1.66,1.72,1.67,1.12,1.48,2.49,2.06,1.43,0.85,1.37,1.19,0.78,1.24,2.27,1.72
1997-09-01,1.61,1.62,1.59,1.02,1.4,2.49,2.05,1.51,1.13,1.31,1.27,0.63,1.13,2.29,1.81
1997-10-01,1.44,1.53,1.48,0.86,1.27,2.45,1.9,1.53,1.19,1.22,1.22,0.35,0.86,2.33,1.63
1997-11-01,1.26,1.43,1.41,0.73,1.18,2.37,1.8,1.47,1.3,1.14,1.23,0.21,0.78,2.39,1.64
1997-12-01,1.13,1.45,1.35,0.83,1.27,2.32,1.73,1.49,0.99,0.96,0.91,0.05,0.65,2.27,1.5
1998-01-01,1.04,1.5,1.39,0.81,1.26,2.28,1.66,1.5,0.97,1.13,1.08,0.34,0.88,2.25,1.49
1998-02-01,0.78,1.38,1.19,0.77,1.22,2.29,1.61,1.49,0.71,1.38,1.2,0.76,1.19,2.31,1.49
1998-03-01,0.69,1.24,1.13,0.55,1.06,2.28,1.65,1.58,0.26,1.18,1,0.48,1,2.26,1.49
1998-04-01,0.72,1.23,1.15,0.5,1.01,2.29,1.63,1.56,0.24,1.24,1.07,0.66,1.16,2.25,1.63
1998-05-01,0.9,1.26,1.19,0.55,1.06,2.4,1.71,1.42,0.51,1.38,1.15,0.89,1.33,2.41,1.78
1998-06-01,0.69,0.98,0.91,0.16,0.76,2.29,1.64,1.3,0.38,1,0.92,0.26,0.86,2.32,1.78
1998-07-01,0.88,1.19,1.1,0.5,1.02,2.31,1.69,1.27,0.78,1.26,1.12,0.65,1.17,2.38,1.88
1998-08-01,0.93,1.43,1.32,0.81,1.28,2.42,1.75,1.27,1.16,1.49,1.45,0.87,1.37,2.53,2.01
1998-09-01,0.63,1.21,1.07,0.52,1.05,2.4,1.7,1.27,1.01,1.24,1.15,0.56,1.11,2.55,1.91
1998-10-01,0.72,1.25,1.14,0.68,1.2,2.39,1.77,1.25,1.2,1.26,1.2,0.7,1.24,2.53,1.9
1998-11-01,0.72,1.24,1.11,0.72,1.21,2.42,1.78,1.21,0.94,1.1,1.07,0.54,1.09,2.44,1.79
1998-12-01,0.84,1.35,1.27,0.84,1.31,2.47,1.81,1.16,1.31,1.7,1.62,1.42,1.75,2.62,1.84
1999-01-01,0.94,1.34,1.27,0.89,1.33,2.48,1.84,1.21,1.1,1.42,1.42,1.12,1.49,2.58,1.8
1999-02-01,0.93,1.22,1.22,0.75,1.21,2.43,1.8,1.18,0.7,0.96,0.99,0.63,1.05,2.32,1.59
1999-03-01,0.99,1.14,1.13,0.7,1.15,2.4,1.72,1.27,0.97,1.05,1.11,0.85,1.2,2.25,1.54
1999-04-01,1.35,1.22,1.19,0.85,1.26,2.42,1.77,1.43,1.51,1.18,1.18,1,1.29,2.32,1.64
1999-05-01,1.28,1.22,1.19,0.85,1.25,2.38,1.73,1.41,1.63,1.33,1.32,1.15,1.41,2.33,1.66
1999-06-01,1.4,1.4,1.36,1.11,1.43,2.43,1.76,1.43,1.49,1.09,1.1,0.8,1.11,2.24,1.67
1999-07-01,1.42,1.29,1.28,0.9,1.25,2.41,1.79,1.55,1.74,1.17,1.14,0.68,1.01,2.25,1.78
1999-08-01,1.46,1.15,1.15,0.63,1.02,2.35,1.75,1.61,2.23,1.34,1.31,0.63,0.99,2.38,1.91
1999-09-01,1.89,1.43,1.47,0.95,1.27,2.35,1.8,1.74,2.81,1.81,1.84,1.05,1.34,2.45,2.06
1999-10-01,1.83,1.41,1.43,0.9,1.2,2.32,1.81,1.75,2.16,1.64,1.67,0.8,1.11,2.32,1.97
1999-11-01,1.92,1.49,1.51,0.98,1.28,2.36,1.84,1.79,2.21,1.64,1.7,0.8,1.15,2.4,2.02
1999-12-01,2.05,1.44,1.47,0.9,1.21,2.34,1.88,1.82,2.63,1.79,1.84,1,1.31,2.44,2.08
2000-01-01,2.19,1.54,1.54,0.95,1.3,2.45,2,1.9,2.64,1.91,1.95,1.22,1.6,2.65,2.21
2000-02-01,2.57,1.72,1.75,1.13,1.47,2.52,2.12,1.91,2.91,2.11,2.19,1.64,1.95,2.66,2.33
2000-03-01,2.93,1.9,1.94,1.29,1.6,2.59,2.24,1.96,3.06,1.99,2.04,1.52,1.86,2.74,2.42
2000-04-01,2.35,1.71,1.77,1.01,1.37,2.57,2.18,1.92,2.54,1.78,1.86,1.21,1.63,2.83,2.38
2000-05-01,2.37,1.72,1.8,0.99,1.36,2.57,2.22,1.97,2.53,1.8,1.9,1.17,1.57,2.74,2.41
2000-06-01,2.68,1.74,1.87,0.9,1.32,2.67,2.27,2.01,2.74,1.7,1.91,0.79,1.32,2.89,2.46
2000-07-01,2.67,1.79,1.98,1.11,1.49,2.69,2.3,2.08,2.7,1.67,2.01,0.99,1.38,2.73,2.38
2000-08-01,2.48,1.87,2.05,1.29,1.65,2.67,2.32,2.07,2.04,1.64,1.92,0.95,1.36,2.68,2.31
2000-09-01,2.55,1.85,2.03,1.25,1.63,2.73,2.39,2.12,2.04,1.71,2.01,0.98,1.41,2.72,2.36
2000-10-01,2.51,1.82,2.03,1.25,1.67,2.78,2.42,2.09,2.49,1.86,2.2,1.29,1.71,2.72,2.45
2000-11-01,2.57,1.9,2.07,1.34,1.73,2.78,2.45,2.09,2.61,2,2.24,1.51,1.88,2.81,2.49
2000-12-01,2.48,1.87,2.14,1.2,1.64,2.83,2.5,2.09,2.23,2.05,2.37,1.6,1.96,2.76,2.54
2001-01-01,2.7,2.01,2.41,1.29,1.68,2.81,2.52,2.11,2.7,2.34,2.82,1.58,1.97,2.9,2.66
2001-02-01,2.54,2.04,2.43,1.29,1.7,2.9,2.54,2.01,3.04,2.44,2.95,1.63,2.03,3.12,2.76
2001-03-01,2.11,1.93,2.3,1.19,1.64,2.9,2.5,1.94,2.17,2.16,2.6,1.39,1.88,3.09,2.64
2001-04-01,2.37,2.03,2.37,1.34,1.79,2.96,2.59,1.92,2.26,2.19,2.54,1.38,1.88,3.2,2.72
2001-05-01,2.56,1.94,2.28,1.19,1.71,3.01,2.59,1.9,2.51,1.88,2.33,0.87,1.53,3.2,2.68
2001-06-01,2.39,2.09,2.41,1.46,1.94,3.04,2.67,1.91,2.56,2.14,2.45,1.31,1.92,3.32,2.81
2001-07-01,2.1,2.12,2.36,1.36,1.88,3.09,2.63,1.81,1.5,1.91,1.89,1.14,1.78,3.28,2.61
2001-08-01,2.1,2.04,2.26,1.21,1.79,3.19,2.65,1.68,1.17,1.65,1.57,0.79,1.54,3.26,2.55
2001-09-01,1.31,1.22,1.43,1.06,1.67,3.11,2.53,1.64,0.46,0.29,0.29,0.72,1.47,3.13,2.43
2001-10-01,1.53,1.79,1.9,0.97,1.62,3.14,2.5,1.59,0.81,1.38,1.26,0.57,1.37,3.08,2.28
2001-11-01,1.32,1.81,1.92,1.06,1.72,3.11,2.47,1.63,0.15,1.75,1.51,1.24,1.92,3.02,2.25
2001-12-01,1.06,1.74,1.74,1.04,1.73,3.07,2.37,1.63,-0.41,1.34,1.03,0.77,1.54,2.83,1.93
2002-01-01,0.67,1.42,1.3,0.69,1.45,3.03,2.24,1.68,-0.16,0.93,0.72,0.25,1.12,2.77,1.87
2002-02-01,0.68,1.43,1.3,0.67,1.43,3,2.23,1.76,0.2,1.22,1.02,0.55,1.32,2.73,1.91
2002-03-01,0.94,1.45,1.34,0.61,1.37,3.03,2.22,1.81,1.43,2.62,2.4,0.51,1.27,2.93,2
2002-04-01,1.19,1.57,1.48,0.72,1.45,2.97,2.17,1.85,1.56,1.76,1.69,0.88,1.52,2.85,2.06
2002-05-01,0.99,1.66,1.48,0.89,1.54,2.89,2.11,1.8,1.83,1.57,1.44,0.53,1.17,2.77,1.97
2002-06-01,0.94,1.59,1.36,0.78,1.44,2.83,2.01,1.78,2.3,1.85,1.69,0.79,1.34,2.82,2.09
2002-07-01,1.19,1.54,1.32,0.71,1.38,2.78,2.03,1.8,2.57,2.15,1.93,1.19,1.63,2.79,2.19
2002-08-01,1.4,1.69,1.46,0.96,1.53,2.68,2,1.77,2.62,2.16,1.91,1.38,1.74,2.62,2.1
2002-09-01,1.93,2.44,2.2,1.07,1.6,2.74,2.07,1.75,2.44,2.25,1.99,1.63,1.94,2.55,2.14
2002-10-01,1.76,1.81,1.65,1.05,1.55,2.74,2.08,1.68,1.96,1.85,1.61,1.22,1.58,2.62,2.11
2002-11-01,1.93,1.7,1.59,0.91,1.41,2.75,2.06,1.66,2.03,1.82,1.73,1.3,1.65,2.73,2.16
2002-12-01,2.13,1.77,1.69,1.04,1.48,2.79,2.1,1.6,1.97,1.69,1.69,1.28,1.62,2.76,2.1
2003-01-01,2.35,1.78,1.69,1.11,1.53,2.79,2.08,1.6,2.13,1.42,1.44,1.04,1.43,2.79,1.97
2003-02-01,2.6,1.73,1.7,1.08,1.47,2.66,2.01,1.62,2.58,1.3,1.49,0.78,1.21,2.69,1.92
2003-03-01,2.59,1.77,1.84,1.16,1.51,2.58,1.99,1.56,2.74,1.29,1.69,0.68,1.08,2.62,1.84
2003-04-01,1.99,1.6,1.66,0.99,1.33,2.44,1.84,1.47,2.02,1.34,1.71,0.76,1.08,2.27,1.58
2003-05-01,1.8,1.63,1.75,1.09,1.4,2.4,1.82,1.55,1.58,1.44,1.77,0.88,1.15,2.08,1.49
2003-06-01,1.79,1.53,1.73,1.07,1.33,2.3,1.74,1.62,1.61,1.36,1.77,0.86,1.05,1.83,1.38
2003-07-01,1.86,1.57,1.75,1.17,1.4,2.3,1.77,1.78,1.6,1.73,2.05,1.3,1.37,1.81,1.57
2003-08-01,2.01,1.49,1.72,1.04,1.3,2.31,1.8,1.85,1.43,1.68,1.95,1.3,1.39,1.93,1.67
2003-09-01,2.14,1.46,1.71,0.92,1.18,2.29,1.75,1.95,1.54,1.64,1.73,1.15,1.29,1.97,1.65
2003-10-01,1.97,1.57,1.81,1.04,1.28,2.31,1.73,2.03,1.92,1.79,1.9,1.32,1.48,2.36,1.89
2003-11-01,2,1.61,1.83,1,1.25,2.3,1.74,2.07,2.41,1.77,1.89,1.12,1.35,2.52,1.99
2003-12-01,2.12,1.64,1.89,1.02,1.24,2.21,1.74,2.11,2.64,1.91,2.02,1.19,1.44,2.58,2.1
2004-01-01,2.21,1.83,2.05,1.29,1.43,2.14,1.81,2.17,2.83,1.93,2.05,1.28,1.49,2.46,2.05
2004-02-01,2,1.85,2.03,1.41,1.54,2.21,1.88,2.2,2.57,2.03,2.1,1.52,1.69,2.48,2.09
2004-03-01,1.9,1.86,1.91,1.52,1.64,2.22,1.88,2.24,2.25,2.08,2.1,1.9,1.99,2.48,2.11
2004-04-01,2.26,2.01,2.08,1.63,1.77,2.48,2.11,2.27,2.6,2.24,2.26,1.94,2.06,2.6,2.34
2004-05-01,2.71,2.01,2.14,1.59,1.74,2.56,2.21,2.13,3.01,2.24,2.39,2.06,2.13,2.61,2.43
2004-06-01,2.89,2.11,2.23,1.67,1.85,2.68,2.33,2.02,3.14,2.31,2.45,2.16,2.27,2.78,2.56
2004-07-01,2.68,1.98,2.14,1.54,1.73,2.61,2.26,1.9,2.54,2.03,2.24,1.8,1.98,2.76,2.47
2004-08-01,2.39,1.9,2.05,1.46,1.68,2.62,2.2,1.87,2.21,1.77,1.99,1.4,1.68,2.75,2.31
2004-09-01,2.27,1.95,2.03,1.62,1.8,2.56,2.19,1.97,2.3,1.81,1.96,1.34,1.6,2.64,2.27
2004-10-01,2.7,1.98,2.09,1.68,1.83,2.47,2.21,2.11,2.8,1.73,1.91,1.43,1.6,2.34,2.09
2004-11-01,2.97,2.06,2.23,1.84,1.94,2.43,2.25,2.19,2.92,1.89,2.07,1.63,1.74,2.25,2.07
2004-12-01,2.79,2.07,2.18,1.82,1.94,2.47,2.27,2.23,2.44,1.82,1.91,1.48,1.61,2.16,1.99
2005-01-01,2.53,2.17,2.25,1.84,1.97,2.56,2.37,2.35,2.52,2.32,2.26,1.88,1.96,2.37,2.26
2005-02-01,2.6,2.18,2.22,1.81,1.96,2.62,2.38,2.31,2.99,2.58,2.44,2.23,2.25,2.49,2.46
2005-03-01,2.75,2.26,2.32,1.84,1.98,2.57,2.39,2.31,3.2,2.7,2.67,2.35,2.36,2.51,2.52
2005-04-01,2.84,2.11,2.28,1.75,1.88,2.42,2.29,2.18,2.89,2.49,2.65,2.08,2.15,2.5,2.49
2005-05-01,2.57,2.18,2.27,1.85,1.96,2.42,2.25,2.08,2.22,2.47,2.48,2.07,2.18,2.59,2.43
2005-06-01,2.34,2.09,2.13,1.76,1.87,2.33,2.18,1.96,2.24,2.35,2.35,2.03,2.13,2.49,2.37
2005-07-01,2.68,2.11,2.18,1.72,1.85,2.39,2.25,2.03,2.84,1.91,2.1,1.56,1.74,2.42,2.24
2005-08-01,3.04,2.16,2.23,1.77,1.88,2.36,2.29,2.11,3.09,1.74,2.02,1.32,1.51,2.23,2.11
2005-09-01,3.83,2.19,2.41,1.84,1.95,2.43,2.39,2.31,4.47,1.69,2.14,1.34,1.55,2.35,2.27
2005-10-01,3.55,2.27,2.55,1.88,2,2.5,2.45,2.41,4.21,2.04,2.45,1.69,1.84,2.49,2.41
2005-11-01,2.94,2.31,2.58,1.95,2.08,2.58,2.46,2.48,3.66,2.14,2.68,1.83,1.97,2.57,2.5
2005-12-01,2.88,2.28,2.52,1.93,2.06,2.56,2.44,2.42,3.53,2.21,2.69,1.83,1.99,2.64,2.5
2006-01-01,3.25,2.14,2.53,1.82,1.98,2.59,2.39,2.5,3.66,2.37,2.95,2.09,2.22,2.76,2.53
2006-02-01,3.02,2.14,2.48,1.76,1.93,2.52,2.34,2.51,2.95,2.54,2.95,2.2,2.36,2.8,2.56
2006-03-01,2.91,2.17,2.46,1.8,2,2.64,2.38,2.57,1.39,2.65,2.78,2.25,2.45,2.93,2.49
2006-04-01,3.1,2.36,2.47,1.9,2.12,2.79,2.47,2.62,2,2.68,2.5,2.11,2.4,3.1,2.54
2006-05-01,3.32,2.41,2.5,1.91,2.18,2.93,2.61,2.6,2.98,2.67,2.32,1.99,2.38,3.29,2.72
2006-06-01,3.51,2.6,2.7,2.03,2.33,3.11,2.78,2.57,3.49,2.98,2.71,2.23,2.67,3.59,3.06
2006-07-01,3.43,2.55,2.62,2.02,2.35,3.15,2.79,2.45,3.2,2.72,2.29,1.95,2.49,3.54,3.05
2006-08-01,3.34,2.67,2.73,2.16,2.5,3.24,2.86,2.36,3.72,2.81,2.52,2.12,2.64,3.68,3.17
2006-09-01,2.08,2.61,2.61,2.03,2.42,3.24,2.78,2.22,2.78,2.56,2.44,1.81,2.38,3.56,3.06
2006-10-01,1.68,2.5,2.35,1.88,2.33,3.28,2.71,2.16,1.35,2.31,2.21,1.65,2.26,3.45,2.87
2006-11-01,1.92,2.28,2.11,1.59,2.11,3.19,2.57,2.08,0.88,1.9,1.9,1.2,1.83,3.09,2.41
2006-12-01,2.29,2.32,2.18,1.6,2.13,3.32,2.67,2.13,1.1,1.66,1.66,0.97,1.6,3.06,2.28
2007-01-01,2.13,2.5,2.32,1.84,2.33,3.33,2.71,2.23,1.08,2.28,2.35,1.73,2.17,3.13,2.37
2007-02-01,2.39,2.56,2.49,1.93,2.4,3.41,2.82,2.23,1.07,2.31,2.46,1.74,2.16,3.15,2.48
2007-03-01,2.56,2.38,2.42,1.7,2.2,3.33,2.77,2.09,2.35,2.19,2.41,1.59,2.01,3.1,2.47
2007-04-01,2.33,2.21,2.33,1.61,2.09,3.17,2.66,1.98,3.32,2.11,2.45,1.57,1.92,2.89,2.46
2007-05-01,2.35,2.08,2.25,1.53,1.96,2.95,2.51,1.95,3.85,2.26,2.61,1.86,2.1,2.81,2.61
2007-06-01,2.32,1.99,2.22,1.49,1.88,2.83,2.41,2,3.55,2.32,2.78,2.01,2.17,2.6,2.54
2007-07-01,2.12,2.04,2.25,1.51,1.86,2.74,2.35,2.03,3.18,1.8,2.16,1.29,1.56,2.35,2.32
2007-08-01,1.87,1.98,2.19,1.39,1.75,2.68,2.3,2.1,2.68,1.66,1.92,1.04,1.34,2.21,2.12
2007-09-01,2.53,2.1,2.28,1.52,1.85,2.72,2.38,2.2,2.72,2.01,2.15,1.45,1.68,2.33,2.29
2007-10-01,3.09,2.18,2.44,1.77,2.03,2.73,2.47,2.22,2.86,2.26,2.43,1.97,2.13,2.57,2.47
2007-11-01,3.6,2.34,2.59,1.95,2.18,2.88,2.66,2.26,3.35,2.42,2.57,2.04,2.26,2.95,2.71
2007-12-01,3.47,2.4,2.66,2.11,2.3,2.85,2.63,2.26,3.39,2.49,2.53,2.22,2.44,3.11,2.72
2008-01-01,3.39,2.19,2.44,1.95,2.16,2.77,2.56,2.3,3.6,2.59,2.72,2.62,2.76,3.19,2.81
2008-02-01,3.27,2.07,2.32,1.88,2.07,2.65,2.44,2.2,3.87,2.48,2.73,2.73,2.81,3.09,2.76
2008-03-01,3.19,2.17,2.38,2.05,2.2,2.68,2.48,2.2,3.67,2.32,2.62,2.65,2.72,3.02,2.67
2008-04-01,3.14,2.08,2.46,2.06,2.21,2.72,2.51,2.11,3.42,1.91,2.48,2.14,2.29,2.87,2.54
2008-05-01,3.28,2.15,2.56,2.13,2.27,2.75,2.55,2.14,3.21,1.88,2.55,2.22,2.27,2.56,2.39
2008-06-01,3.81,2.21,2.66,2.21,2.34,2.79,2.6,2.2,4.23,1.94,2.79,2.21,2.25,2.47,2.47
2008-07-01,4.14,2.24,2.85,2.36,2.46,2.87,2.69,2.11,4.68,1.9,2.98,2.1,2.16,2.55,2.57
2008-08-01,3.98,2.22,2.84,2.48,2.54,2.8,2.64,1.9,4.09,1.95,2.95,2.24,2.27,2.52,2.51
2008-09-01,3.67,2.04,2.64,2.44,2.5,2.76,2.57,1.76,3.67,1.76,2.66,2.24,2.29,2.49,2.46
2008-10-01,2.67,1.63,2.24,2.23,2.31,2.62,2.44,1.6,1.93,1.36,1.99,2.32,2.33,2.37,2.34
2008-11-01,0.93,1.39,1.97,2.09,2.19,2.54,2.35,1.47,-1.31,0.9,1.39,1.95,2.1,2.52,2.3
2008-12-01,0.13,1.14,1.73,1.86,1.97,2.34,2.21,1.38,-3.81,0.34,0.68,1.52,1.69,2.21,1.94
2009-01-01,-0.11,0.91,1.45,1.83,1.94,2.35,2.22,1.31,-4.68,-0.08,-0.07,1.55,1.73,2.15,1.88
2009-02-01,-0.13,0.89,1.31,1.92,2.01,2.36,2.22,1.21,-4.18,-0.17,-0.3,1.6,1.74,2.2,1.92
2009-03-01,-0.53,0.76,1.09,1.95,2.04,2.28,2.14,1.16,-4.55,-0.23,-0.45,1.66,1.78,2.07,1.81
2009-04-01,-0.57,0.93,1,2.1,2.13,2.22,2.08,1.16,-3,0.5,0.02,1.87,1.93,2.08,1.82
2009-05-01,-0.89,0.82,0.75,1.96,2.04,2.21,1.99,1.11,-0.46,0.74,0.11,1.98,1.98,1.89,1.69
2009-06-01,-1.02,0.72,0.57,1.87,1.92,2.12,1.86,1.13,1.86,1.1,0.45,2.23,2.15,2.03,1.77
2009-07-01,-1.47,0.63,0.27,1.69,1.73,1.88,1.62,1.03,1.86,1.34,0.61,1.83,1.73,1.6,1.36
2009-08-01,-1.1,0.65,0.26,1.68,1.7,1.82,1.6,1.11,2.08,1.48,0.82,1.77,1.65,1.44,1.28
2009-09-01,-1.02,0.73,0.31,1.69,1.63,1.65,1.48,1.09,2.64,1.69,1.08,1.71,1.47,1.23,1.15
2009-10-01,0.01,1.24,0.78,1.87,1.73,1.75,1.5,1.1,3.12,1.98,1.54,1.87,1.52,1.42,1.18
2009-11-01,1.46,1.37,0.94,1.95,1.71,1.68,1.38,1.01,3.42,2.01,1.77,1.93,1.45,1.47,1.08
2009-12-01,2.09,1.51,1.07,2.03,1.75,1.66,1.36,0.97,2.32,1.92,1.68,1.84,1.35,1.29,0.95
2010-01-01,2.3,1.69,1.26,1.87,1.57,1.52,1.2,0.97,2.75,2.04,1.92,1.92,1.4,1.44,1.04
2010-02-01,2.12,1.7,1.32,1.73,1.42,1.36,1.08,0.94,2.15,1.92,1.82,1.69,1.18,1.29,0.89
2010-03-01,2.37,1.78,1.49,1.61,1.27,1.25,1,0.96,2.11,1.87,1.91,1.51,1.07,1.28,0.85
2010-04-01,2.28,1.6,1.42,1.41,1.08,1.17,0.93,0.91,1.45,1.22,1.3,0.96,0.65,0.92,0.67
2010-05-01,2.21,1.64,1.52,1.46,1.1,1.08,0.88,0.94,1.01,1.27,1.27,0.99,0.75,0.69,0.67
2010-06-01,1.56,1.56,1.42,1.41,1.06,1,0.81,0.95,0.81,1.19,1.16,0.98,0.78,0.7,0.67
2010-07-01,1.64,1.47,1.41,1.39,1.06,1.03,0.85,1,0.54,0.9,0.9,0.86,0.72,0.61,0.66
2010-08-01,1.48,1.42,1.37,1.31,0.99,1.09,0.85,1.09,0.82,0.92,0.93,0.94,0.79,0.89,0.81
2010-09-01,1.42,1.3,1.3,1.16,0.9,1.15,0.88,1.22,0.73,0.73,0.69,0.8,0.73,1.03,0.91
2010-10-01,1.36,1.08,1.08,0.89,0.7,0.99,0.8,1.33,1.27,0.93,0.86,0.81,0.76,1.06,0.92
2010-11-01,1.31,1.12,1.08,0.9,0.77,0.93,0.85,1.51,1.61,0.97,0.9,0.82,0.79,1.16,1.03
2010-12-01,1.48,1.06,1.04,0.82,0.73,0.97,0.89,1.66,2.15,0.92,0.92,0.66,0.68,1.23,1.12
2011-01-01,1.56,1.12,1.14,0.91,0.84,1.07,1,1.88,2.59,1.35,1.37,0.96,0.96,1.52,1.34
2011-02-01,1.85,1.21,1.28,1.05,0.99,1.2,1.16,2,2.88,1.51,1.63,1.17,1.18,1.51,1.51
2011-03-01,2.11,1.21,1.31,1.08,1.04,1.31,1.29,2.04,3.51,1.7,1.94,1.37,1.36,1.6,1.67
2011-04-01,2.49,1.39,1.51,1.26,1.2,1.44,1.42,2.08,3.72,1.86,2.16,1.71,1.65,1.82,1.92
2011-05-01,2.77,1.52,1.67,1.39,1.32,1.6,1.56,2.11,3.94,2.08,2.46,1.97,1.85,2.05,2.09
2011-06-01,2.79,1.59,1.76,1.48,1.41,1.7,1.62,2.04,3.43,2.26,2.6,2.3,2.14,2.17,2.12
2011-07-01,2.88,1.73,1.92,1.59,1.53,1.82,1.7,2.05,3.16,2.12,2.46,2.22,2.1,2.12,2.06
2011-08-01,2.98,1.84,2.05,1.69,1.66,1.88,1.79,2.03,3.07,2.17,2.48,2.21,2.13,2.25,2.07
2011-09-01,3.02,1.85,2.11,1.72,1.7,1.92,1.84,1.91,2.54,2,2.28,2.08,2.05,2.25,2
2011-10-01,2.69,1.74,2.01,1.79,1.79,2.03,1.93,1.87,1.68,1.63,1.86,1.87,1.94,2.24,1.93
2011-11-01,2.7,1.83,2.07,1.86,1.85,2.08,1.99,1.9,1.47,1.58,1.68,1.75,1.85,2.11,1.88
2011-12-01,2.53,1.97,2.19,2.1,2.06,2.17,2.06,1.96,1.63,1.69,1.78,1.89,1.98,2.18,1.99
2012-01-01,2.57,2.06,2.24,2.12,2.09,2.16,2.09,2.04,1.98,2,2.02,2.03,2.08,2.21,2.12
2012-02-01,2.51,2.03,2.12,2.06,2.04,2.15,2.02,1.89,1.96,1.88,1.76,1.91,1.95,2.05,1.97
2012-03-01,2.3,2.04,2.07,2.02,2.04,2.17,2.02,1.86,2.06,2.09,1.86,1.96,2.02,2.1,2.04
2012-04-01,2,1.97,1.96,1.9,1.97,2.18,1.99,1.76,2.33,2.3,2.06,1.93,2,2.12,2.04
2012-05-01,1.58,1.83,1.77,1.8,1.89,2.08,1.92,1.61,1.68,2.07,1.85,1.84,1.93,2.06,1.95
2012-06-01,1.55,1.82,1.77,1.76,1.86,2.03,1.9,1.57,1.46,1.94,1.76,1.64,1.73,1.89,1.81
2012-07-01,1.41,1.77,1.68,1.69,1.79,2.02,1.84,1.56,0.84,1.55,1.35,1.35,1.5,1.83,1.57
2012-08-01,1.51,1.64,1.52,1.5,1.64,1.99,1.79,1.62,1.07,1.39,1.28,1.11,1.33,1.94,1.6
2012-09-01,1.68,1.69,1.52,1.52,1.67,1.99,1.79,1.67,1.3,1.3,1.18,1.08,1.31,1.89,1.55
2012-10-01,1.98,1.89,1.72,1.5,1.65,1.98,1.78,1.73,1.63,1.48,1.39,1.07,1.3,1.84,1.51
2012-11-01,1.7,1.78,1.68,1.35,1.54,1.98,1.7,1.65,1.72,1.49,1.5,0.86,1.15,1.89,1.44
2012-12-01,1.62,1.69,1.61,1.19,1.4,1.93,1.62,1.58,1.79,1.44,1.45,0.74,1.07,1.97,1.43
2013-01-01,1.47,1.59,1.51,1.19,1.4,1.91,1.57,1.59,2.1,1.64,1.68,1.03,1.3,1.99,1.57
2013-02-01,1.6,1.56,1.52,1.12,1.36,1.98,1.61,1.52,2.14,1.73,1.75,1.14,1.4,2.02,1.62
2013-03-01,1.28,1.48,1.44,1.03,1.28,1.95,1.56,1.49,1.26,1.66,1.7,0.98,1.25,2.01,1.56
2013-04-01,1.04,1.38,1.38,0.76,1.06,1.9,1.42,1.49,0.46,1.27,1.36,0.45,0.82,1.95,1.34
2013-05-01,1.23,1.39,1.41,0.7,1.03,1.94,1.4,1.48,0.74,1.29,1.32,0.53,0.9,2,1.36
2013-06-01,1.51,1.46,1.47,0.76,1.1,2.04,1.5,1.52,1.22,1.49,1.5,0.79,1.13,2.12,1.57
2013-07-01,1.6,1.49,1.51,0.83,1.14,2.04,1.55,1.46,1.09,1.34,1.34,0.63,0.98,2.09,1.53
2013-08-01,1.4,1.53,1.53,0.8,1.13,2.02,1.54,1.44,0.67,1.34,1.3,0.46,0.87,2.02,1.45
2013-09-01,1.14,1.53,1.53,0.79,1.12,2.03,1.52,1.43,1.02,1.39,1.36,0.61,0.99,2.05,1.48
2013-10-01,0.98,1.45,1.45,0.75,1.09,2.04,1.52,1.46,1.5,1.64,1.53,1.06,1.35,2.12,1.71
2013-11-01,1.2,1.51,1.46,0.8,1.14,2.08,1.59,1.52,1.65,1.74,1.59,1.07,1.38,2.16,1.83
2013-12-01,1.39,1.55,1.48,0.8,1.17,2.08,1.65,1.54,1.56,1.6,1.46,0.81,1.2,2.05,1.73
2014-01-01,1.41,1.45,1.43,0.59,1.01,2.11,1.63,1.55,1.72,1.56,1.52,0.56,1.03,2.13,1.73
2014-02-01,1.09,1.39,1.4,0.51,0.94,2.04,1.57,1.58,1.52,1.44,1.49,0.57,1.01,2.06,1.7
2014-03-01,1.39,1.45,1.55,0.6,1.03,2.04,1.59,1.67,1.76,1.5,1.73,0.59,1.06,2.03,1.7
2014-04-01,1.67,1.57,1.61,0.86,1.24,2.11,1.72,1.69,1.85,1.51,1.68,0.66,1.13,2.09,1.73
2014-05-01,1.77,1.62,1.72,0.88,1.26,2.11,1.77,1.67,1.88,1.51,1.85,0.69,1.15,2.06,1.72
2014-06-01,1.65,1.56,1.65,0.76,1.17,2.1,1.72,1.56,1.75,1.52,1.83,0.7,1.13,2.15,1.71
2014-07-01,1.67,1.61,1.71,0.76,1.19,2.17,1.73,1.6,1.61,1.66,1.9,0.97,1.35,2.22,1.73
2014-08-01,1.51,1.54,1.66,0.77,1.18,2.15,1.69,1.5,1.49,1.64,1.82,0.97,1.35,2.24,1.68
2014-09-01,1.5,1.55,1.67,0.76,1.19,2.17,1.7,1.51,1.24,1.61,1.61,0.93,1.31,2.31,1.7
2014-10-01,1.33,1.47,1.59,0.67,1.12,2.21,1.68,1.51,0.82,1.44,1.49,0.69,1.11,2.33,1.63
2014-11-01,1.09,1.39,1.54,0.61,1.07,2.17,1.64,1.44,0.3,1.27,1.22,0.53,0.99,2.28,1.57
2014-12-01,0.73,1.36,1.53,0.58,1.02,2.15,1.6,1.39,-0.27,1.19,1.22,0.46,0.92,2.15,1.49
2015-01-01,0.04,1.21,1.34,0.46,0.94,2.12,1.49,1.42,-1.51,0.77,0.78,-0.05,0.52,2.03,1.24
2015-02-01,0.17,1.28,1.36,0.54,1.01,2.22,1.55,1.46,-1.13,0.92,0.91,0.1,0.67,2.19,1.43
2015-03-01,0.2,1.28,1.22,0.54,1.02,2.2,1.55,1.44,-0.83,0.95,0.83,0.15,0.72,2.09,1.4
2015-04-01,0.11,1.29,1.23,0.61,1.08,2.23,1.57,1.49,-0.59,1.15,0.97,0.53,1.05,2.12,1.52
2015-05-01,0.19,1.25,1.1,0.54,1.02,2.26,1.55,1.52,0.07,1.22,0.98,0.55,1.06,2.24,1.53
2015-06-01,0.27,1.25,1.14,0.47,0.99,2.24,1.57,1.59,0.82,1.32,1.06,0.48,1.06,2.33,1.64
2015-07-01,0.22,1.18,1.05,0.43,0.97,2.21,1.55,1.52,1.98,1.59,1.32,0.91,1.41,2.38,1.85
2015-08-01,0.24,1.22,1.1,0.42,0.96,2.21,1.57,1.51,1.63,1.53,1.29,0.73,1.25,2.23,1.71
2015-09-01,0.07,1.23,1.1,0.5,1.04,2.2,1.56,1.55,0.97,1.51,1.37,0.85,1.35,2.31,1.71
2015-10-01,0.1,1.18,1.06,0.5,1.04,2.11,1.52,1.46,0.79,1.2,1.16,0.47,1.04,2.1,1.53
2015-11-01,0.25,1.2,1.04,0.53,1.06,2.12,1.49,1.35,0.43,1.17,1.11,0.52,1.07,2,1.46
2015-12-01,0.35,1.19,0.96,0.49,1.04,2.12,1.48,1.4,-0.12,1.06,0.86,0.49,1.02,1.91,1.32
2016-01-01,0.87,1.41,1.16,0.67,1.19,2.19,1.6,1.65,-0.22,1.22,0.99,0.43,0.97,1.99,1.35
2016-02-01,0.64,1.47,1.22,0.76,1.26,2.17,1.59,1.74,-0.34,1.41,1.14,0.79,1.27,2.11,1.47
2016-03-01,0.69,1.46,1.22,0.72,1.22,2.23,1.62,1.73,0.4,1.4,1.07,0.58,1.09,2.15,1.52
2016-04-01,0.93,1.52,1.31,0.68,1.2,2.23,1.64,1.84,1.06,1.84,1.46,0.9,1.36,2.36,1.75
2016-05-01,0.85,1.57,1.34,0.76,1.28,2.25,1.68,1.76,1.27,1.97,1.58,1.01,1.5,2.5,1.9
2016-06-01,0.83,1.55,1.28,0.82,1.33,2.23,1.66,1.69,1.79,2.04,1.7,1.15,1.64,2.56,2
2016-07-01,0.76,1.6,1.33,0.84,1.34,2.23,1.67,1.7,1.74,1.98,1.66,1.25,1.71,2.48,1.99
2016-08-01,0.89,1.7,1.41,0.93,1.42,2.27,1.71,1.76,2.13,1.99,1.67,1.07,1.57,2.44,1.95
2016-09-01,1.22,1.69,1.4,0.8,1.33,2.26,1.74,1.8,2.04,1.97,1.73,1.01,1.57,2.36,1.96
2016-10-01,1.43,1.78,1.48,0.86,1.39,2.28,1.82,1.8,1.79,1.73,1.51,0.83,1.43,2.19,1.89
2016-11-01,1.4,1.72,1.43,0.79,1.35,2.24,1.85,1.74,1.53,1.47,1.29,0.57,1.21,1.99,1.79
2016-12-01,1.66,1.77,1.51,0.89,1.45,2.3,1.91,1.78,1.52,1.5,1.32,0.63,1.26,2.04,1.81
2017-01-01,2.01,1.86,1.62,1.05,1.57,2.29,1.95,1.91,2.27,1.75,1.57,0.86,1.42,2.11,1.9
2017-02-01,2.2,1.87,1.64,1,1.52,2.25,1.91,1.84,2.26,1.75,1.61,0.93,1.47,2.06,1.87
2017-03-01,1.91,1.68,1.52,0.75,1.32,2.21,1.84,1.65,1.77,1.39,1.32,0.49,1.06,2.07,1.72
2017-04-01,1.77,1.64,1.51,0.71,1.27,2.14,1.78,1.62,1.74,1.55,1.51,0.59,1.11,2.08,1.66
2017-05-01,1.56,1.55,1.46,0.57,1.14,2.02,1.68,1.55,1.59,1.62,1.63,0.58,1.06,2.05,1.57
2017-06-01,1.47,1.58,1.5,0.61,1.16,2.02,1.68,1.54,1.41,1.66,1.68,0.59,1.07,2.01,1.55
2017-07-01,1.49,1.5,1.44,0.46,1.03,1.94,1.64,1.62,0.71,1.26,1.31,0.06,0.64,1.78,1.37
2017-08-01,1.57,1.43,1.38,0.42,1.01,1.91,1.64,1.75,0.89,1.12,1.14,-0.09,0.55,1.77,1.42
2017-09-01,1.76,1.42,1.36,0.46,1.03,1.89,1.63,1.78,1.75,1.45,1.41,0.43,0.99,1.72,1.54
2017-10-01,1.68,1.54,1.47,0.69,1.21,1.94,1.63,1.86,1.62,1.54,1.44,0.79,1.32,1.8,1.6
2017-11-01,1.79,1.55,1.49,0.67,1.18,2,1.65,1.83,2,1.47,1.35,0.75,1.3,1.95,1.73
2017-12-01,1.77,1.58,1.54,0.6,1.14,2,1.66,1.99,2.13,1.5,1.41,0.62,1.22,2,1.78
2018-01-01,1.76,1.63,1.58,0.6,1.14,2.03,1.72,2.1,2.82,2,1.86,1.14,1.64,2.27,2.08
2018-02-01,1.84,1.64,1.58,0.68,1.19,2.05,1.75,2.01,2.8,2.17,2.02,1.46,1.84,2.33,2.08
2018-03-01,2,1.91,1.8,1.1,1.54,2.04,1.79,2.04,2.25,2.37,2.19,1.76,2.09,2.37,2.05
2018-04-01,2.05,1.88,1.75,1.17,1.62,2.01,1.76,2,2.47,2.23,2.07,1.55,1.93,2.21,1.92
2018-05-01,2.27,1.98,1.81,1.37,1.78,2.1,1.86,1.86,2.53,2.49,2.27,1.99,2.27,2.26,1.98
2018-06-01,2.27,1.94,1.77,1.27,1.69,2.16,1.9,1.77,2.41,2.38,2.14,1.92,2.17,2.33,2.02
2018-07-01,2.34,2,1.82,1.4,1.81,2.18,1.93,1.78,1.86,1.99,1.78,1.66,1.97,2.09,1.79
2018-08-01,2.18,1.9,1.74,1.26,1.68,2.21,1.93,1.8,1.57,1.62,1.46,1.05,1.53,2.09,1.78
2018-09-01,2.01,1.96,1.79,1.3,1.71,2.27,1.94,1.82,1.77,1.56,1.4,0.84,1.32,2.16,1.84
2018-10-01,2.05,1.87,1.71,1.13,1.56,2.28,1.96,1.94,1.64,1.51,1.36,0.7,1.2,2.35,2
2018-11-01,1.94,2.01,1.86,1.36,1.76,2.38,2.02,2.08,1.36,1.53,1.46,0.73,1.25,2.49,2.06
2018-12-01,1.86,2.04,1.94,1.43,1.8,2.35,2.02,2.04,1.32,1.7,1.74,0.95,1.43,2.37,2.01
2019-01-01,1.43,1.84,1.75,1.4,1.77,2.33,1.91,1.98,1,1.7,1.73,1.13,1.56,2.58,2.03
2019-02-01,1.4,1.74,1.67,1.2,1.63,2.37,1.97,1.93,1.23,1.87,1.89,1.35,1.74,2.66,2.16
2019-03-01,1.52,1.62,1.57,0.98,1.46,2.42,2.01,1.89,1.28,1.68,1.75,1.12,1.6,2.68,2.18
2019-04-01,1.57,1.64,1.55,0.98,1.47,2.63,2.13,1.85,1.5,1.76,1.73,1.25,1.74,2.9,2.26
2019-05-01,1.47,1.56,1.51,0.87,1.38,2.59,2.04,1.84,1.57,1.6,1.55,1,1.51,2.7,2.02
2019-06-01,1.43,1.66,1.59,1,1.5,2.53,2,1.85,1.53,1.61,1.43,1.04,1.57,2.68,1.99
2019-07-01,1.45,1.64,1.56,0.99,1.49,2.58,2.04,1.73,1.91,1.58,1.39,0.85,1.41,2.58,2.04
2019-08-01,1.43,1.75,1.64,1.16,1.62,2.59,2.05,1.67,1.63,1.63,1.39,0.96,1.49,2.52,1.94
2019-09-01,1.28,1.63,1.55,1.06,1.55,2.57,1.99,1.71,1.29,1.59,1.35,1,1.5,2.47,1.8
2019-10-01,1.29,1.62,1.55,1.11,1.57,2.54,1.97,1.65,1.08,1.48,1.37,0.97,1.41,2.18,1.68
2019-11-01,1.36,1.5,1.42,0.95,1.43,2.43,1.88,1.69,1.14,1.4,1.29,0.89,1.35,2.16,1.75
2019-12-01,1.56,1.54,1.4,0.98,1.46,2.52,1.88,1.81,1.6,1.48,1.37,0.91,1.34,2.36,1.78
2020-01-01,1.79,1.59,1.47,0.95,1.45,2.51,1.93,1.99,1.68,1.61,1.55,1.05,1.48,2.45,1.82
2020-02-01,1.69,1.7,1.57,1.14,1.58,2.51,1.93,1.97,1.75,1.77,1.74,1.31,1.68,2.49,1.91
2020-03-01,1.17,1.53,1.41,1.02,1.48,2.46,1.85,1.95,1.04,1.47,1.48,1.04,1.46,2.46,1.9
2020-04-01,0.46,1,1.18,0.55,1.09,2.3,1.73,1.94,-0.15,0.51,0.98,0.13,0.78,2.42,1.79
2020-05-01,0.49,1,1.22,0.55,1.1,2.36,1.79,1.92,-0.16,0.6,1.15,0.22,0.85,2.56,1.83
2020-06-01,0.76,0.97,1.23,0.59,1.08,2.31,1.79,1.89,-0.07,0.47,1.1,0.26,0.82,2.25,1.8
2020-07-01,0.92,1.21,1.37,0.78,1.23,2.33,1.84,1.99,0.17,0.82,1.2,0.5,0.97,2.2,1.86
2020-08-01,1.16,1.39,1.53,1.02,1.4,2.29,1.84,1.99,0.57,1.02,1.32,0.73,1.11,2.1,1.78
2020-09-01,1.28,1.48,1.6,1.07,1.4,2.2,1.85,1.95,1.51,1.49,1.73,1.1,1.33,1.94,1.8
2020-10-01,1.19,1.42,1.57,0.93,1.28,2.19,1.8,2.06,2.54,2.34,2.15,1.73,1.79,1.96,1.81
2020-11-01,1.19,1.45,1.61,0.97,1.27,2.09,1.75,2.08,2.55,2.32,2.06,1.72,1.7,1.63,1.68
2020-12-01,1.33,1.51,1.69,1.05,1.31,1.99,1.74,2.35,2.76,2.56,2.28,1.84,1.8,1.72,1.68
2021-01-01,1.59,1.7,1.82,1.14,1.34,1.89,1.74,2.62,3.02,2.58,2.45,1.77,1.71,1.57,1.62
2021-02-01,1.84,1.71,1.85,1.17,1.36,1.91,1.73,2.95,3.13,2.4,2.39,1.61,1.62,1.73,1.69
2021-03-01,2.67,2.2,2.3,1.68,1.77,1.98,1.83,3.39,3.84,2.91,2.88,2.27,2.2,2.03,1.86
2021-04-01,3.64,3.13,3,2.57,2.46,2.05,1.94,3.76,4.75,3.93,3.85,3.41,3.12,2.15,2.08
2021-05-01,4.07,3.54,3.36,2.96,2.77,2.11,2.05,3.93,5.62,4.78,4.67,4.21,3.86,2.59,2.43
2021-06-01,4.31,3.86,3.67,3.2,3.01,2.31,2.12,4.17,5.88,5.18,5.09,4.58,4.22,2.91,2.57
2021-07-01,4.47,3.93,3.87,3.38,3.16,2.4,2.15,4.25,5.94,5.29,5.31,5.01,4.64,3.24,2.69
2021-08-01,4.58,3.96,3.96,3.33,3.16,2.53,2.26,4.42,6.05,5.54,5.56,5.09,4.72,3.33,2.84
2021-09-01,4.74,4.01,4.1,3.36,3.24,2.84,2.52,4.82,5.64,5.13,5.34,4.46,4.29,3.66,3.18
2021-10-01,5.34,4.44,4.57,3.88,3.71,3.11,2.81,5.11,5.93,4.95,5.3,4.36,4.3,4.09,3.56
2021-11-01,5.93,4.89,5.04,4.31,4.13,3.47,3.09,5.16,6.24,5,5.41,4.4,4.4,4.35,3.75
2021-12-01,6.14,5.21,5.33,4.65,4.45,3.72,3.36,5.15,6.41,5.25,5.58,4.73,4.69,4.54,4.15
2022-01-01,6.27,5.36,5.57,4.95,4.76,4.11,3.7,5.24,6.6,5.42,5.84,4.89,4.88,5,4.72
2022-02-01,6.55,5.6,5.87,5.23,5.03,4.33,3.91,5.37,7.04,5.67,6.17,5.37,5.34,5.34,4.99
2022-03-01,6.93,5.59,5.97,5.24,5.09,4.46,4,5.36,8.22,6.06,6.61,6.01,5.89,5.26,4.82
2022-04-01,6.68,5.35,5.81,4.88,4.86,4.71,4.07,5.36,7.45,5.74,6.32,5.4,5.43,5.34,4.58
2022-05-01,6.79,5.18,5.78,4.75,4.83,5.02,4.27,5.45,7.35,5.37,6.15,5.1,5.26,5.69,4.79
2022-06-01,7.24,5.32,5.98,4.98,5.1,5.45,4.66,5.63,8.08,5.38,6.37,5.23,5.51,6.38,5.17
2022-07-01,6.75,5.11,5.84,4.66,4.92,5.58,4.76,5.44,6.9,4.79,5.83,4.43,4.96,6.18,4.81
2022-08-01,6.64,5.36,6.11,4.85,5.17,5.91,5.01,5.39,6.24,5.06,6.05,4.34,4.99,6.48,5.02
2022-09-01,6.67,5.61,6.29,5.09,5.43,5.95,4.99,5.11,5.13,5.16,5.98,4.17,4.98,6.63,5.16
2022-10-01,6.46,5.46,6.08,4.86,5.29,6.08,5.01,4.77,5.49,5.18,5.84,4.32,5.16,6.82,5.45
2022-11-01,6.03,5.21,5.8,4.44,5.02,6.11,4.97,4.72,4.73,5.05,5.45,3.79,4.77,6.52,5.15
2022-12-01,5.52,4.97,5.6,4.15,4.86,6.07,4.92,4.81,3.02,4.56,4.83,3.07,4.22,5.75,4.67
2023-01-01,5.51,4.94,5.53,4.02,4.8,6.1,4.85,4.64,4.14,5.08,5.23,3.62,4.65,6.02,4.89
2023-02-01,5.2,4.86,5.34,3.87,4.73,5.98,4.82,4.23,4.17,4.66,4.64,3.4,4.47,5.48,4.61
2023-03-01,4.43,4.78,5.09,3.81,4.69,5.98,4.86,3.68,3.73,4.41,4.21,3.45,4.4,5.32,4.55
2023-04-01,4.48,4.79,4.97,3.78,4.68,5.85,4.91,3.5,3.48,4.4,4.11,3.24,4.2,4.9,4.38
2023-05-01,4,4.73,4.76,3.73,4.63,5.58,4.76,3.33,3.28,4.41,4.08,3.68,4.48,4.65,4.36
2023-06-01,3.28,4.38,4.32,3.13,4.09,5.08,4.37,3.13,3.55,4.21,3.81,3.18,3.97,4.4,4.07
2023-07-01,3.41,4.3,4.15,3.08,4.02,4.87,4.23,3.01,2.69,3.52,3.09,2.55,3.39,3.73,3.57
2023-08-01,3.43,3.83,3.66,2.66,3.61,4.52,3.91,2.96,2.7,3.01,2.69,1.92,2.77,3.57,3.22
2023-09-01,3.45,3.69,3.49,2.57,3.49,4.42,3.83,3.04,3.17,2.97,2.78,1.69,2.59,3.52,3.11
2023-10-01,3.02,3.47,3.29,2.45,3.35,4.07,3.6,2.94,2.57,2.55,2.48,1.66,2.51,3.26,2.83
2023-11-01,2.77,3.29,3.12,2.41,3.28,3.88,3.45,2.93,2.25,2.18,2.17,1.15,2.1,3.12,2.54
2023-12-01,2.77,3.11,2.92,2.17,3.02,3.68,3.27,2.99,1.99,2.02,2.03,1.17,2.08,2.95,2.47
2024-01-01,2.7,3.16,2.94,2.14,2.96,3.63,3.25,3.27,2.71,2.8,2.79,1.73,2.53,3.54,2.94
2024-02-01,2.71,3.06,2.89,1.96,2.76,3.63,3.16,3.21,2.71,3.11,3.08,2,2.76,3.69,3.1
2024-03-01,2.93,3.12,3,1.95,2.74,3.59,3.14,3.09,2.68,3.28,3.22,2.2,2.89,3.66,3.17
2024-04-01,2.83,3.01,2.89,1.82,2.6,3.48,3.02,2.9,3.08,3.46,3.3,1.97,2.69,3.71,3.2
2024-05-01,2.66,2.77,2.68,1.53,2.35,3.45,2.9,2.74,3.08,3.37,3.2,1.91,2.61,3.77,3.27
2024-06-01,2.55,2.75,2.67,1.68,2.43,3.41,2.91,2.68,3.11,3.49,3.31,2.2,2.79,3.86,3.34
2024-07-01,2.59,2.81,2.71,1.69,2.42,3.34,2.86,2.81,2.48,2.81,2.62,1.66,2.32,3.13,2.78
2024-08-01,2.41,2.87,2.74,1.78,2.5,3.3,2.81,2.96,2.12,2.64,2.4,1.56,2.24,2.92,2.53
2024-09-01,2.26,2.84,2.73,1.78,2.46,3.28,2.8,3,1.84,2.4,2.23,1.35,2.03,2.91,2.44
2024-10-01,2.48,2.99,2.86,1.8,2.47,3.34,2.87,3.02,1.88,2.51,2.41,1.64,2.25,2.98,2.55
2024-11-01,2.59,2.98,2.86,1.89,2.48,3.32,2.9,2.87,2.1,2.6,2.52,1.87,2.36,2.87,2.52
2024-12-01,2.73,2.99,2.89,1.93,2.5,3.48,2.98,2.89,2.34,2.49,2.47,1.67,2.21,3.09,2.61
2025-01-01,2.61,2.78,2.68,1.84,2.39,3.24,2.77,3.05,2.74,2.75,2.74,2.02,2.46,3.35,2.76
2025-02-01,2.71,2.97,2.85,2.06,2.53,3.19,2.73,3.06,3.31,3.3,3.31,2.57,2.83,3.46,2.93
2025-03-01,2.36,2.67,2.64,1.74,2.26,3.16,2.65,3.1,2.88,2.94,3.04,2.13,2.5,3.43,2.86
2025-04-01,2.28,2.61,2.6,1.93,2.4,3.18,2.64,3.01,2.68,2.72,2.79,2.22,2.56,3.38,2.74
2025-05-01,2.46,2.78,2.78,2.11,2.52,3.13,2.61,2.97,2.82,2.97,3.03,2.36,2.68,3.39,2.7
2025-06-01,2.59,2.81,2.83,2.26,2.63,3.25,2.7,2.95,2.84,3.12,3.18,2.85,3.05,3.4,2.79
2025-07-01,2.61,2.86,2.86,2.29,2.63,3.28,2.69,2.93,2.48,2.98,2.97,2.56,2.8,3.22,2.61
2025-08-01,2.75,2.91,2.94,2.28,2.61,3.39,2.8,3.09,2.19,2.52,2.57,1.99,2.39,3.33,2.67
2025-09-01,2.79,2.83,2.85,2.26,2.56,3.22,2.7,2.85,2.69,2.71,2.67,2.4,2.61,3.01,2.55
2025-10-01,2.71,2.75,2.78,2.26,2.5,3.07,2.55,2.68,2.75,2.79,2.76,2.29,2.44,2.76,2.36
2025-11-01,2.82,2.83,2.84,2.29,2.5,3,2.51,2.82,2.82,2.69,2.64,2.22,2.33,2.61,2.32
2025-12-01,2.88,2.97,2.98,2.59,2.73,2.95,2.44,3.27,2.91,2.82,2.78,2.32,2.42,2.5,2.09
2026-01-01,2.88,3.1,3.1,2.73,2.83,2.89,2.41,3.33,3.28,3.23,3.23,2.89,2.85,2.56,2.22
2026-02-01,2.87,3.05,3.05,2.83,2.89,2.83,2.34,3.38,3.56,3.58,3.53,3.67,3.39,2.33,2
2026-03-01,3.54,3.25,3.17,3.12,3.1,2.81,2.36,3.44,4.4,3.8,3.68,3.85,3.59,2.6,2.17
2026-04-01,3.8,3.33,3.3,3.1,3.12,2.76,2.35,3.5,4.87,3.87,3.84,3.92,3.81,2.76,2.35
2026-05-01,4.11,3.46,3.4,3.14,3.16,2.82,2.43,3.17,5.42,4.25,4.17,4.07,3.99,3.03,2.54
2026-06-01,3.72,3.34,3.26,3,3.03,2.67,2.26,2.81,4.53,3.87,3.75,3.68,3.66,2.84,2.43
2026-07-01,3.7,3.34,3.28,2.99,3.03,2.72,2.28,2.67,4.13,3.46,3.33,3.09,3.2,2.88,2.35
