date,core_pce,core_cpi,gap,portfolio_management,software,everything_else
1960-01-01,2.071,2.007,0.064,2.071,0,-2.007
1960-02-01,2.185,2.341,-0.156,2.185,0,-2.341
1960-03-01,2.073,2,0.073,2.073,0,-2
1960-04-01,2.004,2,0.004,2.004,0,-2
1960-05-01,2.046,1.661,0.385,2.046,0,-1.661
1960-06-01,1.804,1.656,0.148,1.804,0,-1.656
1960-07-01,1.742,1.325,0.417,1.742,0,-1.325
1960-08-01,1.726,1.325,0.402,1.726,0,-1.325
1960-09-01,1.544,0.99,0.554,1.544,0,-0.99
1960-10-01,1.427,1.316,0.111,1.427,0,-1.316
1960-11-01,1.513,1.316,0.197,1.513,0,-1.316
1960-12-01,1.328,0.656,0.672,1.328,0,-0.656
1961-01-01,1.327,0.984,0.344,1.327,0,-0.984
1961-02-01,1.236,0.654,0.583,1.236,0,-0.654
1961-03-01,1.262,0.98,0.281,1.262,0,-0.98
1961-04-01,1.215,0.98,0.235,1.215,0,-0.98
1961-05-01,1.182,0.98,0.201,1.182,0,-0.98
1961-06-01,1.275,0.977,0.298,1.275,0,-0.977
1961-07-01,1.254,1.307,-0.053,1.254,0,-1.307
1961-08-01,1.215,1.634,-0.419,1.215,0,-1.634
1961-09-01,1.333,1.634,-0.301,1.333,0,-1.634
1961-10-01,1.307,0.974,0.333,1.307,0,-0.974
1961-11-01,1.054,1.299,-0.245,1.054,0,-1.299
1961-12-01,1.173,1.629,-0.456,1.173,0,-1.629
1962-01-01,1.266,1.299,-0.032,1.266,0,-1.299
1962-02-01,1.333,1.299,0.035,1.333,0,-1.299
1962-03-01,1.539,1.294,0.244,1.539,0,-1.294
1962-04-01,1.418,1.294,0.124,1.418,0,-1.294
1962-05-01,1.429,1.618,-0.189,1.429,0,-1.618
1962-06-01,1.464,1.29,0.174,1.464,0,-1.29
1962-07-01,1.394,1.29,0.103,1.394,0,-1.29
1962-08-01,1.299,1.286,0.013,1.299,0,-1.286
1962-09-01,1.297,1.286,0.011,1.297,0,-1.286
1962-10-01,1.259,1.286,-0.027,1.259,0,-1.286
1962-11-01,1.315,0.962,0.353,1.315,0,-0.962
1962-12-01,1.258,1.282,-0.024,1.258,0,-1.282
1963-01-01,1.33,0.962,0.369,1.33,0,-0.962
1963-02-01,1.279,1.282,-0.003,1.279,0,-1.282
1963-03-01,1.104,1.278,-0.174,1.104,0,-1.278
1963-04-01,1.208,1.278,-0.07,1.208,0,-1.278
1963-05-01,1.25,0.955,0.294,1.25,0,-0.955
1963-06-01,1.235,1.274,-0.039,1.235,0,-1.274
1963-07-01,1.24,1.274,-0.034,1.24,0,-1.274
1963-08-01,1.319,1.27,0.049,1.319,0,-1.27
1963-09-01,1.305,1.27,0.035,1.305,0,-1.27
1963-10-01,1.536,1.587,-0.051,1.536,0,-1.587
1963-11-01,1.553,1.587,-0.034,1.553,0,-1.587
1963-12-01,1.669,1.582,0.086,1.669,0,-1.582
1964-01-01,1.617,2.222,-0.605,1.617,0,-2.222
1964-02-01,1.694,1.899,-0.205,1.694,0,-1.899
1964-03-01,1.729,1.577,0.152,1.729,0,-1.577
1964-04-01,1.697,1.577,0.12,1.697,0,-1.577
1964-05-01,1.597,1.577,0.02,1.597,0,-1.577
1964-06-01,1.498,1.572,-0.075,1.498,0,-1.572
1964-07-01,1.508,1.572,-0.064,1.508,0,-1.572
1964-08-01,1.549,1.254,0.295,1.549,0,-1.254
1964-09-01,1.408,1.254,0.154,1.408,0,-1.254
1964-10-01,1.225,1.25,-0.025,1.225,0,-1.25
1964-11-01,1.278,1.562,-0.285,1.278,0,-1.562
1964-12-01,1.276,1.246,0.03,1.276,0,-1.246
1965-01-01,1.274,1.242,0.032,1.274,0,-1.242
1965-02-01,1.2,1.242,-0.042,1.2,0,-1.242
1965-03-01,1.163,1.242,-0.079,1.163,0,-1.242
1965-04-01,1.192,1.553,-0.361,1.192,0,-1.553
1965-05-01,1.292,1.553,-0.261,1.292,0,-1.553
1965-06-01,1.196,1.238,-0.042,1.196,0,-1.238
1965-07-01,1.195,1.238,-0.044,1.195,0,-1.238
1965-08-01,1.253,1.238,0.014,1.253,0,-1.238
1965-09-01,1.329,1.548,-0.219,1.329,0,-1.548
1965-10-01,1.252,1.235,0.017,1.252,0,-1.235
1965-11-01,1.297,1.231,0.066,1.297,0,-1.231
1965-12-01,1.461,1.538,-0.078,1.461,0,-1.538
1966-01-01,1.353,1.227,0.126,1.353,0,-1.227
1966-02-01,1.481,1.534,-0.053,1.481,0,-1.534
1966-03-01,1.551,1.534,0.017,1.551,0,-1.534
1966-04-01,1.796,1.835,-0.039,1.796,0,-1.835
1966-05-01,1.881,2.141,-0.26,1.881,0,-2.141
1966-06-01,2.234,2.446,-0.212,2.234,0,-2.446
1966-07-01,2.432,2.752,-0.32,2.432,0,-2.752
1966-08-01,2.427,3.058,-0.631,2.427,0,-3.058
1966-09-01,2.624,3.049,-0.425,2.624,0,-3.049
1966-10-01,2.994,3.659,-0.665,2.994,0,-3.659
1966-11-01,3.058,3.343,-0.285,3.058,0,-3.343
1966-12-01,3.061,3.333,-0.273,3.061,0,-3.333
1967-01-01,3.124,3.636,-0.513,3.124,0,-3.636
1967-02-01,3.058,3.323,-0.265,3.058,0,-3.323
1967-03-01,3.083,3.625,-0.542,3.083,0,-3.625
1967-04-01,2.997,3.303,-0.306,2.997,0,-3.303
1967-05-01,2.948,3.293,-0.345,2.948,0,-3.293
1967-06-01,2.876,3.284,-0.408,2.876,0,-3.284
1967-07-01,2.925,3.274,-0.349,2.925,0,-3.274
1967-08-01,3.051,3.561,-0.51,3.051,0,-3.561
1967-09-01,3.099,3.55,-0.452,3.099,0,-3.55
1967-10-01,3.145,3.235,-0.09,3.145,0,-3.235
1967-11-01,3.217,3.529,-0.312,3.217,0,-3.529
1967-12-01,3.156,3.812,-0.656,3.156,0,-3.812
1968-01-01,3.521,3.801,-0.28,3.521,0,-3.801
1968-02-01,3.78,4.386,-0.606,3.78,0,-4.386
1968-03-01,4.033,4.373,-0.34,4.033,0,-4.373
1968-04-01,4.129,4.36,-0.232,4.129,0,-4.36
1968-05-01,4.293,4.348,-0.055,4.293,0,-4.348
1968-06-01,4.439,4.624,-0.185,4.439,0,-4.624
1968-07-01,4.429,4.899,-0.47,4.429,0,-4.899
1968-08-01,4.516,4.585,-0.069,4.516,0,-4.585
1968-09-01,4.566,4.857,-0.291,4.566,0,-4.857
1968-10-01,4.605,5.128,-0.524,4.605,0,-5.128
1968-11-01,4.667,5.398,-0.731,4.667,0,-5.398
1968-12-01,4.721,5.085,-0.364,4.721,0,-5.085
1969-01-01,4.651,5.07,-0.419,4.651,0,-5.07
1969-02-01,4.561,5.322,-0.762,4.561,0,-5.322
1969-03-01,4.635,5.587,-0.952,4.635,0,-5.587
1969-04-01,4.65,6.128,-1.478,4.65,0,-6.128
1969-05-01,4.675,5.833,-1.158,4.675,0,-5.833
1969-06-01,4.625,5.801,-1.176,4.625,0,-5.801
1969-07-01,4.764,5.769,-1.005,4.764,0,-5.769
1969-08-01,4.65,6.027,-1.377,4.65,0,-6.027
1969-09-01,4.647,5.995,-1.347,4.647,0,-5.995
1969-10-01,4.671,5.962,-1.291,4.671,0,-5.962
1969-11-01,4.674,5.66,-0.986,4.674,0,-5.66
1969-12-01,4.749,5.914,-1.165,4.749,0,-5.914
1970-01-01,4.7,6.166,-1.466,4.7,0,-6.166
1970-02-01,4.741,5.851,-1.11,4.741,0,-5.851
1970-03-01,4.641,6.085,-1.443,4.641,0,-6.085
1970-04-01,4.655,6.037,-1.382,4.655,0,-6.037
1970-05-01,4.605,6.299,-1.694,4.605,0,-6.299
1970-06-01,4.62,6.527,-1.907,4.62,0,-6.527
1970-07-01,4.532,6.234,-1.701,4.532,0,-6.234
1970-08-01,4.601,6.202,-1.6,4.601,0,-6.202
1970-09-01,4.618,6.17,-1.552,4.618,0,-6.17
1970-10-01,4.684,6.138,-1.454,4.684,0,-6.138
1970-11-01,4.822,6.633,-1.811,4.822,0,-6.633
1970-12-01,4.959,6.599,-1.64,4.959,0,-6.599
1971-01-01,5.027,6.313,-1.286,5.027,0,-6.313
1971-02-01,5.023,6.03,-1.007,5.023,0,-6.03
1971-03-01,4.97,5.237,-0.267,4.97,0,-5.237
1971-04-01,4.945,4.95,-0.005,4.945,0,-4.95
1971-05-01,5.031,5.185,-0.155,5.031,0,-5.185
1971-06-01,5.071,4.902,0.169,5.071,0,-4.902
1971-07-01,5.072,4.89,0.182,5.072,0,-4.89
1971-08-01,4.855,4.623,0.232,4.855,0,-4.623
1971-09-01,4.593,4.116,0.477,4.593,0,-4.116
1971-10-01,4.243,3.855,0.388,4.243,0,-3.855
1971-11-01,3.944,3.349,0.595,3.944,0,-3.349
1971-12-01,3.748,3.095,0.653,3.748,0,-3.095
1972-01-01,3.781,3.325,0.455,3.781,0,-3.325
1972-02-01,3.667,3.318,0.35,3.667,0,-3.318
1972-03-01,3.538,3.318,0.22,3.538,0,-3.318
1972-04-01,3.393,3.302,0.091,3.393,0,-3.302
1972-05-01,3.182,3.052,0.131,3.182,0,-3.052
1972-06-01,2.983,2.804,0.18,2.983,0,-2.804
1972-07-01,2.884,2.797,0.087,2.884,0,-2.797
1972-08-01,2.959,3.023,-0.065,2.959,0,-3.023
1972-09-01,3.129,3.023,0.106,3.129,0,-3.023
1972-10-01,3.028,3.016,0.011,3.028,0,-3.016
1972-11-01,3.067,2.778,0.289,3.067,0,-2.778
1972-12-01,3.053,3.002,0.05,3.053,0,-3.002
1973-01-01,2.679,2.529,0.15,2.679,0,-2.529
1973-02-01,2.726,2.752,-0.026,2.726,0,-2.752
1973-03-01,2.939,3.211,-0.272,2.939,0,-3.211
1973-04-01,3.296,2.968,0.327,3.296,0,-2.968
1973-05-01,3.455,3.189,0.266,3.455,0,-3.189
1973-06-01,3.692,3.182,0.511,3.692,0,-3.182
1973-07-01,3.84,3.175,0.665,3.84,0,-3.175
1973-08-01,4.101,3.16,0.941,4.101,0,-3.16
1973-09-01,4.281,3.837,0.443,4.281,0,-3.837
1973-10-01,4.623,4.279,0.344,4.623,0,-4.279
1973-11-01,4.852,4.73,0.122,4.852,0,-4.73
1973-12-01,5.118,4.709,0.41,5.118,0,-4.709
1974-01-01,5.569,5.157,0.412,5.569,0,-5.157
1974-02-01,5.907,5.357,0.549,5.907,0,-5.357
1974-03-01,6.303,5.778,0.525,6.303,0,-5.778
1974-04-01,6.482,6.208,0.273,6.482,0,-6.208
1974-05-01,7.092,7.064,0.028,7.092,0,-7.064
1974-06-01,7.723,7.93,-0.206,7.723,0,-7.93
1974-07-01,8.216,8.791,-0.575,8.216,0,-8.791
1974-08-01,8.752,9.847,-1.094,8.752,0,-9.847
1974-09-01,9.177,10.217,-1.041,9.177,0,-10.217
1974-10-01,9.608,10.583,-0.975,9.608,0,-10.583
1974-11-01,9.877,10.968,-1.09,9.877,0,-10.968
1974-12-01,10.043,11.349,-1.306,10.043,0,-11.349
1975-01-01,10.142,11.514,-1.372,10.142,0,-11.514
1975-02-01,10.22,11.864,-1.644,10.22,0,-11.864
1975-03-01,9.937,11.345,-1.407,9.937,0,-11.345
1975-04-01,9.653,11.273,-1.621,9.653,0,-11.273
1975-05-01,9.07,10.309,-1.239,9.07,0,-10.309
1975-06-01,8.489,9.796,-1.307,8.489,0,-9.796
1975-07-01,8.198,9.091,-0.893,8.198,0,-9.091
1975-08-01,7.536,7.968,-0.433,7.536,0,-7.968
1975-09-01,7.157,7.495,-0.338,7.157,0,-7.495
1975-10-01,6.856,7.031,-0.176,6.856,0,-7.031
1975-11-01,6.783,6.977,-0.194,6.783,0,-6.977
1975-12-01,6.677,6.731,-0.053,6.677,0,-6.731
1976-01-01,6.604,6.883,-0.279,6.604,0,-6.883
1976-02-01,6.277,6.439,-0.163,6.277,0,-6.439
1976-03-01,6.074,6.604,-0.53,6.074,0,-6.604
1976-04-01,5.973,6.379,-0.406,5.973,0,-6.379
1976-05-01,6.023,6.542,-0.519,6.023,0,-6.542
1976-06-01,5.937,6.32,-0.382,5.937,0,-6.32
1976-07-01,5.868,6.667,-0.799,5.868,0,-6.667
1976-08-01,6.114,6.827,-0.713,6.114,0,-6.827
1976-09-01,6.158,6.789,-0.631,6.158,0,-6.789
1976-10-01,6.149,6.752,-0.603,6.149,0,-6.752
1976-11-01,5.931,6.341,-0.41,5.931,0,-6.341
1976-12-01,5.862,6.126,-0.264,5.862,0,-6.126
1977-01-01,5.965,6.082,-0.117,5.965,0,-6.082
1977-02-01,6.192,6.228,-0.036,6.192,0,-6.228
1977-03-01,6.293,6.195,0.098,6.293,0,-6.195
1977-04-01,6.4,6.349,0.051,6.4,0,-6.349
1977-05-01,6.44,6.316,0.125,6.44,0,-6.316
1977-06-01,6.643,6.643,-0,6.643,0,-6.643
1977-07-01,6.715,6.25,0.465,6.715,0,-6.25
1977-08-01,6.625,6.218,0.407,6.625,0,-6.218
1977-09-01,6.451,6.186,0.266,6.451,0,-6.186
1977-10-01,6.444,5.983,0.461,6.444,0,-5.983
1977-11-01,6.511,6.133,0.378,6.511,0,-6.133
1977-12-01,6.482,6.452,0.031,6.482,0,-6.452
1978-01-01,6.47,6.408,0.062,6.47,0,-6.408
1978-02-01,6.229,6.198,0.031,6.229,0,-6.198
1978-03-01,6.353,6.333,0.02,6.353,0,-6.333
1978-04-01,6.516,6.633,-0.118,6.516,0,-6.633
1978-05-01,6.599,6.766,-0.167,6.599,0,-6.766
1978-06-01,6.556,6.885,-0.329,6.556,0,-6.885
1978-07-01,6.526,7.19,-0.664,6.526,0,-7.19
1978-08-01,6.572,7.48,-0.907,6.572,0,-7.48
1978-09-01,6.736,7.929,-1.192,6.736,0,-7.929
1978-10-01,7.002,8.387,-1.385,7.002,0,-8.387
1978-11-01,7.024,8.507,-1.484,7.024,0,-8.507
1978-12-01,6.888,8.453,-1.565,6.888,0,-8.453
1979-01-01,6.796,8.558,-1.762,6.796,0,-8.558
1979-02-01,6.735,9.148,-2.413,6.735,0,-9.148
1979-03-01,6.768,9.404,-2.636,6.768,0,-9.404
1979-04-01,7.063,9.331,-2.268,7.063,0,-9.331
1979-05-01,7.362,9.428,-2.067,7.362,0,-9.428
1979-06-01,7.364,9.356,-1.992,7.364,0,-9.356
1979-07-01,7.272,9.604,-2.332,7.272,0,-9.604
1979-08-01,7.408,9.985,-2.577,7.408,0,-9.985
1979-09-01,7.521,9.895,-2.374,7.521,0,-9.895
1979-10-01,7.517,10.119,-2.602,7.517,0,-10.119
1979-11-01,7.624,10.651,-3.027,7.624,0,-10.651
1979-12-01,7.978,11.324,-3.345,7.978,0,-11.324
1980-01-01,8.245,11.971,-3.726,8.245,0,-11.971
1980-02-01,8.966,11.994,-3.028,8.966,0,-11.994
1980-03-01,9.35,12.607,-3.258,9.35,0,-12.607
1980-04-01,8.904,13.087,-4.183,8.904,0,-13.087
1980-05-01,8.836,13.136,-4.3,8.836,0,-13.136
1980-06-01,8.948,13.604,-4.656,8.948,0,-13.604
1980-07-01,9.165,12.378,-3.214,9.165,0,-12.378
1980-08-01,9.23,11.829,-2.6,9.23,0,-11.829
1980-09-01,9.513,12.005,-2.492,9.513,0,-12.005
1980-10-01,9.613,12.162,-2.549,9.613,0,-12.162
1980-11-01,9.775,12.166,-2.39,9.775,0,-12.166
1980-12-01,9.647,12.153,-2.506,9.647,0,-12.153
1981-01-01,9.765,11.343,-1.578,9.765,0,-11.343
1981-02-01,9.475,10.839,-1.364,9.475,0,-10.839
1981-03-01,9.072,9.924,-0.852,9.072,0,-9.924
1981-04-01,9.208,9.434,-0.226,9.208,0,-9.434
1981-05-01,9.081,9.613,-0.532,9.081,0,-9.613
1981-06-01,8.902,9.383,-0.481,8.902,0,-9.383
1981-07-01,8.795,11.139,-2.343,8.795,0,-11.139
1981-08-01,8.737,11.562,-2.825,8.737,0,-11.562
1981-09-01,8.428,11.815,-3.387,8.428,0,-11.815
1981-10-01,8.185,10.964,-2.779,8.185,0,-10.964
1981-11-01,7.965,10.25,-2.285,7.965,0,-10.25
1981-12-01,7.718,9.541,-1.823,7.718,0,-9.541
1982-01-01,7.446,9.251,-1.805,7.446,0,-9.251
1982-02-01,7.078,9.197,-2.119,7.078,0,-9.197
1982-03-01,6.952,8.681,-1.728,6.952,0,-8.681
1982-04-01,6.694,8.851,-2.157,6.694,0,-8.851
1982-05-01,6.541,8.656,-2.115,6.541,0,-8.656
1982-06-01,6.545,8.465,-1.92,6.545,0,-8.465
1982-07-01,6.593,7.684,-1.091,6.593,0,-7.684
1982-08-01,6.371,7.056,-0.685,6.371,0,-7.056
1982-09-01,6.069,5.882,0.187,6.069,0,-5.882
1982-10-01,6.109,5.863,0.246,6.109,0,-5.863
1982-11-01,5.883,5.189,0.694,5.883,0,-5.189
1982-12-01,5.828,4.516,1.312,5.828,0,-4.516
1983-01-01,5.903,4.609,1.294,5.903,0,-4.609
1983-02-01,5.887,4.478,1.409,5.887,0,-4.478
1983-03-01,5.56,4.579,0.981,5.56,0,-4.579
1983-04-01,5.462,4.118,1.344,5.462,0,-4.118
1983-05-01,5.043,3.669,1.374,5.043,0,-3.669
1983-06-01,5.006,3.226,1.78,5.006,0,-3.226
1983-07-01,5.033,3.206,1.827,5.033,0,-3.206
1983-08-01,5.091,3.09,2.001,5.091,0,-3.09
1983-09-01,5.126,3.395,1.731,5.126,0,-3.395
1983-10-01,4.649,3.59,1.059,4.649,0,-3.59
1983-11-01,4.507,4.317,0.191,4.507,0,-4.317
1983-12-01,4.253,4.733,-0.479,4.253,0,-4.733
1984-01-01,3.889,5.02,-1.131,3.889,0,-5.02
1984-02-01,4.158,4.898,-0.74,4.158,0,-4.898
1984-03-01,4.421,5.092,-0.671,4.421,0,-5.092
1984-04-01,4.595,5.172,-0.577,4.595,0,-5.172
1984-05-01,4.687,5.258,-0.571,4.687,0,-5.258
1984-06-01,4.446,5.343,-0.897,4.446,0,-5.343
1984-07-01,4.193,5.21,-1.017,4.193,0,-5.21
1984-08-01,4,5.295,-1.295,4,0,-5.295
1984-09-01,3.74,5.274,-1.534,3.74,0,-5.274
1984-10-01,3.789,5.149,-1.36,3.789,0,-5.149
1984-11-01,3.767,4.828,-1.06,3.767,0,-4.828
1984-12-01,4.101,4.912,-0.811,4.101,0,-4.912
1985-01-01,4.338,4.488,-0.15,4.338,0,-4.488
1985-02-01,4.222,4.767,-0.545,4.222,0,-4.767
1985-03-01,4.191,4.748,-0.557,4.191,0,-4.748
1985-04-01,3.827,4.532,-0.706,3.827,0,-4.532
1985-05-01,3.943,4.515,-0.572,3.943,0,-4.515
1985-06-01,4.042,4.402,-0.36,4.042,0,-4.402
1985-07-01,3.898,4.19,-0.292,3.898,0,-4.19
1985-08-01,4.065,4.175,-0.109,4.065,0,-4.175
1985-09-01,4.121,3.97,0.151,4.121,0,-3.97
1985-10-01,4.054,4.049,0.005,4.054,0,-4.049
1985-11-01,4.088,4.417,-0.329,4.088,0,-4.417
1985-12-01,3.96,4.307,-0.347,3.96,0,-4.307
1986-01-01,3.938,4.482,-0.544,3.938,0,-4.482
1986-02-01,3.669,4.178,-0.51,3.669,0,-4.178
1986-03-01,3.621,4.07,-0.449,3.621,0,-4.07
1986-04-01,3.686,4.151,-0.466,3.686,0,-4.151
1986-05-01,3.506,3.952,-0.446,3.506,0,-3.952
1986-06-01,3.475,3.941,-0.467,3.475,0,-3.941
1986-07-01,3.361,4.022,-0.661,3.361,0,-4.022
1986-08-01,3.067,4.007,-0.941,3.067,0,-4.007
1986-09-01,3.193,4.182,-0.989,3.193,0,-4.182
1986-10-01,3.378,4.072,-0.695,3.378,0,-4.072
1986-11-01,3.344,3.78,-0.436,3.344,0,-3.78
1986-12-01,3.197,3.77,-0.573,3.197,0,-3.77
1987-01-01,2.89,3.575,-0.684,2.89,0,-3.575
1987-02-01,2.834,3.565,-0.731,2.572,-0.001,-3.302
1987-03-01,2.826,3.644,-0.819,2.225,-0.001,-3.042
1987-04-01,3.075,3.897,-0.822,2.123,-0.002,-2.944
1987-05-01,3.188,4.067,-0.879,1.945,-0.002,-2.823
1987-06-01,3.161,3.968,-0.807,1.646,-0.003,-2.451
1987-07-01,3.24,3.954,-0.714,1.468,-0.003,-2.179
1987-08-01,3.378,3.94,-0.563,1.26,-0.004,-1.818
1987-09-01,3.447,4.014,-0.566,0.915,-0.005,-1.477
1987-10-01,3.537,4.174,-0.637,0.575,-0.005,-1.207
1987-11-01,3.534,4.163,-0.63,0.329,-0.005,-0.953
1987-12-01,3.617,4.152,-0.536,0.21,-0.005,-0.741
1988-01-01,3.857,4.314,-0.457,-0.028,-0.006,-0.423
1988-02-01,3.859,4.303,-0.444,0.035,-0.005,-0.474
1988-03-01,3.995,4.374,-0.379,0.081,-0.005,-0.455
1988-04-01,4.059,4.263,-0.203,0.01,-0.006,-0.208
1988-05-01,4.121,4.248,-0.127,0.02,-0.007,-0.14
1988-06-01,4.275,4.495,-0.221,0.014,-0.007,-0.227
1988-07-01,4.43,4.48,-0.05,0.005,-0.007,-0.047
1988-08-01,4.337,4.465,-0.128,0.003,-0.007,-0.124
1988-09-01,4.481,4.614,-0.133,0.009,-0.008,-0.134
1988-10-01,4.433,4.508,-0.075,-0.011,-0.008,-0.056
1988-11-01,4.501,4.58,-0.079,0.016,-0.009,-0.086
1988-12-01,4.628,4.651,-0.024,0.004,-0.009,-0.019
1989-01-01,4.662,4.632,0.031,0.012,-0.008,0.026
1989-02-01,4.713,4.703,0.01,0.013,-0.008,0.004
1989-03-01,4.579,4.684,-0.105,0.012,-0.007,-0.11
1989-04-01,4.422,4.497,-0.075,-0.004,-0.007,-0.064
1989-05-01,4.379,4.564,-0.185,-0.01,-0.007,-0.169
1989-06-01,4.216,4.545,-0.329,-0.013,-0.006,-0.31
1989-07-01,4.06,4.531,-0.471,-0.012,-0.006,-0.453
1989-08-01,3.946,4.435,-0.49,-0.011,-0.006,-0.473
1989-09-01,3.751,4.17,-0.419,-0.01,-0.007,-0.402
1989-10-01,3.733,4.313,-0.58,-0.006,-0.007,-0.566
1989-11-01,3.725,4.379,-0.654,-0.004,-0.008,-0.642
1989-12-01,3.675,4.444,-0.769,-0.004,-0.01,-0.755
1990-01-01,3.55,4.427,-0.877,-0.002,-0.012,-0.864
1990-02-01,3.789,4.571,-0.781,-0.004,-0.014,-0.764
1990-03-01,3.978,4.788,-0.81,-0.006,-0.015,-0.789
1990-04-01,3.939,4.851,-0.913,0.001,-0.015,-0.899
1990-05-01,3.946,4.754,-0.809,0.002,-0.014,-0.796
1990-06-01,4.073,4.891,-0.818,0.003,-0.014,-0.807
1990-07-01,4.068,5.108,-1.04,0.007,-0.013,-1.033
1990-08-01,4.356,5.483,-1.127,0.009,-0.013,-1.122
1990-09-01,4.358,5.543,-1.185,0.013,-0.013,-1.185
1990-10-01,4.334,5.36,-1.026,0.022,-0.013,-1.035
1990-11-01,4.183,5.263,-1.08,0.019,-0.012,-1.087
1990-12-01,4.032,5.319,-1.287,0.012,-0.01,-1.289
1991-01-01,4.15,5.602,-1.452,-0.018,-0.011,-1.423
1991-02-01,3.933,5.652,-1.719,-0.022,-0.01,-1.686
1991-03-01,3.652,5.243,-1.592,-0.024,-0.008,-1.559
1991-04-01,3.551,5.149,-1.599,-0.022,-0.008,-1.568
1991-05-01,3.646,5.134,-1.488,-0.021,-0.012,-1.454
1991-06-01,3.468,4.959,-1.491,-0.021,-0.015,-1.455
1991-07-01,3.522,4.786,-1.264,-0.023,-0.019,-1.222
1991-08-01,3.376,4.612,-1.236,-0.022,-0.021,-1.192
1991-09-01,3.428,4.595,-1.167,-0.02,-0.023,-1.123
1991-10-01,3.305,4.433,-1.128,-0.019,-0.023,-1.086
1991-11-01,3.373,4.493,-1.119,-0.014,-0.023,-1.083
1991-12-01,3.484,4.401,-0.917,-0.005,-0.024,-0.888
1992-01-01,3.251,4.014,-0.763,0.015,-0.024,-0.754
1992-02-01,3.247,3.709,-0.462,0.025,-0.025,-0.461
1992-03-01,3.289,3.843,-0.555,0.031,-0.029,-0.557
1992-04-01,3.421,3.833,-0.412,0.033,-0.03,-0.414
1992-05-01,3.155,3.892,-0.737,0.037,-0.027,-0.747
1992-06-01,3.012,3.738,-0.725,0.04,-0.03,-0.735
1992-07-01,3.088,3.725,-0.637,0.043,-0.026,-0.653
1992-08-01,2.899,3.499,-0.599,0.045,-0.024,-0.62
1992-09-01,2.656,3.278,-0.621,0.046,-0.026,-0.641
1992-10-01,2.825,3.549,-0.724,0.047,-0.026,-0.746
1992-11-01,2.857,3.467,-0.61,0.046,-0.027,-0.63
1992-12-01,2.795,3.386,-0.591,0.043,-0.027,-0.607
1993-01-01,2.814,3.446,-0.632,0.032,-0.027,-0.636
1993-02-01,2.731,3.576,-0.845,0.027,-0.026,-0.846
1993-03-01,2.7,3.358,-0.659,0.025,-0.029,-0.656
1993-04-01,2.661,3.486,-0.825,0.023,-0.027,-0.82
1993-05-01,2.864,3.406,-0.542,0.019,-0.026,-0.535
1993-06-01,2.882,3.399,-0.517,0.015,-0.024,-0.508
1993-07-01,2.707,3.184,-0.477,0.013,-0.024,-0.466
1993-08-01,2.805,3.313,-0.508,0.008,-0.028,-0.488
1993-09-01,2.793,3.241,-0.448,0.004,-0.023,-0.429
1993-10-01,2.567,3.091,-0.524,-0.003,-0.026,-0.495
1993-11-01,2.607,3.15,-0.543,-0.012,-0.025,-0.505
1993-12-01,2.463,3.142,-0.679,-0.018,-0.024,-0.636
1994-01-01,2.247,2.931,-0.685,-0.021,-0.022,-0.641
1994-02-01,2.273,2.789,-0.516,-0.026,-0.022,-0.468
1994-03-01,2.397,2.984,-0.587,-0.032,-0.018,-0.537
1994-04-01,2.254,2.708,-0.454,-0.036,-0.017,-0.401
1994-05-01,2.136,2.701,-0.565,-0.037,-0.018,-0.51
1994-06-01,2.265,2.827,-0.562,-0.038,-0.015,-0.509
1994-07-01,2.268,2.889,-0.621,-0.039,-0.016,-0.566
1994-08-01,2.192,2.814,-0.623,-0.041,-0.014,-0.569
1994-09-01,2.193,3.009,-0.816,-0.038,-0.014,-0.764
1994-10-01,2.266,2.868,-0.603,-0.032,-0.014,-0.557
1994-11-01,2.189,2.794,-0.605,-0.02,-0.019,-0.566
1994-12-01,2.178,2.592,-0.414,-0.01,-0.016,-0.388
1995-01-01,2.351,2.913,-0.561,0.001,-0.018,-0.544
1995-02-01,2.297,2.972,-0.675,0.01,-0.022,-0.663
1995-03-01,2.2,2.962,-0.762,0.019,-0.023,-0.758
1995-04-01,2.284,3.151,-0.867,0.026,-0.024,-0.869
1995-05-01,2.23,3.079,-0.849,0.028,-0.025,-0.851
1995-06-01,2.092,3.005,-0.913,0.032,-0.03,-0.915
1995-07-01,2.039,2.999,-0.96,0.037,-0.03,-0.967
1995-08-01,2.17,2.992,-0.822,0.044,-0.035,-0.831
1995-09-01,2.149,2.984,-0.836,0.046,-0.039,-0.843
1995-10-01,2.157,3.105,-0.948,0.046,-0.04,-0.954
1995-11-01,2.036,3.034,-0.998,0.044,-0.039,-1.004
1995-12-01,2.145,3.032,-0.887,0.041,-0.042,-0.887
1996-01-01,2.007,2.956,-0.949,0.037,-0.043,-0.943
1996-02-01,1.973,2.886,-0.913,0.032,-0.047,-0.899
1996-03-01,1.959,2.814,-0.855,0.026,-0.05,-0.831
1996-04-01,1.86,2.618,-0.758,0.025,-0.056,-0.727
1996-05-01,1.864,2.676,-0.811,0.025,-0.058,-0.778
1996-06-01,1.854,2.669,-0.815,0.023,-0.056,-0.782
1996-07-01,1.884,2.664,-0.78,0.016,-0.059,-0.737
1996-08-01,1.728,2.596,-0.867,0.012,-0.055,-0.824
1996-09-01,1.903,2.651,-0.748,0.011,-0.055,-0.704
1996-10-01,1.897,2.52,-0.623,0.007,-0.054,-0.576
1996-11-01,1.965,2.577,-0.612,0.005,-0.055,-0.562
1996-12-01,1.86,2.636,-0.776,0.004,-0.063,-0.717
1997-01-01,1.854,2.505,-0.651,0.003,-0.066,-0.588
1997-02-01,1.93,2.5,-0.57,0.004,-0.062,-0.512
1997-03-01,1.937,2.433,-0.496,0.004,-0.061,-0.439
1997-04-01,1.999,2.612,-0.614,0.002,-0.057,-0.559
1997-05-01,1.896,2.545,-0.65,0.001,-0.06,-0.59
1997-06-01,1.968,2.418,-0.45,0.003,-0.062,-0.391
1997-07-01,1.847,2.414,-0.567,0.012,-0.061,-0.519
1997-08-01,1.718,2.289,-0.572,0.015,-0.066,-0.521
1997-09-01,1.621,2.222,-0.602,0.014,-0.064,-0.551
1997-10-01,1.534,2.278,-0.745,0.016,-0.066,-0.695
1997-11-01,1.432,2.153,-0.722,0.023,-0.064,-0.68
1997-12-01,1.452,2.27,-0.818,0.021,-0.058,-0.782
1998-01-01,1.498,2.265,-0.766,0.021,-0.057,-0.73
1998-02-01,1.377,2.261,-0.883,0.018,-0.053,-0.848
1998-03-01,1.244,2.257,-1.012,0.017,-0.046,-0.984
1998-04-01,1.232,2.131,-0.9,0.02,-0.044,-0.876
1998-05-01,1.256,2.187,-0.931,0.028,-0.038,-0.921
1998-06-01,0.98,2.243,-1.264,0.028,-0.033,-1.259
1998-07-01,1.195,2.239,-1.044,0.024,-0.028,-1.041
1998-08-01,1.434,2.473,-1.04,0.022,-0.026,-1.036
1998-09-01,1.207,2.35,-1.143,0.022,-0.025,-1.14
1998-10-01,1.251,2.227,-0.977,0.02,-0.024,-0.972
1998-11-01,1.238,2.342,-1.104,0.017,-0.026,-1.095
1998-12-01,1.354,2.453,-1.1,0.014,-0.023,-1.09
1999-01-01,1.343,2.331,-0.988,0.02,-0.022,-0.986
1999-02-01,1.222,2.152,-0.931,0.023,-0.021,-0.933
1999-03-01,1.144,2.033,-0.888,0.026,-0.022,-0.892
1999-04-01,1.218,2.203,-0.985,0.022,-0.024,-0.982
1999-05-01,1.217,2.082,-0.865,0.019,-0.023,-0.862
1999-06-01,1.398,1.963,-0.565,0.008,-0.024,-0.55
1999-07-01,1.295,2.075,-0.78,0.01,-0.021,-0.77
1999-08-01,1.147,1.897,-0.75,0.012,-0.016,-0.746
1999-09-01,1.431,2.067,-0.635,0.013,-0.015,-0.632
1999-10-01,1.407,2.122,-0.715,0.013,-0.01,-0.718
1999-11-01,1.486,2.059,-0.574,0.006,-0.006,-0.574
1999-12-01,1.44,1.881,-0.442,0.011,-0.006,-0.447
2000-01-01,1.539,2.107,-0.568,0.004,-0.003,-0.569
2000-02-01,1.722,2.164,-0.442,0.001,-0.005,-0.437
2000-03-01,1.901,2.447,-0.546,-0.001,-0.007,-0.538
2000-04-01,1.707,2.269,-0.562,0.005,-0.004,-0.563
2000-05-01,1.719,2.38,-0.661,-0.002,-0.004,-0.654
2000-06-01,1.742,2.548,-0.806,0.014,-0.006,-0.814
2000-07-01,1.792,2.484,-0.692,0.017,-0.012,-0.698
2000-08-01,1.873,2.594,-0.722,0.013,-0.012,-0.723
2000-09-01,1.85,2.531,-0.681,0.02,-0.011,-0.69
2000-10-01,1.818,2.527,-0.708,0.023,-0.019,-0.712
2000-11-01,1.9,2.635,-0.734,0.02,-0.017,-0.737
2000-12-01,1.871,2.574,-0.703,0.016,-0.019,-0.701
2001-01-01,2.005,2.566,-0.56,0.014,-0.022,-0.552
2001-02-01,2.036,2.787,-0.751,0.016,-0.021,-0.747
2001-03-01,1.932,2.611,-0.679,0.015,-0.019,-0.674
2001-04-01,2.028,2.662,-0.635,0.015,-0.022,-0.628
2001-05-01,1.943,2.546,-0.603,0.023,-0.021,-0.605
2001-06-01,2.092,2.706,-0.613,0.016,-0.021,-0.609
2001-07-01,2.122,2.7,-0.578,0.01,-0.018,-0.569
2001-08-01,2.042,2.639,-0.597,0.014,-0.018,-0.593
2001-09-01,1.217,2.633,-1.416,0.015,-0.02,-1.412
2001-10-01,1.787,2.629,-0.841,0.008,-0.016,-0.834
2001-11-01,1.815,2.731,-0.916,0.016,-0.01,-0.922
2001-12-01,1.739,2.782,-1.044,0.023,-0.008,-1.059
2002-01-01,1.418,2.61,-1.192,0.023,-0.009,-1.206
2002-02-01,1.433,2.549,-1.116,0.014,-0.01,-1.12
2002-03-01,1.449,2.436,-0.988,0.019,-0.012,-0.996
2002-04-01,1.57,2.485,-0.915,0.027,-0.01,-0.933
2002-05-01,1.659,2.536,-0.878,0.031,-0.014,-0.895
2002-06-01,1.593,2.258,-0.665,0.033,-0.013,-0.685
2002-07-01,1.538,2.2,-0.661,0.03,-0.016,-0.675
2002-08-01,1.688,2.357,-0.669,0.027,-0.017,-0.679
2002-09-01,2.436,2.245,0.191,0.017,-0.02,0.194
2002-10-01,1.806,2.188,-0.382,0.022,-0.018,-0.386
2002-11-01,1.698,2.02,-0.323,0.014,-0.023,-0.314
2002-12-01,1.769,1.964,-0.195,-0.003,-0.024,-0.168
2003-01-01,1.781,1.961,-0.18,-0.028,-0.019,-0.133
2003-02-01,1.727,1.798,-0.071,-0.016,-0.019,-0.037
2003-03-01,1.769,1.744,0.025,-0.008,-0.019,0.052
2003-04-01,1.598,1.476,0.122,-0.004,-0.022,0.148
2003-05-01,1.632,1.526,0.105,-0.002,-0.021,0.128
2003-06-01,1.527,1.472,0.055,-0,-0.022,0.077
2003-07-01,1.574,1.522,0.052,0,-0.024,0.076
2003-08-01,1.489,1.308,0.181,0.001,-0.029,0.209
2003-09-01,1.465,1.255,0.21,0.002,-0.024,0.232
2003-10-01,1.566,1.305,0.26,0.004,-0.026,0.282
2003-11-01,1.605,1.094,0.511,0.013,-0.03,0.529
2003-12-01,1.637,1.093,0.544,0.031,-0.03,0.543
2004-01-01,1.829,1.143,0.686,0.09,-0.032,0.627
2004-02-01,1.853,1.247,0.607,0.084,-0.034,0.556
2004-03-01,1.86,1.558,0.302,0.07,-0.035,0.266
2004-04-01,2.012,1.766,0.246,0.072,-0.031,0.206
2004-05-01,2.006,1.711,0.295,0.069,-0.029,0.255
2004-06-01,2.11,1.865,0.245,0.066,-0.029,0.208
2004-07-01,1.976,1.758,0.218,0.074,-0.025,0.169
2004-08-01,1.9,1.705,0.195,0.067,-0.019,0.148
2004-09-01,1.949,1.962,-0.013,0.069,-0.025,-0.056
2004-10-01,1.982,2.01,-0.028,0.059,-0.024,-0.064
2004-11-01,2.063,2.216,-0.154,0.058,-0.021,-0.191
2004-12-01,2.066,2.266,-0.199,0.052,-0.023,-0.229
2005-01-01,2.171,2.261,-0.09,0.064,-0.024,-0.129
2005-02-01,2.175,2.309,-0.133,0.064,-0.024,-0.173
2005-03-01,2.256,2.353,-0.097,0.066,-0.026,-0.137
2005-04-01,2.108,2.195,-0.087,0.042,-0.031,-0.098
2005-05-01,2.177,2.192,-0.015,0.033,-0.033,-0.014
2005-06-01,2.086,2.035,0.052,0.033,-0.032,0.051
2005-07-01,2.115,2.083,0.032,0.033,-0.032,0.03
2005-08-01,2.159,2.133,0.026,0.04,-0.032,0.018
2005-09-01,2.193,1.924,0.269,0.037,-0.029,0.261
2005-10-01,2.265,2.072,0.193,0.063,-0.028,0.159
2005-11-01,2.306,2.118,0.188,0.056,-0.027,0.159
2005-12-01,2.281,2.115,0.166,0.056,-0.025,0.135
2006-01-01,2.142,2.111,0.032,0.021,-0.028,0.039
2006-02-01,2.138,2.106,0.031,0.022,-0.029,0.038
2006-03-01,2.168,2.099,0.069,0.016,-0.03,0.083
2006-04-01,2.362,2.298,0.064,0.037,-0.032,0.059
2006-05-01,2.409,2.444,-0.035,0.077,-0.032,-0.08
2006-06-01,2.596,2.642,-0.046,0.075,-0.037,-0.085
2006-07-01,2.546,2.688,-0.142,0.057,-0.036,-0.163
2006-08-01,2.671,2.834,-0.163,0.055,-0.042,-0.176
2006-09-01,2.606,2.931,-0.325,0.053,-0.04,-0.338
2006-10-01,2.497,2.772,-0.275,0.061,-0.045,-0.291
2006-11-01,2.284,2.617,-0.333,0.065,-0.046,-0.352
2006-12-01,2.316,2.613,-0.298,0.065,-0.043,-0.319
2007-01-01,2.5,2.657,-0.157,0.094,-0.04,-0.211
2007-02-01,2.556,2.719,-0.162,0.093,-0.039,-0.217
2007-03-01,2.377,2.505,-0.128,0.1,-0.035,-0.193
2007-04-01,2.211,2.416,-0.205,0.096,-0.035,-0.265
2007-05-01,2.076,2.268,-0.192,0.058,-0.03,-0.22
2007-06-01,1.987,2.182,-0.194,0.057,-0.026,-0.225
2007-07-01,2.041,2.168,-0.127,0.084,-0.036,-0.175
2007-08-01,1.985,2.088,-0.104,0.081,-0.046,-0.139
2007-09-01,2.102,2.101,0.001,0.093,-0.041,-0.051
2007-10-01,2.184,2.157,0.027,0.071,-0.038,-0.007
2007-11-01,2.336,2.339,-0.003,0.085,-0.037,-0.052
2007-12-01,2.403,2.435,-0.032,0.072,-0.05,-0.054
2008-01-01,2.193,2.479,-0.286,0.018,-0.045,-0.259
2008-02-01,2.072,2.297,-0.225,0.015,-0.04,-0.2
2008-03-01,2.17,2.389,-0.219,0.004,-0.043,-0.18
2008-04-01,2.084,2.295,-0.211,-0.034,-0.036,-0.142
2008-05-01,2.149,2.322,-0.173,-0.025,-0.039,-0.109
2008-06-01,2.214,2.392,-0.178,-0.021,-0.041,-0.115
2008-07-01,2.244,2.463,-0.219,-0.059,-0.034,-0.126
2008-08-01,2.218,2.498,-0.28,-0.066,-0.019,-0.196
2008-09-01,2.044,2.439,-0.395,-0.077,-0.028,-0.29
2008-10-01,1.634,2.221,-0.587,-0.172,-0.019,-0.396
2008-11-01,1.39,2.016,-0.626,-0.211,-0.02,-0.394
2008-12-01,1.138,1.762,-0.625,-0.208,-0.014,-0.402
2009-01-01,0.906,1.672,-0.766,-0.25,-0.011,-0.505
2009-02-01,0.888,1.801,-0.913,-0.262,-0.013,-0.639
2009-03-01,0.762,1.788,-1.025,-0.271,-0.01,-0.744
2009-04-01,0.928,1.932,-1.004,-0.249,-0.009,-0.746
2009-05-01,0.822,1.846,-1.024,-0.239,-0.012,-0.773
2009-06-01,0.72,1.712,-0.992,-0.227,-0.008,-0.757
2009-07-01,0.626,1.527,-0.902,-0.161,-0.01,-0.73
2009-08-01,0.651,1.434,-0.783,-0.122,-0.012,-0.649
2009-09-01,0.725,1.48,-0.755,-0.114,-0.021,-0.62
2009-10-01,1.24,1.713,-0.473,0.032,-0.02,-0.486
2009-11-01,1.373,1.714,-0.341,0.052,-0.016,-0.377
2009-12-01,1.51,1.824,-0.314,0.078,-0.022,-0.37
2010-01-01,1.691,1.512,0.179,0.142,-0.025,0.062
2010-02-01,1.699,1.349,0.349,0.147,-0.023,0.225
2010-03-01,1.777,1.159,0.618,0.176,-0.03,0.472
2010-04-01,1.603,0.968,0.635,0.209,-0.043,0.469
2010-05-01,1.637,0.94,0.697,0.19,-0.045,0.551
2010-06-01,1.556,0.95,0.605,0.155,-0.06,0.511
2010-07-01,1.471,0.958,0.513,0.078,-0.072,0.506
2010-08-01,1.418,0.917,0.501,0.073,-0.065,0.493
2010-09-01,1.297,0.814,0.482,0.057,-0.052,0.478
2010-10-01,1.079,0.603,0.476,0.066,-0.059,0.469
2010-11-01,1.122,0.672,0.45,0.078,-0.064,0.435
2010-12-01,1.057,0.662,0.395,0.058,-0.072,0.409
2011-01-01,1.123,0.984,0.14,0.101,-0.071,0.11
2011-02-01,1.212,1.124,0.087,0.116,-0.074,0.046
2011-03-01,1.215,1.21,0.005,0.118,-0.074,-0.039
2011-04-01,1.395,1.316,0.079,0.102,-0.066,0.043
2011-05-01,1.524,1.454,0.069,0.107,-0.067,0.029
2011-06-01,1.586,1.584,0.003,0.124,-0.052,-0.07
2011-07-01,1.734,1.741,-0.007,0.149,-0.038,-0.118
2011-08-01,1.84,1.965,-0.126,0.121,-0.041,-0.206
2011-09-01,1.851,1.988,-0.137,0.109,-0.045,-0.201
2011-10-01,1.745,2.108,-0.363,-0.045,-0.056,-0.262
2011-11-01,1.828,2.138,-0.31,-0.02,-0.047,-0.243
2011-12-01,1.975,2.277,-0.302,-0.02,-0.021,-0.261
2012-01-01,2.061,2.277,-0.216,-0.027,-0.025,-0.164
2012-02-01,2.026,2.16,-0.134,-0.015,-0.037,-0.083
2012-03-01,2.045,2.248,-0.203,-0.008,-0.034,-0.162
2012-04-01,1.965,2.314,-0.349,0.035,-0.035,-0.349
2012-05-01,1.827,2.252,-0.426,0.034,-0.027,-0.432
2012-06-01,1.819,2.192,-0.373,0.02,-0.04,-0.353
2012-07-01,1.774,2.11,-0.336,0.043,-0.043,-0.336
2012-08-01,1.636,1.935,-0.299,0.06,-0.059,-0.3
2012-09-01,1.692,2.008,-0.317,0.098,-0.061,-0.354
2012-10-01,1.889,1.995,-0.105,0.229,-0.053,-0.281
2012-11-01,1.783,1.953,-0.17,0.2,-0.049,-0.321
2012-12-01,1.69,1.9,-0.21,0.22,-0.058,-0.371
2013-01-01,1.592,1.91,-0.318,0.21,-0.062,-0.465
2013-02-01,1.56,1.989,-0.429,0.206,-0.049,-0.586
2013-03-01,1.481,1.889,-0.408,0.19,-0.053,-0.545
2013-04-01,1.377,1.716,-0.338,0.195,-0.058,-0.476
2013-05-01,1.393,1.646,-0.253,0.209,-0.064,-0.398
2013-06-01,1.464,1.623,-0.159,0.213,-0.051,-0.322
2013-07-01,1.488,1.7,-0.212,0.191,-0.05,-0.354
2013-08-01,1.533,1.782,-0.249,0.205,-0.041,-0.412
2013-09-01,1.529,1.752,-0.223,0.173,-0.031,-0.365
2013-10-01,1.455,1.687,-0.232,0.197,-0.025,-0.404
2013-11-01,1.514,1.742,-0.227,0.209,-0.046,-0.39
2013-12-01,1.547,1.741,-0.193,0.202,-0.059,-0.336
2014-01-01,1.452,1.607,-0.155,0.223,-0.052,-0.326
2014-02-01,1.39,1.555,-0.165,0.198,-0.058,-0.305
2014-03-01,1.447,1.646,-0.198,0.237,-0.054,-0.381
2014-04-01,1.571,1.821,-0.25,0.182,-0.047,-0.385
2014-05-01,1.624,1.946,-0.322,0.156,-0.044,-0.434
2014-06-01,1.564,1.923,-0.359,0.171,-0.038,-0.492
2014-07-01,1.61,1.845,-0.235,0.215,-0.028,-0.422
2014-08-01,1.54,1.736,-0.197,0.181,-0.018,-0.36
2014-09-01,1.555,1.741,-0.186,0.208,-0.033,-0.361
2014-10-01,1.471,1.818,-0.347,0.112,-0.033,-0.426
2014-11-01,1.393,1.742,-0.349,0.124,-0.019,-0.454
2014-12-01,1.356,1.622,-0.266,0.131,-0.017,-0.38
2015-01-01,1.21,1.632,-0.422,0.09,-0.021,-0.491
2015-02-01,1.277,1.688,-0.411,0.104,-0.016,-0.499
2015-03-01,1.281,1.745,-0.465,0.085,-0.004,-0.546
2015-04-01,1.294,1.803,-0.508,0.092,-0.006,-0.595
2015-05-01,1.247,1.751,-0.504,0.094,0.004,-0.602
2015-06-01,1.254,1.777,-0.523,0.104,-0.007,-0.62
2015-07-01,1.179,1.835,-0.656,0.069,-0.024,-0.701
2015-08-01,1.221,1.851,-0.629,0.083,-0.02,-0.692
2015-09-01,1.232,1.897,-0.665,0.037,-0.009,-0.692
2015-10-01,1.178,1.914,-0.736,0.011,-0.009,-0.738
2015-11-01,1.197,1.997,-0.801,0.019,-0.02,-0.799
2015-12-01,1.192,2.072,-0.88,0.007,-0.017,-0.87
2016-01-01,1.406,2.145,-0.739,-0.006,-0.019,-0.714
2016-02-01,1.466,2.223,-0.757,-0.05,-0.025,-0.682
2016-03-01,1.457,2.142,-0.685,-0.059,-0.046,-0.58
2016-04-01,1.52,2.157,-0.637,-0.043,-0.032,-0.561
2016-05-01,1.569,2.255,-0.686,-0.033,-0.072,-0.581
2016-06-01,1.552,2.262,-0.71,-0.032,-0.065,-0.612
2016-07-01,1.599,2.17,-0.571,-0.026,-0.052,-0.493
2016-08-01,1.697,2.309,-0.612,-0.013,-0.07,-0.529
2016-09-01,1.685,2.271,-0.586,0.016,-0.07,-0.532
2016-10-01,1.782,2.205,-0.422,0.088,-0.091,-0.42
2016-11-01,1.719,2.145,-0.427,0.052,-0.098,-0.381
2016-12-01,1.77,2.197,-0.427,0.038,-0.1,-0.366
2017-01-01,1.863,2.25,-0.387,0.055,-0.073,-0.369
2017-02-01,1.867,2.235,-0.368,0.095,-0.077,-0.386
2017-03-01,1.679,2.046,-0.367,0.09,-0.071,-0.386
2017-04-01,1.637,1.897,-0.26,0.091,-0.09,-0.26
2017-05-01,1.546,1.737,-0.192,0.107,-0.037,-0.262
2017-06-01,1.576,1.699,-0.123,0.106,-0.033,-0.196
2017-07-01,1.503,1.677,-0.174,0.073,-0.023,-0.224
2017-08-01,1.434,1.655,-0.222,0.067,-0.022,-0.266
2017-09-01,1.423,1.595,-0.173,0.077,-0.041,-0.209
2017-10-01,1.541,1.76,-0.219,0.081,-0.01,-0.289
2017-11-01,1.545,1.738,-0.192,0.098,-0.005,-0.285
2017-12-01,1.577,1.77,-0.193,0.115,-0.009,-0.299
2018-01-01,1.632,1.891,-0.259,0.108,-0.007,-0.361
2018-02-01,1.644,1.878,-0.233,0.115,-0.028,-0.32
2018-03-01,1.909,2.123,-0.214,0.108,-0.035,-0.287
2018-04-01,1.884,2.151,-0.266,0.06,-0.023,-0.303
2018-05-01,1.981,2.273,-0.292,0.043,-0.057,-0.278
2018-06-01,1.936,2.246,-0.309,0.044,-0.059,-0.294
2018-07-01,1.996,2.268,-0.272,0.07,-0.062,-0.28
2018-08-01,1.896,2.121,-0.225,0.062,-0.051,-0.236
2018-09-01,1.96,2.198,-0.237,0.072,-0.038,-0.271
2018-10-01,1.871,2.126,-0.256,0.06,-0.052,-0.264
2018-11-01,2.01,2.215,-0.205,-0.005,-0.038,-0.161
2018-12-01,2.038,2.249,-0.21,-0.015,-0.048,-0.147
2019-01-01,1.844,2.179,-0.335,-0.096,-0.089,-0.15
2019-02-01,1.744,2.141,-0.397,-0.064,-0.054,-0.279
2019-03-01,1.616,2.067,-0.45,-0.039,-0.048,-0.363
2019-04-01,1.637,2.091,-0.455,0.032,-0.094,-0.394
2019-05-01,1.563,1.972,-0.409,0.04,-0.078,-0.372
2019-06-01,1.657,2.075,-0.418,0.013,-0.053,-0.378
2019-07-01,1.639,2.166,-0.527,0.036,-0.105,-0.458
2019-08-01,1.746,2.321,-0.575,0.031,-0.118,-0.488
2019-09-01,1.632,2.33,-0.698,0.014,-0.115,-0.597
2019-10-01,1.624,2.338,-0.714,-0.002,-0.12,-0.592
2019-11-01,1.498,2.355,-0.857,0.063,-0.15,-0.769
2019-12-01,1.545,2.291,-0.746,0.09,-0.132,-0.704
2020-01-01,1.591,2.282,-0.69,0.198,-0.128,-0.76
2020-02-01,1.698,2.368,-0.67,0.162,-0.128,-0.704
2020-03-01,1.527,2.098,-0.57,0.113,-0.131,-0.552
2020-04-01,0.995,1.431,-0.435,-0.117,-0.134,-0.185
2020-05-01,0.997,1.218,-0.221,-0.078,-0.131,-0.012
2020-06-01,0.97,1.184,-0.213,-0.013,-0.188,-0.012
2020-07-01,1.214,1.561,-0.346,0.051,-0.116,-0.281
2020-08-01,1.393,1.722,-0.329,0.072,-0.124,-0.277
2020-09-01,1.48,1.719,-0.239,0.096,-0.198,-0.138
2020-10-01,1.422,1.636,-0.215,0.125,-0.185,-0.154
2020-11-01,1.454,1.669,-0.216,0.101,-0.128,-0.189
2020-12-01,1.509,1.624,-0.116,0.113,-0.105,-0.124
2021-01-01,1.589,1.376,0.213,0.109,-0.106,0.209
2021-02-01,1.646,1.28,0.366,0.138,-0.115,0.343
2021-03-01,2.134,1.649,0.485,0.184,-0.095,0.396
2021-04-01,3.068,2.978,0.09,0.367,-0.072,-0.205
2021-05-01,3.436,3.788,-0.352,0.314,-0.074,-0.591
2021-06-01,3.784,4.439,-0.655,0.26,-0.067,-0.848
2021-07-01,3.844,4.211,-0.367,0.171,-0.11,-0.428
2021-08-01,3.893,3.94,-0.047,0.15,-0.093,-0.103
2021-09-01,3.926,4.003,-0.077,0.123,-0.058,-0.142
2021-10-01,4.371,4.59,-0.219,0.097,-0.053,-0.263
2021-11-01,4.797,4.973,-0.175,0.09,-0.086,-0.18
2021-12-01,5.084,5.489,-0.405,0.035,-0.115,-0.324
2022-01-01,5.326,6.054,-0.729,-0.039,-0.058,-0.632
2022-02-01,5.569,6.455,-0.886,-0.108,-0.063,-0.716
2022-03-01,5.56,6.482,-0.922,-0.154,-0.089,-0.679
2022-04-01,5.289,6.159,-0.87,-0.197,-0.085,-0.587
2022-05-01,5.169,6.025,-0.856,-0.224,-0.099,-0.533
2022-06-01,5.299,5.906,-0.607,-0.256,-0.065,-0.286
2022-07-01,5.219,5.9,-0.681,-0.272,-0.051,-0.358
2022-08-01,5.403,6.286,-0.883,-0.291,-0.041,-0.551
2022-09-01,5.64,6.624,-0.984,-0.314,-0.002,-0.668
2022-10-01,5.509,6.295,-0.786,-0.327,-0.035,-0.424
2022-11-01,5.285,5.97,-0.685,-0.321,-0.058,-0.305
2022-12-01,5.071,5.686,-0.615,-0.31,-0.04,-0.264
2023-01-01,5.002,5.54,-0.538,-0.268,-0.092,-0.178
2023-02-01,4.862,5.498,-0.636,-0.226,-0.087,-0.323
2023-03-01,4.865,5.567,-0.702,-0.191,-0.076,-0.435
2023-04-01,4.853,5.514,-0.661,-0.14,-0.076,-0.445
2023-05-01,4.834,5.338,-0.504,-0.099,-0.081,-0.323
2023-06-01,4.443,4.854,-0.411,-0.048,-0.104,-0.259
2023-07-01,4.236,4.701,-0.465,-0.016,-0.123,-0.326
2023-08-01,3.83,4.399,-0.569,0.011,-0.134,-0.446
2023-09-01,3.738,4.129,-0.391,0.031,-0.093,-0.329
2023-10-01,3.559,4.027,-0.468,0.041,-0.068,-0.441
2023-11-01,3.437,4.018,-0.581,0.05,-0.053,-0.577
2023-12-01,3.225,3.915,-0.69,0.071,-0.084,-0.678
2024-01-01,3.224,3.858,-0.634,0.089,-0.065,-0.658
2024-02-01,3.178,3.762,-0.584,0.11,-0.045,-0.649
2024-03-01,3.146,3.816,-0.671,0.123,-0.043,-0.751
2024-04-01,3.018,3.626,-0.608,0.121,-0.013,-0.717
2024-05-01,2.809,3.394,-0.585,0.124,-0.049,-0.66
2024-06-01,2.779,3.265,-0.486,0.121,-0.037,-0.571
2024-07-01,2.809,3.23,-0.421,0.122,-0.016,-0.527
2024-08-01,2.902,3.285,-0.383,0.126,-0.003,-0.506
2024-09-01,2.84,3.282,-0.443,0.145,-0.043,-0.545
2024-10-01,2.905,3.299,-0.394,0.165,-0.055,-0.503
2024-11-01,2.874,3.286,-0.412,0.181,-0.041,-0.552
2024-12-01,2.903,3.213,-0.31,0.177,-0.044,-0.443
2025-01-01,2.812,3.283,-0.471,0.164,-0.046,-0.589
2025-02-01,2.823,3.138,-0.314,0.147,-0.042,-0.419
2025-03-01,2.564,2.809,-0.245,0.136,-0.04,-0.341
2025-04-01,2.676,2.776,-0.1,0.138,-0.033,-0.205
2025-05-01,2.787,2.766,0.022,0.14,0.016,-0.135
2025-06-01,2.826,2.911,-0.085,0.143,0.009,-0.237
2025-07-01,2.841,3.054,-0.213,0.136,-0.007,-0.342
2025-08-01,2.851,3.112,-0.26,0.129,-0.075,-0.314
2025-09-01,2.817,3.02,-0.203,0.127,-0.094,-0.236
2025-11-01,2.721,2.599,0.122,0.133,-0.093,0.083
2025-12-01,2.872,2.646,0.226,0.132,-0.004,0.097
2026-01-01,2.938,2.512,0.426,0.126,-0.003,0.303
2026-02-01,2.959,2.472,0.487,0.119,0.008,0.359
2026-03-01,3.105,2.602,0.503,0.105,0.047,0.351
2026-04-01,3.084,2.743,0.341,0.106,0.06,0.174
2026-05-01,3.162,2.823,0.339,0.104,0.073,0.162
2026-06-01,3.041,2.566,0.475,0.102,0.096,0.277
2026-07-01,2.983,2.467,0.517,0.102,0.116,0.299
2026-08-01,3.008,2.446,0.561,0.102,0.153,0.307
