sector,period,gen_val,con_val,cal_dut
aluminum,base,27445346667,26518229856,974748653
aluminum,recent,28950752766,27683405766,11079079536
apparel,base,107588434110,108607956922,15256697746
apparel,recent,100462650115,100673238727,26739330015
cell_phones,base,50953098464,56125899371,166
cell_phones,recent,50934873760,56855730800,2228426367
chips_telecom,base,165942338891,163174561511,2160168154
chips_telecom,recent,253207050162,243030652478,6975893812
computers,base,217374636836,212467408769,891836572
computers,recent,521225932016,507701518296,3873072509
copper,base,17101732979,17070347274,178575735
copper,recent,26700459454,26748647961,2151340096
electrical_equipment,base,251717373035,244801494311,8699344287
electrical_equipment,recent,248496205032,240669739731,31949317387
energy,base,241334488043,241741082256,346595999
energy,recent,215364881183,216226723206,101166664
food_farm,base,230954057263,229800056371,3515873072
food_farm,recent,223185483341,222172580387,15691163106
furniture,base,55557207749,55628507704,2597345278
furniture,recent,47123929083,46943610743,7791609771
machinery,base,313227430473,310877367166,8481172291
machinery,recent,304631841820,302548950422,41677319474
passenger_vehicles,base,217133166143,224691121205,3620968197
passenger_vehicles,recent,170524384500,170561400028,26344618809
pharmaceuticals,base,245001002864,239541115716,65987249
pharmaceuticals,recent,196516552807,193557085892,655796127
steel,base,80972404985,80974396186,3582180418
steel,recent,59277357374,58727717563,20637081305
trucks,base,47273137758,47259014993,112682898
trucks,recent,42653932377,42606061034,4281783695
vehicle_parts,base,86684868650,82386084289,3234952769
vehicle_parts,recent,81820104828,79876887571,10928130798
