date,twelve_month,six_month,categories
2000-01-01,33.3,42.9,177
2000-02-01,36.2,42.9,177
2000-03-01,37.9,41.8,177
2000-04-01,39.5,43.5,177
2000-05-01,40.7,46.9,177
2000-06-01,44.1,51.4,177
2000-07-01,45.8,53.7,177
2000-08-01,48,48.6,177
2000-09-01,46.9,48.6,177
2000-10-01,46.9,49.7,177
2000-11-01,48,51.4,177
2000-12-01,50.8,48,177
2001-01-01,51.4,45.8,177
2001-02-01,48.6,49.7,177
2001-03-01,47.5,44.1,177
2001-04-01,50.8,46.9,177
2001-05-01,48.6,46.9,177
2001-06-01,48.6,46.3,177
2001-07-01,42.9,41.8,177
2001-08-01,43.5,38.4,177
2001-09-01,40.1,40.1,177
2001-10-01,40.7,33.9,177
2001-11-01,36.7,38.4,177
2001-12-01,34.5,30.5,177
2002-01-01,31.6,26,177
2002-02-01,28.8,24.9,177
2002-03-01,30.5,24.9,177
2002-04-01,28.2,29.9,177
2002-05-01,26.6,34.5,177
2002-06-01,27.7,37.9,177
2002-07-01,31.6,39,177
2002-08-01,32.2,33.9,177
2002-09-01,34.5,33.9,177
2002-10-01,29.4,29.4,177
2002-11-01,33.9,33.3,177
2002-12-01,33.9,30.5,177
2003-01-01,32.2,30.5,177
2003-02-01,33.9,34.5,177
2003-03-01,29.9,32.8,177
2003-04-01,28.8,35.6,177
2003-05-01,31.6,35,177
2003-06-01,31.1,33.9,177
2003-07-01,30.5,36.7,177
2003-08-01,32.8,36.7,177
2003-09-01,34.5,34.5,177
2003-10-01,35.6,37.9,177
2003-11-01,35,37.9,177
2003-12-01,35,37.3,177
2004-01-01,36.2,39,177
2004-02-01,34.5,36.2,177
2004-03-01,32.8,37.3,177
2004-04-01,40.1,42.4,177
2004-05-01,38.4,48.6,177
2004-06-01,38.4,46.9,177
2004-07-01,36.7,45.2,177
2004-08-01,37.3,41.2,177
2004-09-01,36.2,37.3,177
2004-10-01,41.8,37.3,177
2004-11-01,39,32.2,177
2004-12-01,40.1,36.2,177
2005-01-01,37.9,38.4,177
2005-02-01,42.9,41.8,177
2005-03-01,42.4,46.3,177
2005-04-01,42.4,50.3,177
2005-05-01,37.9,47.5,177
2005-06-01,43.5,46.3,177
2005-07-01,41.2,45.2,177
2005-08-01,42.9,44.6,177
2005-09-01,43.5,48,177
2005-10-01,46.3,45.2,177
2005-11-01,49.7,45.2,177
2005-12-01,49.7,46.9,177
2006-01-01,41.8,43.5,177
2006-02-01,47.5,47.5,177
2006-03-01,49.2,44.6,177
2006-04-01,49.2,45.8,177
2006-05-01,49.2,46.9,177
2006-06-01,49.7,48,177
2006-07-01,48,52,177
2006-08-01,50.8,51.4,177
2006-09-01,45.8,48,177
2006-10-01,45.8,46.3,177
2006-11-01,45.2,42.4,177
2006-12-01,44.1,42.4,177
2007-01-01,46.3,49.2,177
2007-02-01,47.5,48.6,177
2007-03-01,44.6,44.6,177
2007-04-01,45.2,48,177
2007-05-01,46.9,46.3,177
2007-06-01,46.9,49.2,177
2007-07-01,45.2,40.7,177
2007-08-01,38.4,39,177
2007-09-01,37.3,40.1,177
2007-10-01,41.8,40.1,177
2007-11-01,41.8,37.9,177
2007-12-01,43.5,40.1,177
2008-01-01,40.7,45.8,177
2008-02-01,41.8,49.2,177
2008-03-01,49.7,53.7,177
2008-04-01,45.2,50.3,177
2008-05-01,43.5,49.2,177
2008-06-01,44.6,52.5,177
2008-07-01,48,51.4,177
2008-08-01,50.3,52.5,177
2008-09-01,53.1,52.5,177
2008-10-01,50.8,53.7,177
2008-11-01,47.5,44.1,177
2008-12-01,45.8,42.9,177
2009-01-01,42.9,43.5,177
2009-02-01,42.4,35,177
2009-03-01,40.1,33.9,177
2009-04-01,35,30.5,177
2009-05-01,33.9,23.2,177
2009-06-01,30.5,26,177
2009-07-01,28.8,20.3,177
2009-08-01,24.9,20.3,177
2009-09-01,23.7,24.9,177
2009-10-01,23.2,35,177
2009-11-01,24.3,35,177
2009-12-01,24.9,32.8,177
2010-01-01,22.6,32.8,177
2010-02-01,26,32.8,177
2010-03-01,27.7,31.1,177
2010-04-01,28.8,29.4,177
2010-05-01,32.8,23.7,177
2010-06-01,31.6,24.3,177
2010-07-01,27.7,18.6,177
2010-08-01,24.3,20.9,177
2010-09-01,25.4,23.7,177
2010-10-01,22.6,19.8,177
2010-11-01,22,27.1,177
2010-12-01,23.2,24.3,177
2011-01-01,21.5,35,177
2011-02-01,23.2,36.2,177
2011-03-01,24.3,35,177
2011-04-01,29.4,42.4,177
2011-05-01,36.7,48,177
2011-06-01,37.9,50.8,177
2011-07-01,42.4,47.5,177
2011-08-01,42.9,42.9,177
2011-09-01,43.5,42.4,177
2011-10-01,42.9,41.8,177
2011-11-01,44.1,35,177
2011-12-01,42.4,35,177
2012-01-01,36.7,34.5,177
2012-02-01,36.2,27.1,177
2012-03-01,35.6,31.1,177
2012-04-01,31.1,29.4,177
2012-05-01,27.7,29.4,177
2012-06-01,22.6,26,177
2012-07-01,25.4,23.7,177
2012-08-01,21.5,28.2,177
2012-09-01,22,28.8,177
2012-10-01,24.9,26.6,177
2012-11-01,21.5,27.7,177
2012-12-01,20.9,25.4,177
2013-01-01,19.2,26.6,177
2013-02-01,23.7,31.1,177
2013-03-01,22.6,24.3,177
2013-04-01,20.3,22,177
2013-05-01,20.9,20.3,177
2013-06-01,19.2,22,177
2013-07-01,21.5,20.9,177
2013-08-01,20.3,17.5,177
2013-09-01,19.2,14.1,177
2013-10-01,17.5,19.8,177
2013-11-01,16.9,19.8,177
2013-12-01,16.4,19.2,177
2014-01-01,14.1,20.9,177
2014-02-01,14.7,15.8,177
2014-03-01,15.8,23.2,177
2014-04-01,20.9,28.8,177
2014-05-01,22,23.7,177
2014-06-01,19.8,26,177
2014-07-01,20.3,29.4,177
2014-08-01,19.8,23.7,177
2014-09-01,22.6,21.5,177
2014-10-01,19.2,18.6,177
2014-11-01,18.6,14.7,177
2014-12-01,19.2,15.3,177
2015-01-01,19.2,19.2,177
2015-02-01,19.2,15.3,177
2015-03-01,18.1,20.9,177
2015-04-01,15.8,19.2,177
2015-05-01,15.8,22,177
2015-06-01,16.4,28.8,177
2015-07-01,15.8,26.6,177
2015-08-01,19.8,27.1,177
2015-09-01,23.2,24.9,177
2015-10-01,21.5,27.1,177
2015-11-01,20.9,25.4,177
2015-12-01,18.6,23.2,177
2016-01-01,20.3,20.3,177
2016-02-01,24.3,22.6,177
2016-03-01,22,21.5,177
2016-04-01,23.2,19.8,177
2016-05-01,23.7,20.9,177
2016-06-01,23.2,26,177
2016-07-01,22,24.9,177
2016-08-01,19.8,25.4,177
2016-09-01,19.8,24.9,177
2016-10-01,20.3,25.4,177
2016-11-01,23.7,22.6,177
2016-12-01,23.2,26,177
2017-01-01,23.2,28.2,177
2017-02-01,23.7,29.9,177
2017-03-01,20.3,22,177
2017-04-01,22,26.6,177
2017-05-01,19.8,24.3,177
2017-06-01,17.5,26,177
2017-07-01,16.9,24.9,177
2017-08-01,18.6,20.3,177
2017-09-01,16.4,24.3,177
2017-10-01,20.3,26,177
2017-11-01,18.6,22.6,177
2017-12-01,19.8,27.1,177
2018-01-01,22,31.6,177
2018-02-01,20.3,35,177
2018-03-01,22,29.9,177
2018-04-01,24.3,29.9,177
2018-05-01,24.3,35,177
2018-06-01,28.8,36.7,177
2018-07-01,31.1,30.5,177
2018-08-01,27.7,22.6,177
2018-09-01,22.6,28.2,177
2018-10-01,23.7,28.2,177
2018-11-01,31.1,27.1,177
2018-12-01,30.5,32.2,177
2019-01-01,26.6,36.7,177
2019-02-01,23.2,39.5,177
2019-03-01,24.9,39,177
2019-04-01,25.4,33.3,177
2019-05-01,21.5,35.6,177
2019-06-01,24.3,28.2,177
2019-07-01,24.3,25.4,177
2019-08-01,19.8,26,177
2019-09-01,22,19.8,177
2019-10-01,22.6,26,177
2019-11-01,25.4,29.9,177
2019-12-01,20.9,29.9,177
2020-01-01,22.6,32.8,177
2020-02-01,26,34.5,177
2020-03-01,24.3,35.6,177
2020-04-01,25.4,32.2,177
2020-05-01,32.2,34.5,177
2020-06-01,33.3,36.7,177
2020-07-01,33.3,28.2,177
2020-08-01,31.1,35.6,177
2020-09-01,28.8,35.6,177
2020-10-01,27.1,31.6,177
2020-11-01,27.7,35.6,177
2020-12-01,29.9,36.2,177
2021-01-01,30.5,38.4,177
2021-02-01,33.9,40.1,177
2021-03-01,35,38.4,177
2021-04-01,37.9,51.4,177
2021-05-01,42.4,53.7,177
2021-06-01,43.5,53.7,177
2021-07-01,52.5,56.5,177
2021-08-01,52.5,60.5,177
2021-09-01,52.5,63.3,177
2021-10-01,62.7,67.2,177
2021-11-01,62.1,61.6,177
2021-12-01,66.7,65,177
2022-01-01,71.2,66.7,177
2022-02-01,69.5,72.3,177
2022-03-01,74,74.6,177
2022-04-01,70.1,72.3,177
2022-05-01,72.3,74,177
2022-06-01,76.3,75.7,177
2022-07-01,78,70.6,177
2022-08-01,76.8,68.4,177
2022-09-01,75.7,68.9,177
2022-10-01,75.7,68.4,177
2022-11-01,72.3,61,177
2022-12-01,70.6,59.9,177
2023-01-01,72.9,65.5,177
2023-02-01,63.3,61.6,177
2023-03-01,61.6,57.1,177
2023-04-01,64.4,54.2,177
2023-05-01,62.1,58.2,177
2023-06-01,61.6,52.5,177
2023-07-01,58.2,54.2,177
2023-08-01,56.5,50.3,177
2023-09-01,50.8,48.6,177
2023-10-01,53.1,46.3,177
2023-11-01,51.4,42.4,177
2023-12-01,46.9,41.2,177
2024-01-01,44.1,41.2,177
2024-02-01,45.8,44.6,177
2024-03-01,45.2,43.5,177
2024-04-01,42.9,45.2,177
2024-05-01,42.9,38.4,177
2024-06-01,42.9,41.2,177
2024-07-01,40.7,37.9,177
2024-08-01,39.5,36.2,177
2024-09-01,37.9,38.4,177
2024-10-01,41.2,42.9,177
2024-11-01,40.1,41.8,177
2024-12-01,40.1,41.2,177
2025-01-01,36.7,41.8,177
2025-02-01,39.5,48,177
2025-03-01,39,48,177
2025-04-01,38.4,41.8,177
2025-05-01,41.2,42.9,177
2025-06-01,42.9,49.7,177
2025-07-01,44.6,44.1,177
2025-08-01,45.8,48.6,177
2025-09-01,47.5,46.9,177
2025-10-01,44.1,45.2,177
2025-11-01,42.4,45.8,177
2025-12-01,46.3,48.6,177
2026-01-01,47.5,46.9,177
2026-02-01,53.1,52,177
2026-03-01,54.2,50.3,177
2026-04-01,54.8,52,177
2026-05-01,52.5,55.4,177
2026-06-01,52,50.3,177
2026-07-01,52.5,50.8,177
2026-08-01,52,42.4,177
