exhibit,block,date,revised,published_last_month,series,value,country
exhibit_1,NA,2024-01-01,FALSE,FALSE,balance_total,-63925,NA
exhibit_1,NA,2024-01-01,FALSE,FALSE,balance_goods,-90735,NA
exhibit_1,NA,2024-01-01,FALSE,FALSE,balance_services,26810,NA
exhibit_1,NA,2024-01-01,FALSE,FALSE,exports_total,261614,NA
exhibit_1,NA,2024-01-01,FALSE,FALSE,exports_goods,170031,NA
exhibit_1,NA,2024-01-01,FALSE,FALSE,exports_services,91584,NA
exhibit_1,NA,2024-01-01,FALSE,FALSE,imports_total,325539,NA
exhibit_1,NA,2024-01-01,FALSE,FALSE,imports_goods,260766,NA
exhibit_1,NA,2024-01-01,FALSE,FALSE,imports_services,64774,NA
exhibit_1,NA,2024-02-01,FALSE,FALSE,balance_total,-63253,NA
exhibit_1,NA,2024-02-01,FALSE,FALSE,balance_goods,-90018,NA
exhibit_1,NA,2024-02-01,FALSE,FALSE,balance_services,26765,NA
exhibit_1,NA,2024-02-01,FALSE,FALSE,exports_total,268482,NA
exhibit_1,NA,2024-02-01,FALSE,FALSE,exports_goods,175003,NA
exhibit_1,NA,2024-02-01,FALSE,FALSE,exports_services,93479,NA
exhibit_1,NA,2024-02-01,FALSE,FALSE,imports_total,331735,NA
exhibit_1,NA,2024-02-01,FALSE,FALSE,imports_goods,265021,NA
exhibit_1,NA,2024-02-01,FALSE,FALSE,imports_services,66714,NA
exhibit_1,NA,2024-03-01,FALSE,FALSE,balance_total,-61925,NA
exhibit_1,NA,2024-03-01,FALSE,FALSE,balance_goods,-89983,NA
exhibit_1,NA,2024-03-01,FALSE,FALSE,balance_services,28058,NA
exhibit_1,NA,2024-03-01,FALSE,FALSE,exports_total,265484,NA
exhibit_1,NA,2024-03-01,FALSE,FALSE,exports_goods,171232,NA
exhibit_1,NA,2024-03-01,FALSE,FALSE,exports_services,94252,NA
exhibit_1,NA,2024-03-01,FALSE,FALSE,imports_total,327409,NA
exhibit_1,NA,2024-03-01,FALSE,FALSE,imports_goods,261215,NA
exhibit_1,NA,2024-03-01,FALSE,FALSE,imports_services,66194,NA
exhibit_1,NA,2024-04-01,FALSE,FALSE,balance_total,-70870,NA
exhibit_1,NA,2024-04-01,FALSE,FALSE,balance_goods,-98446,NA
exhibit_1,NA,2024-04-01,FALSE,FALSE,balance_services,27576,NA
exhibit_1,NA,2024-04-01,FALSE,FALSE,exports_total,267602,NA
exhibit_1,NA,2024-04-01,FALSE,FALSE,exports_goods,173479,NA
exhibit_1,NA,2024-04-01,FALSE,FALSE,exports_services,94123,NA
exhibit_1,NA,2024-04-01,FALSE,FALSE,imports_total,338472,NA
exhibit_1,NA,2024-04-01,FALSE,FALSE,imports_goods,271925,NA
exhibit_1,NA,2024-04-01,FALSE,FALSE,imports_services,66546,NA
exhibit_1,NA,2024-05-01,FALSE,FALSE,balance_total,-70299,NA
exhibit_1,NA,2024-05-01,FALSE,FALSE,balance_goods,-98244,NA
exhibit_1,NA,2024-05-01,FALSE,FALSE,balance_services,27946,NA
exhibit_1,NA,2024-05-01,FALSE,FALSE,exports_total,266462,NA
exhibit_1,NA,2024-05-01,FALSE,FALSE,exports_goods,171044,NA
exhibit_1,NA,2024-05-01,FALSE,FALSE,exports_services,95418,NA
exhibit_1,NA,2024-05-01,FALSE,FALSE,imports_total,336761,NA
exhibit_1,NA,2024-05-01,FALSE,FALSE,imports_goods,269289,NA
exhibit_1,NA,2024-05-01,FALSE,FALSE,imports_services,67472,NA
exhibit_1,NA,2024-06-01,FALSE,FALSE,balance_total,-71344,NA
exhibit_1,NA,2024-06-01,FALSE,FALSE,balance_goods,-98760,NA
exhibit_1,NA,2024-06-01,FALSE,FALSE,balance_services,27416,NA
exhibit_1,NA,2024-06-01,FALSE,FALSE,exports_total,269277,NA
exhibit_1,NA,2024-06-01,FALSE,FALSE,exports_goods,173502,NA
exhibit_1,NA,2024-06-01,FALSE,FALSE,exports_services,95775,NA
exhibit_1,NA,2024-06-01,FALSE,FALSE,imports_total,340621,NA
exhibit_1,NA,2024-06-01,FALSE,FALSE,imports_goods,272262,NA
exhibit_1,NA,2024-06-01,FALSE,FALSE,imports_services,68359,NA
exhibit_1,NA,2024-07-01,FALSE,FALSE,balance_total,-77000,NA
exhibit_1,NA,2024-07-01,FALSE,FALSE,balance_goods,-104126,NA
exhibit_1,NA,2024-07-01,FALSE,FALSE,balance_services,27126,NA
exhibit_1,NA,2024-07-01,FALSE,FALSE,exports_total,271296,NA
exhibit_1,NA,2024-07-01,FALSE,FALSE,exports_goods,174610,NA
exhibit_1,NA,2024-07-01,FALSE,FALSE,exports_services,96686,NA
exhibit_1,NA,2024-07-01,FALSE,FALSE,imports_total,348297,NA
exhibit_1,NA,2024-07-01,FALSE,FALSE,imports_goods,278736,NA
exhibit_1,NA,2024-07-01,FALSE,FALSE,imports_services,69560,NA
exhibit_1,NA,2024-08-01,FALSE,FALSE,balance_total,-71161,NA
exhibit_1,NA,2024-08-01,FALSE,FALSE,balance_goods,-97905,NA
exhibit_1,NA,2024-08-01,FALSE,FALSE,balance_services,26744,NA
exhibit_1,NA,2024-08-01,FALSE,FALSE,exports_total,275804,NA
exhibit_1,NA,2024-08-01,FALSE,FALSE,exports_goods,178079,NA
exhibit_1,NA,2024-08-01,FALSE,FALSE,exports_services,97725,NA
exhibit_1,NA,2024-08-01,FALSE,FALSE,imports_total,346965,NA
exhibit_1,NA,2024-08-01,FALSE,FALSE,imports_goods,275984,NA
exhibit_1,NA,2024-08-01,FALSE,FALSE,imports_services,70981,NA
exhibit_1,NA,2024-09-01,FALSE,FALSE,balance_total,-83301,NA
exhibit_1,NA,2024-09-01,FALSE,FALSE,balance_goods,-110716,NA
exhibit_1,NA,2024-09-01,FALSE,FALSE,balance_services,27415,NA
exhibit_1,NA,2024-09-01,FALSE,FALSE,exports_total,273291,NA
exhibit_1,NA,2024-09-01,FALSE,FALSE,exports_goods,174966,NA
exhibit_1,NA,2024-09-01,FALSE,FALSE,exports_services,98325,NA
exhibit_1,NA,2024-09-01,FALSE,FALSE,imports_total,356592,NA
exhibit_1,NA,2024-09-01,FALSE,FALSE,imports_goods,285682,NA
exhibit_1,NA,2024-09-01,FALSE,FALSE,imports_services,70910,NA
exhibit_1,NA,2024-10-01,FALSE,FALSE,balance_total,-75788,NA
exhibit_1,NA,2024-10-01,FALSE,FALSE,balance_goods,-102829,NA
exhibit_1,NA,2024-10-01,FALSE,FALSE,balance_services,27041,NA
exhibit_1,NA,2024-10-01,FALSE,FALSE,exports_total,269813,NA
exhibit_1,NA,2024-10-01,FALSE,FALSE,exports_goods,170966,NA
exhibit_1,NA,2024-10-01,FALSE,FALSE,exports_services,98847,NA
exhibit_1,NA,2024-10-01,FALSE,FALSE,imports_total,345601,NA
exhibit_1,NA,2024-10-01,FALSE,FALSE,imports_goods,273795,NA
exhibit_1,NA,2024-10-01,FALSE,FALSE,imports_services,71805,NA
exhibit_1,NA,2024-11-01,FALSE,FALSE,balance_total,-79756,NA
exhibit_1,NA,2024-11-01,FALSE,FALSE,balance_goods,-107072,NA
exhibit_1,NA,2024-11-01,FALSE,FALSE,balance_services,27316,NA
exhibit_1,NA,2024-11-01,FALSE,FALSE,exports_total,276655,NA
exhibit_1,NA,2024-11-01,FALSE,FALSE,exports_goods,176707,NA
exhibit_1,NA,2024-11-01,FALSE,FALSE,exports_services,99947,NA
exhibit_1,NA,2024-11-01,FALSE,FALSE,imports_total,356410,NA
exhibit_1,NA,2024-11-01,FALSE,FALSE,imports_goods,283779,NA
exhibit_1,NA,2024-11-01,FALSE,FALSE,imports_services,72631,NA
exhibit_1,NA,2024-12-01,FALSE,FALSE,balance_total,-96849,NA
exhibit_1,NA,2024-12-01,FALSE,FALSE,balance_goods,-123951,NA
exhibit_1,NA,2024-12-01,FALSE,FALSE,balance_services,27102,NA
exhibit_1,NA,2024-12-01,FALSE,FALSE,exports_total,270627,NA
exhibit_1,NA,2024-12-01,FALSE,FALSE,exports_goods,170109,NA
exhibit_1,NA,2024-12-01,FALSE,FALSE,exports_services,100517,NA
exhibit_1,NA,2024-12-01,FALSE,FALSE,imports_total,367476,NA
exhibit_1,NA,2024-12-01,FALSE,FALSE,imports_goods,294061,NA
exhibit_1,NA,2024-12-01,FALSE,FALSE,imports_services,73415,NA
exhibit_1,NA,2025-01-01,FALSE,FALSE,balance_total,-124704,NA
exhibit_1,NA,2025-01-01,FALSE,FALSE,balance_goods,-152761,NA
exhibit_1,NA,2025-01-01,FALSE,FALSE,balance_services,28057,NA
exhibit_1,NA,2025-01-01,FALSE,FALSE,exports_total,274827,NA
exhibit_1,NA,2025-01-01,FALSE,FALSE,exports_goods,173046,NA
exhibit_1,NA,2025-01-01,FALSE,FALSE,exports_services,101781,NA
exhibit_1,NA,2025-01-01,FALSE,FALSE,imports_total,399532,NA
exhibit_1,NA,2025-01-01,FALSE,FALSE,imports_goods,325808,NA
exhibit_1,NA,2025-01-01,FALSE,FALSE,imports_services,73724,NA
exhibit_1,NA,2025-02-01,FALSE,FALSE,balance_total,-117069,NA
exhibit_1,NA,2025-02-01,FALSE,FALSE,balance_goods,-144284,NA
exhibit_1,NA,2025-02-01,FALSE,FALSE,balance_services,27214,NA
exhibit_1,NA,2025-02-01,FALSE,FALSE,exports_total,280533,NA
exhibit_1,NA,2025-02-01,FALSE,FALSE,exports_goods,179391,NA
exhibit_1,NA,2025-02-01,FALSE,FALSE,exports_services,101142,NA
exhibit_1,NA,2025-02-01,FALSE,FALSE,imports_total,397602,NA
exhibit_1,NA,2025-02-01,FALSE,FALSE,imports_goods,323674,NA
exhibit_1,NA,2025-02-01,FALSE,FALSE,imports_services,73928,NA
exhibit_1,NA,2025-03-01,FALSE,FALSE,balance_total,-132983,NA
exhibit_1,NA,2025-03-01,FALSE,FALSE,balance_goods,-159453,NA
exhibit_1,NA,2025-03-01,FALSE,FALSE,balance_services,26470,NA
exhibit_1,NA,2025-03-01,FALSE,FALSE,exports_total,283369,NA
exhibit_1,NA,2025-03-01,FALSE,FALSE,exports_goods,182864,NA
exhibit_1,NA,2025-03-01,FALSE,FALSE,exports_services,100506,NA
exhibit_1,NA,2025-03-01,FALSE,FALSE,imports_total,416352,NA
exhibit_1,NA,2025-03-01,FALSE,FALSE,imports_goods,342316,NA
exhibit_1,NA,2025-03-01,FALSE,FALSE,imports_services,74036,NA
exhibit_1,NA,2025-04-01,FALSE,FALSE,balance_total,-60341,NA
exhibit_1,NA,2025-04-01,FALSE,FALSE,balance_goods,-86585,NA
exhibit_1,NA,2025-04-01,FALSE,FALSE,balance_services,26244,NA
exhibit_1,NA,2025-04-01,FALSE,FALSE,exports_total,290598,NA
exhibit_1,NA,2025-04-01,FALSE,FALSE,exports_goods,189917,NA
exhibit_1,NA,2025-04-01,FALSE,FALSE,exports_services,100681,NA
exhibit_1,NA,2025-04-01,FALSE,FALSE,imports_total,350939,NA
exhibit_1,NA,2025-04-01,FALSE,FALSE,imports_goods,276502,NA
exhibit_1,NA,2025-04-01,FALSE,FALSE,imports_services,74437,NA
exhibit_1,NA,2025-05-01,FALSE,FALSE,balance_total,-66748,NA
exhibit_1,NA,2025-05-01,FALSE,FALSE,balance_goods,-92774,NA
exhibit_1,NA,2025-05-01,FALSE,FALSE,balance_services,26026,NA
exhibit_1,NA,2025-05-01,FALSE,FALSE,exports_total,282229,NA
exhibit_1,NA,2025-05-01,FALSE,FALSE,exports_goods,181784,NA
exhibit_1,NA,2025-05-01,FALSE,FALSE,exports_services,100445,NA
exhibit_1,NA,2025-05-01,FALSE,FALSE,imports_total,348977,NA
exhibit_1,NA,2025-05-01,FALSE,FALSE,imports_goods,274558,NA
exhibit_1,NA,2025-05-01,FALSE,FALSE,imports_services,74419,NA
exhibit_1,NA,2025-06-01,FALSE,FALSE,balance_total,-58697,NA
exhibit_1,NA,2025-06-01,FALSE,FALSE,balance_goods,-85639,NA
exhibit_1,NA,2025-06-01,FALSE,FALSE,balance_services,26942,NA
exhibit_1,NA,2025-06-01,FALSE,FALSE,exports_total,281048,NA
exhibit_1,NA,2025-06-01,FALSE,FALSE,exports_goods,179101,NA
exhibit_1,NA,2025-06-01,FALSE,FALSE,exports_services,101947,NA
exhibit_1,NA,2025-06-01,FALSE,FALSE,imports_total,339745,NA
exhibit_1,NA,2025-06-01,FALSE,FALSE,imports_goods,264739,NA
exhibit_1,NA,2025-06-01,FALSE,FALSE,imports_services,75005,NA
exhibit_1,NA,2025-07-01,FALSE,FALSE,balance_total,-75062,NA
exhibit_1,NA,2025-07-01,FALSE,FALSE,balance_goods,-102645,NA
exhibit_1,NA,2025-07-01,FALSE,FALSE,balance_services,27583,NA
exhibit_1,NA,2025-07-01,FALSE,FALSE,exports_total,284172,NA
exhibit_1,NA,2025-07-01,FALSE,FALSE,exports_goods,179320,NA
exhibit_1,NA,2025-07-01,FALSE,FALSE,exports_services,104853,NA
exhibit_1,NA,2025-07-01,FALSE,FALSE,imports_total,359235,NA
exhibit_1,NA,2025-07-01,FALSE,FALSE,imports_goods,281965,NA
exhibit_1,NA,2025-07-01,FALSE,FALSE,imports_services,77270,NA
exhibit_1,NA,2025-08-01,FALSE,FALSE,balance_total,-59642,NA
exhibit_1,NA,2025-08-01,FALSE,FALSE,balance_goods,-88194,NA
exhibit_1,NA,2025-08-01,FALSE,FALSE,balance_services,28552,NA
exhibit_1,NA,2025-08-01,FALSE,FALSE,exports_total,284741,NA
exhibit_1,NA,2025-08-01,FALSE,FALSE,exports_goods,178393,NA
exhibit_1,NA,2025-08-01,FALSE,FALSE,exports_services,106348,NA
exhibit_1,NA,2025-08-01,FALSE,FALSE,imports_total,344383,NA
exhibit_1,NA,2025-08-01,FALSE,FALSE,imports_goods,266587,NA
exhibit_1,NA,2025-08-01,FALSE,FALSE,imports_services,77795,NA
exhibit_1,NA,2025-09-01,FALSE,FALSE,balance_total,-59392,NA
exhibit_1,NA,2025-09-01,FALSE,FALSE,balance_goods,-87897,NA
exhibit_1,NA,2025-09-01,FALSE,FALSE,balance_services,28505,NA
exhibit_1,NA,2025-09-01,FALSE,FALSE,exports_total,292352,NA
exhibit_1,NA,2025-09-01,FALSE,FALSE,exports_goods,186465,NA
exhibit_1,NA,2025-09-01,FALSE,FALSE,exports_services,105886,NA
exhibit_1,NA,2025-09-01,FALSE,FALSE,imports_total,351743,NA
exhibit_1,NA,2025-09-01,FALSE,FALSE,imports_goods,274362,NA
exhibit_1,NA,2025-09-01,FALSE,FALSE,imports_services,77381,NA
exhibit_1,NA,2025-10-01,FALSE,FALSE,balance_total,-37376,NA
exhibit_1,NA,2025-10-01,FALSE,FALSE,balance_goods,-65299,NA
exhibit_1,NA,2025-10-01,FALSE,FALSE,balance_services,27924,NA
exhibit_1,NA,2025-10-01,FALSE,FALSE,exports_total,301158,NA
exhibit_1,NA,2025-10-01,FALSE,FALSE,exports_goods,195879,NA
exhibit_1,NA,2025-10-01,FALSE,FALSE,exports_services,105279,NA
exhibit_1,NA,2025-10-01,FALSE,FALSE,imports_total,338534,NA
exhibit_1,NA,2025-10-01,FALSE,FALSE,imports_goods,261178,NA
exhibit_1,NA,2025-10-01,FALSE,FALSE,imports_services,77356,NA
exhibit_1,NA,2025-11-01,FALSE,FALSE,balance_total,-63868,NA
exhibit_1,NA,2025-11-01,FALSE,FALSE,balance_goods,-91473,NA
exhibit_1,NA,2025-11-01,FALSE,FALSE,balance_services,27604,NA
exhibit_1,NA,2025-11-01,FALSE,FALSE,exports_total,289504,NA
exhibit_1,NA,2025-11-01,FALSE,FALSE,exports_goods,184881,NA
exhibit_1,NA,2025-11-01,FALSE,FALSE,exports_services,104623,NA
exhibit_1,NA,2025-11-01,FALSE,FALSE,imports_total,353372,NA
exhibit_1,NA,2025-11-01,FALSE,FALSE,imports_goods,276354,NA
exhibit_1,NA,2025-11-01,FALSE,FALSE,imports_services,77018,NA
exhibit_1,NA,2025-12-01,FALSE,FALSE,balance_total,-76078,NA
exhibit_1,NA,2025-12-01,FALSE,FALSE,balance_goods,-102617,NA
exhibit_1,NA,2025-12-01,FALSE,FALSE,balance_services,26539,NA
exhibit_1,NA,2025-12-01,FALSE,FALSE,exports_total,285282,NA
exhibit_1,NA,2025-12-01,FALSE,FALSE,exports_goods,180880,NA
exhibit_1,NA,2025-12-01,FALSE,FALSE,exports_services,104402,NA
exhibit_1,NA,2025-12-01,FALSE,FALSE,imports_total,361360,NA
exhibit_1,NA,2025-12-01,FALSE,FALSE,imports_goods,283497,NA
exhibit_1,NA,2025-12-01,FALSE,FALSE,imports_services,77863,NA
exhibit_1,NA,2026-01-01,TRUE,FALSE,balance_total,-52670,NA
exhibit_1,NA,2026-01-01,TRUE,FALSE,balance_goods,-82285,NA
exhibit_1,NA,2026-01-01,TRUE,FALSE,balance_services,29615,NA
exhibit_1,NA,2026-01-01,TRUE,FALSE,exports_total,301271,NA
exhibit_1,NA,2026-01-01,TRUE,FALSE,exports_goods,194699,NA
exhibit_1,NA,2026-01-01,TRUE,FALSE,exports_services,106571,NA
exhibit_1,NA,2026-01-01,TRUE,FALSE,imports_total,353941,NA
exhibit_1,NA,2026-01-01,TRUE,FALSE,imports_goods,276984,NA
exhibit_1,NA,2026-01-01,TRUE,FALSE,imports_services,76956,NA
exhibit_1,NA,2026-02-01,TRUE,FALSE,balance_total,-52500,NA
exhibit_1,NA,2026-02-01,TRUE,FALSE,balance_goods,-82533,NA
exhibit_1,NA,2026-02-01,TRUE,FALSE,balance_services,30034,NA
exhibit_1,NA,2026-02-01,TRUE,FALSE,exports_total,313628,NA
exhibit_1,NA,2026-02-01,TRUE,FALSE,exports_goods,206055,NA
exhibit_1,NA,2026-02-01,TRUE,FALSE,exports_services,107572,NA
exhibit_1,NA,2026-02-01,TRUE,FALSE,imports_total,366127,NA
exhibit_1,NA,2026-02-01,TRUE,FALSE,imports_goods,288589,NA
exhibit_1,NA,2026-02-01,TRUE,FALSE,imports_services,77539,NA
exhibit_1,NA,2026-03-01,TRUE,FALSE,balance_total,-53657,NA
exhibit_1,NA,2026-03-01,TRUE,FALSE,balance_goods,-86112,NA
exhibit_1,NA,2026-03-01,TRUE,FALSE,balance_services,32455,NA
exhibit_1,NA,2026-03-01,TRUE,FALSE,exports_total,321163,NA
exhibit_1,NA,2026-03-01,TRUE,FALSE,exports_goods,212505,NA
exhibit_1,NA,2026-03-01,TRUE,FALSE,exports_services,108658,NA
exhibit_1,NA,2026-03-01,TRUE,FALSE,imports_total,374820,NA
exhibit_1,NA,2026-03-01,TRUE,FALSE,imports_goods,298617,NA
exhibit_1,NA,2026-03-01,TRUE,FALSE,imports_services,76203,NA
exhibit_1,NA,2026-04-01,TRUE,FALSE,balance_total,-52883,NA
exhibit_1,NA,2026-04-01,TRUE,FALSE,balance_goods,-83060,NA
exhibit_1,NA,2026-04-01,TRUE,FALSE,balance_services,30177,NA
exhibit_1,NA,2026-04-01,TRUE,FALSE,exports_total,329893,NA
exhibit_1,NA,2026-04-01,TRUE,FALSE,exports_goods,222014,NA
exhibit_1,NA,2026-04-01,TRUE,FALSE,exports_services,107879,NA
exhibit_1,NA,2026-04-01,TRUE,FALSE,imports_total,382776,NA
exhibit_1,NA,2026-04-01,TRUE,FALSE,imports_goods,305074,NA
exhibit_1,NA,2026-04-01,TRUE,FALSE,imports_services,77702,NA
exhibit_1,NA,2026-05-01,TRUE,FALSE,balance_total,-75752,NA
exhibit_1,NA,2026-05-01,TRUE,FALSE,balance_goods,-106269,NA
exhibit_1,NA,2026-05-01,TRUE,FALSE,balance_services,30517,NA
exhibit_1,NA,2026-05-01,TRUE,FALSE,exports_total,319979,NA
exhibit_1,NA,2026-05-01,TRUE,FALSE,exports_goods,211052,NA
exhibit_1,NA,2026-05-01,TRUE,FALSE,exports_services,108927,NA
exhibit_1,NA,2026-05-01,TRUE,FALSE,imports_total,395731,NA
exhibit_1,NA,2026-05-01,TRUE,FALSE,imports_goods,317321,NA
exhibit_1,NA,2026-05-01,TRUE,FALSE,imports_services,78410,NA
exhibit_1,NA,2026-06-01,TRUE,FALSE,balance_total,-71182,NA
exhibit_1,NA,2026-06-01,TRUE,FALSE,balance_goods,-101973,NA
exhibit_1,NA,2026-06-01,TRUE,FALSE,balance_services,30791,NA
exhibit_1,NA,2026-06-01,TRUE,FALSE,exports_total,317335,NA
exhibit_1,NA,2026-06-01,TRUE,FALSE,exports_goods,207248,NA
exhibit_1,NA,2026-06-01,TRUE,FALSE,exports_services,110087,NA
exhibit_1,NA,2026-06-01,TRUE,FALSE,imports_total,388517,NA
exhibit_1,NA,2026-06-01,TRUE,FALSE,imports_goods,309220,NA
exhibit_1,NA,2026-06-01,TRUE,FALSE,imports_services,79296,NA
exhibit_1,NA,2026-07-01,FALSE,FALSE,balance_total,-88576,NA
exhibit_1,NA,2026-07-01,FALSE,FALSE,balance_goods,-119592,NA
exhibit_1,NA,2026-07-01,FALSE,FALSE,balance_services,31016,NA
exhibit_1,NA,2026-07-01,FALSE,FALSE,exports_total,310723,NA
exhibit_1,NA,2026-07-01,FALSE,FALSE,exports_goods,201035,NA
exhibit_1,NA,2026-07-01,FALSE,FALSE,exports_services,109688,NA
exhibit_1,NA,2026-07-01,FALSE,FALSE,imports_total,399299,NA
exhibit_1,NA,2026-07-01,FALSE,FALSE,imports_goods,320627,NA
exhibit_1,NA,2026-07-01,FALSE,FALSE,imports_services,78672,NA
exhibit_1,NA,2026-06-01,FALSE,TRUE,balance_total,-73261,NA
exhibit_1,NA,2026-06-01,FALSE,TRUE,balance_goods,-102109,NA
exhibit_1,NA,2026-06-01,FALSE,TRUE,balance_services,28848,NA
exhibit_1,NA,2026-06-01,FALSE,TRUE,exports_total,314728,NA
exhibit_1,NA,2026-06-01,FALSE,TRUE,exports_goods,206902,NA
exhibit_1,NA,2026-06-01,FALSE,TRUE,exports_services,107826,NA
exhibit_1,NA,2026-06-01,FALSE,TRUE,imports_total,387989,NA
exhibit_1,NA,2026-06-01,FALSE,TRUE,imports_goods,309011,NA
exhibit_1,NA,2026-06-01,FALSE,TRUE,imports_services,78978,NA
exhibit_6,exports,2025-01-01,FALSE,FALSE,total_bop,173046,NA
exhibit_6,exports,2025-01-01,FALSE,FALSE,net_adjustments,975,NA
exhibit_6,exports,2025-01-01,FALSE,FALSE,total_census,172071,NA
exhibit_6,exports,2025-01-01,FALSE,FALSE,0,13392,NA
exhibit_6,exports,2025-01-01,FALSE,FALSE,1,59437,NA
exhibit_6,exports,2025-01-01,FALSE,FALSE,2,56682,NA
exhibit_6,exports,2025-01-01,FALSE,FALSE,3,13150,NA
exhibit_6,exports,2025-01-01,FALSE,FALSE,4,21725,NA
exhibit_6,exports,2025-01-01,FALSE,FALSE,5,7687,NA
exhibit_6,exports,2025-02-01,FALSE,FALSE,total_bop,179391,NA
exhibit_6,exports,2025-02-01,FALSE,FALSE,net_adjustments,2788,NA
exhibit_6,exports,2025-02-01,FALSE,FALSE,total_census,176602,NA
exhibit_6,exports,2025-02-01,FALSE,FALSE,0,12817,NA
exhibit_6,exports,2025-02-01,FALSE,FALSE,1,61604,NA
exhibit_6,exports,2025-02-01,FALSE,FALSE,2,58442,NA
exhibit_6,exports,2025-02-01,FALSE,FALSE,3,14500,NA
exhibit_6,exports,2025-02-01,FALSE,FALSE,4,22219,NA
exhibit_6,exports,2025-02-01,FALSE,FALSE,5,7021,NA
exhibit_6,exports,2025-03-01,FALSE,FALSE,total_bop,182864,NA
exhibit_6,exports,2025-03-01,FALSE,FALSE,net_adjustments,1479,NA
exhibit_6,exports,2025-03-01,FALSE,FALSE,total_census,181385,NA
exhibit_6,exports,2025-03-01,FALSE,FALSE,0,14061,NA
exhibit_6,exports,2025-03-01,FALSE,FALSE,1,64293,NA
exhibit_6,exports,2025-03-01,FALSE,FALSE,2,58315,NA
exhibit_6,exports,2025-03-01,FALSE,FALSE,3,15242,NA
exhibit_6,exports,2025-03-01,FALSE,FALSE,4,21847,NA
exhibit_6,exports,2025-03-01,FALSE,FALSE,5,7627,NA
exhibit_6,exports,2025-04-01,FALSE,FALSE,total_bop,189917,NA
exhibit_6,exports,2025-04-01,FALSE,FALSE,net_adjustments,757,NA
exhibit_6,exports,2025-04-01,FALSE,FALSE,total_census,189160,NA
exhibit_6,exports,2025-04-01,FALSE,FALSE,0,13416,NA
exhibit_6,exports,2025-04-01,FALSE,FALSE,1,75094,NA
exhibit_6,exports,2025-04-01,FALSE,FALSE,2,59268,NA
exhibit_6,exports,2025-04-01,FALSE,FALSE,3,12984,NA
exhibit_6,exports,2025-04-01,FALSE,FALSE,4,20829,NA
exhibit_6,exports,2025-04-01,FALSE,FALSE,5,7568,NA
exhibit_6,exports,2025-05-01,FALSE,FALSE,total_bop,181784,NA
exhibit_6,exports,2025-05-01,FALSE,FALSE,net_adjustments,673,NA
exhibit_6,exports,2025-05-01,FALSE,FALSE,total_census,181110,NA
exhibit_6,exports,2025-05-01,FALSE,FALSE,0,13078,NA
exhibit_6,exports,2025-05-01,FALSE,FALSE,1,67152,NA
exhibit_6,exports,2025-05-01,FALSE,FALSE,2,58234,NA
exhibit_6,exports,2025-05-01,FALSE,FALSE,3,13400,NA
exhibit_6,exports,2025-05-01,FALSE,FALSE,4,21778,NA
exhibit_6,exports,2025-05-01,FALSE,FALSE,5,7468,NA
exhibit_6,exports,2025-06-01,FALSE,FALSE,total_bop,179101,NA
exhibit_6,exports,2025-06-01,FALSE,FALSE,net_adjustments,717,NA
exhibit_6,exports,2025-06-01,FALSE,FALSE,total_census,178384,NA
exhibit_6,exports,2025-06-01,FALSE,FALSE,0,13559,NA
exhibit_6,exports,2025-06-01,FALSE,FALSE,1,60688,NA
exhibit_6,exports,2025-06-01,FALSE,FALSE,2,59647,NA
exhibit_6,exports,2025-06-01,FALSE,FALSE,3,13677,NA
exhibit_6,exports,2025-06-01,FALSE,FALSE,4,23070,NA
exhibit_6,exports,2025-06-01,FALSE,FALSE,5,7743,NA
exhibit_6,exports,2025-07-01,FALSE,FALSE,total_bop,179320,NA
exhibit_6,exports,2025-07-01,FALSE,FALSE,net_adjustments,853,NA
exhibit_6,exports,2025-07-01,FALSE,FALSE,total_census,178467,NA
exhibit_6,exports,2025-07-01,FALSE,FALSE,0,13596,NA
exhibit_6,exports,2025-07-01,FALSE,FALSE,1,60196,NA
exhibit_6,exports,2025-07-01,FALSE,FALSE,2,60260,NA
exhibit_6,exports,2025-07-01,FALSE,FALSE,3,13391,NA
exhibit_6,exports,2025-07-01,FALSE,FALSE,4,22983,NA
exhibit_6,exports,2025-07-01,FALSE,FALSE,5,8041,NA
exhibit_6,exports,2025-08-01,FALSE,FALSE,total_bop,178393,NA
exhibit_6,exports,2025-08-01,FALSE,FALSE,net_adjustments,743,NA
exhibit_6,exports,2025-08-01,FALSE,FALSE,total_census,177650,NA
exhibit_6,exports,2025-08-01,FALSE,FALSE,0,13530,NA
exhibit_6,exports,2025-08-01,FALSE,FALSE,1,59565,NA
exhibit_6,exports,2025-08-01,FALSE,FALSE,2,62338,NA
exhibit_6,exports,2025-08-01,FALSE,FALSE,3,12852,NA
exhibit_6,exports,2025-08-01,FALSE,FALSE,4,21498,NA
exhibit_6,exports,2025-08-01,FALSE,FALSE,5,7866,NA
exhibit_6,exports,2025-09-01,FALSE,FALSE,total_bop,186465,NA
exhibit_6,exports,2025-09-01,FALSE,FALSE,net_adjustments,761,NA
exhibit_6,exports,2025-09-01,FALSE,FALSE,total_census,185704,NA
exhibit_6,exports,2025-09-01,FALSE,FALSE,0,13812,NA
exhibit_6,exports,2025-09-01,FALSE,FALSE,1,66842,NA
exhibit_6,exports,2025-09-01,FALSE,FALSE,2,59029,NA
exhibit_6,exports,2025-09-01,FALSE,FALSE,3,12810,NA
exhibit_6,exports,2025-09-01,FALSE,FALSE,4,24930,NA
exhibit_6,exports,2025-09-01,FALSE,FALSE,5,8281,NA
exhibit_6,exports,2025-10-01,FALSE,FALSE,total_bop,195879,NA
exhibit_6,exports,2025-10-01,FALSE,FALSE,net_adjustments,716,NA
exhibit_6,exports,2025-10-01,FALSE,FALSE,total_census,195163,NA
exhibit_6,exports,2025-10-01,FALSE,FALSE,0,13515,NA
exhibit_6,exports,2025-10-01,FALSE,FALSE,1,77665,NA
exhibit_6,exports,2025-10-01,FALSE,FALSE,2,58659,NA
exhibit_6,exports,2025-10-01,FALSE,FALSE,3,13251,NA
exhibit_6,exports,2025-10-01,FALSE,FALSE,4,23935,NA
exhibit_6,exports,2025-10-01,FALSE,FALSE,5,8140,NA
exhibit_6,exports,2025-11-01,FALSE,FALSE,total_bop,184881,NA
exhibit_6,exports,2025-11-01,FALSE,FALSE,net_adjustments,701,NA
exhibit_6,exports,2025-11-01,FALSE,FALSE,total_census,184180,NA
exhibit_6,exports,2025-11-01,FALSE,FALSE,0,13156,NA
exhibit_6,exports,2025-11-01,FALSE,FALSE,1,69989,NA
exhibit_6,exports,2025-11-01,FALSE,FALSE,2,59634,NA
exhibit_6,exports,2025-11-01,FALSE,FALSE,3,12644,NA
exhibit_6,exports,2025-11-01,FALSE,FALSE,4,21019,NA
exhibit_6,exports,2025-11-01,FALSE,FALSE,5,7738,NA
exhibit_6,exports,2025-12-01,FALSE,FALSE,total_bop,180880,NA
exhibit_6,exports,2025-12-01,FALSE,FALSE,net_adjustments,866,NA
exhibit_6,exports,2025-12-01,FALSE,FALSE,total_census,180014,NA
exhibit_6,exports,2025-12-01,FALSE,FALSE,0,13232,NA
exhibit_6,exports,2025-12-01,FALSE,FALSE,1,61830,NA
exhibit_6,exports,2025-12-01,FALSE,FALSE,2,61672,NA
exhibit_6,exports,2025-12-01,FALSE,FALSE,3,12442,NA
exhibit_6,exports,2025-12-01,FALSE,FALSE,4,22768,NA
exhibit_6,exports,2025-12-01,FALSE,FALSE,5,8070,NA
exhibit_6,exports,2026-01-01,TRUE,FALSE,total_bop,194699,NA
exhibit_6,exports,2026-01-01,TRUE,FALSE,net_adjustments,767,NA
exhibit_6,exports,2026-01-01,TRUE,FALSE,total_census,193933,NA
exhibit_6,exports,2026-01-01,TRUE,FALSE,0,14181,NA
exhibit_6,exports,2026-01-01,TRUE,FALSE,1,71334,NA
exhibit_6,exports,2026-01-01,TRUE,FALSE,2,66253,NA
exhibit_6,exports,2026-01-01,TRUE,FALSE,3,11506,NA
exhibit_6,exports,2026-01-01,TRUE,FALSE,4,20053,NA
exhibit_6,exports,2026-01-01,TRUE,FALSE,5,10605,NA
exhibit_6,exports,2026-02-01,TRUE,FALSE,total_bop,206055,NA
exhibit_6,exports,2026-02-01,TRUE,FALSE,net_adjustments,793,NA
exhibit_6,exports,2026-02-01,TRUE,FALSE,total_census,205262,NA
exhibit_6,exports,2026-02-01,TRUE,FALSE,0,14004,NA
exhibit_6,exports,2026-02-01,TRUE,FALSE,1,81574,NA
exhibit_6,exports,2026-02-01,TRUE,FALSE,2,65136,NA
exhibit_6,exports,2026-02-01,TRUE,FALSE,3,12927,NA
exhibit_6,exports,2026-02-01,TRUE,FALSE,4,23076,NA
exhibit_6,exports,2026-02-01,TRUE,FALSE,5,8545,NA
exhibit_6,exports,2026-03-01,TRUE,FALSE,total_bop,212505,NA
exhibit_6,exports,2026-03-01,TRUE,FALSE,net_adjustments,1033,NA
exhibit_6,exports,2026-03-01,TRUE,FALSE,total_census,211472,NA
exhibit_6,exports,2026-03-01,TRUE,FALSE,0,15035,NA
exhibit_6,exports,2026-03-01,TRUE,FALSE,1,86458,NA
exhibit_6,exports,2026-03-01,TRUE,FALSE,2,66268,NA
exhibit_6,exports,2026-03-01,TRUE,FALSE,3,13201,NA
exhibit_6,exports,2026-03-01,TRUE,FALSE,4,21129,NA
exhibit_6,exports,2026-03-01,TRUE,FALSE,5,9382,NA
exhibit_6,exports,2026-04-01,TRUE,FALSE,total_bop,222014,NA
exhibit_6,exports,2026-04-01,TRUE,FALSE,net_adjustments,1906,NA
exhibit_6,exports,2026-04-01,TRUE,FALSE,total_census,220108,NA
exhibit_6,exports,2026-04-01,TRUE,FALSE,0,15022,NA
exhibit_6,exports,2026-04-01,TRUE,FALSE,1,88931,NA
exhibit_6,exports,2026-04-01,TRUE,FALSE,2,70339,NA
exhibit_6,exports,2026-04-01,TRUE,FALSE,3,12977,NA
exhibit_6,exports,2026-04-01,TRUE,FALSE,4,22796,NA
exhibit_6,exports,2026-04-01,TRUE,FALSE,5,10042,NA
exhibit_6,exports,2026-05-01,TRUE,FALSE,total_bop,211052,NA
exhibit_6,exports,2026-05-01,TRUE,FALSE,net_adjustments,1872,NA
exhibit_6,exports,2026-05-01,TRUE,FALSE,total_census,209180,NA
exhibit_6,exports,2026-05-01,TRUE,FALSE,0,15585,NA
exhibit_6,exports,2026-05-01,TRUE,FALSE,1,83626,NA
exhibit_6,exports,2026-05-01,TRUE,FALSE,2,66856,NA
exhibit_6,exports,2026-05-01,TRUE,FALSE,3,12843,NA
exhibit_6,exports,2026-05-01,TRUE,FALSE,4,20728,NA
exhibit_6,exports,2026-05-01,TRUE,FALSE,5,9543,NA
exhibit_6,exports,2026-06-01,TRUE,FALSE,total_bop,207248,NA
exhibit_6,exports,2026-06-01,TRUE,FALSE,net_adjustments,1634,NA
exhibit_6,exports,2026-06-01,TRUE,FALSE,total_census,205614,NA
exhibit_6,exports,2026-06-01,TRUE,FALSE,0,15124,NA
exhibit_6,exports,2026-06-01,TRUE,FALSE,1,80259,NA
exhibit_6,exports,2026-06-01,TRUE,FALSE,2,66259,NA
exhibit_6,exports,2026-06-01,TRUE,FALSE,3,13621,NA
exhibit_6,exports,2026-06-01,TRUE,FALSE,4,21315,NA
exhibit_6,exports,2026-06-01,TRUE,FALSE,5,9036,NA
exhibit_6,exports,2026-07-01,FALSE,FALSE,total_bop,201035,NA
exhibit_6,exports,2026-07-01,FALSE,FALSE,net_adjustments,1346,NA
exhibit_6,exports,2026-07-01,FALSE,FALSE,total_census,199689,NA
exhibit_6,exports,2026-07-01,FALSE,FALSE,0,14971,NA
exhibit_6,exports,2026-07-01,FALSE,FALSE,1,71592,NA
exhibit_6,exports,2026-07-01,FALSE,FALSE,2,68143,NA
exhibit_6,exports,2026-07-01,FALSE,FALSE,3,13529,NA
exhibit_6,exports,2026-07-01,FALSE,FALSE,4,23035,NA
exhibit_6,exports,2026-07-01,FALSE,FALSE,5,8419,NA
exhibit_6,imports,2025-01-01,FALSE,FALSE,total_bop,325808,NA
exhibit_6,imports,2025-01-01,FALSE,FALSE,net_adjustments,2032,NA
exhibit_6,imports,2025-01-01,FALSE,FALSE,total_census,323776,NA
exhibit_6,imports,2025-01-01,FALSE,FALSE,0,19833,NA
exhibit_6,imports,2025-01-01,FALSE,FALSE,1,89482,NA
exhibit_6,imports,2025-01-01,FALSE,FALSE,2,88754,NA
exhibit_6,imports,2025-01-01,FALSE,FALSE,3,37625,NA
exhibit_6,imports,2025-01-01,FALSE,FALSE,4,75899,NA
exhibit_6,imports,2025-01-01,FALSE,FALSE,5,12183,NA
exhibit_6,imports,2025-02-01,FALSE,FALSE,total_bop,323674,NA
exhibit_6,imports,2025-02-01,FALSE,FALSE,net_adjustments,2170,NA
exhibit_6,imports,2025-02-01,FALSE,FALSE,total_census,321504,NA
exhibit_6,imports,2025-02-01,FALSE,FALSE,0,19189,NA
exhibit_6,imports,2025-02-01,FALSE,FALSE,1,84255,NA
exhibit_6,imports,2025-02-01,FALSE,FALSE,2,89704,NA
exhibit_6,imports,2025-02-01,FALSE,FALSE,3,37800,NA
exhibit_6,imports,2025-02-01,FALSE,FALSE,4,78590,NA
exhibit_6,imports,2025-02-01,FALSE,FALSE,5,11966,NA
exhibit_6,imports,2025-03-01,FALSE,FALSE,total_bop,342316,NA
exhibit_6,imports,2025-03-01,FALSE,FALSE,net_adjustments,2202,NA
exhibit_6,imports,2025-03-01,FALSE,FALSE,total_census,340114,NA
exhibit_6,imports,2025-03-01,FALSE,FALSE,0,19302,NA
exhibit_6,imports,2025-03-01,FALSE,FALSE,1,73446,NA
exhibit_6,imports,2025-03-01,FALSE,FALSE,2,93126,NA
exhibit_6,imports,2025-03-01,FALSE,FALSE,3,40558,NA
exhibit_6,imports,2025-03-01,FALSE,FALSE,4,101633,NA
exhibit_6,imports,2025-03-01,FALSE,FALSE,5,12050,NA
exhibit_6,imports,2025-04-01,FALSE,FALSE,total_bop,276502,NA
exhibit_6,imports,2025-04-01,FALSE,FALSE,net_adjustments,1803,NA
exhibit_6,imports,2025-04-01,FALSE,FALSE,total_census,274699,NA
exhibit_6,imports,2025-04-01,FALSE,FALSE,0,18475,NA
exhibit_6,imports,2025-04-01,FALSE,FALSE,1,51499,NA
exhibit_6,imports,2025-04-01,FALSE,FALSE,2,90488,NA
exhibit_6,imports,2025-04-01,FALSE,FALSE,3,33149,NA
exhibit_6,imports,2025-04-01,FALSE,FALSE,4,69130,NA
exhibit_6,imports,2025-04-01,FALSE,FALSE,5,11958,NA
exhibit_6,imports,2025-05-01,FALSE,FALSE,total_bop,274558,NA
exhibit_6,imports,2025-05-01,FALSE,FALSE,net_adjustments,1902,NA
exhibit_6,imports,2025-05-01,FALSE,FALSE,total_census,272656,NA
exhibit_6,imports,2025-05-01,FALSE,FALSE,0,18246,NA
exhibit_6,imports,2025-05-01,FALSE,FALSE,1,50045,NA
exhibit_6,imports,2025-05-01,FALSE,FALSE,2,89851,NA
exhibit_6,imports,2025-05-01,FALSE,FALSE,3,36360,NA
exhibit_6,imports,2025-05-01,FALSE,FALSE,4,65513,NA
exhibit_6,imports,2025-05-01,FALSE,FALSE,5,12641,NA
exhibit_6,imports,2025-06-01,FALSE,FALSE,total_bop,264739,NA
exhibit_6,imports,2025-06-01,FALSE,FALSE,net_adjustments,2183,NA
exhibit_6,imports,2025-06-01,FALSE,FALSE,total_census,262557,NA
exhibit_6,imports,2025-06-01,FALSE,FALSE,0,17995,NA
exhibit_6,imports,2025-06-01,FALSE,FALSE,1,48029,NA
exhibit_6,imports,2025-06-01,FALSE,FALSE,2,91337,NA
exhibit_6,imports,2025-06-01,FALSE,FALSE,3,35252,NA
exhibit_6,imports,2025-06-01,FALSE,FALSE,4,57644,NA
exhibit_6,imports,2025-06-01,FALSE,FALSE,5,12300,NA
exhibit_6,imports,2025-07-01,FALSE,FALSE,total_bop,281965,NA
exhibit_6,imports,2025-07-01,FALSE,FALSE,net_adjustments,2213,NA
exhibit_6,imports,2025-07-01,FALSE,FALSE,total_census,279752,NA
exhibit_6,imports,2025-07-01,FALSE,FALSE,0,18396,NA
exhibit_6,imports,2025-07-01,FALSE,FALSE,1,60309,NA
exhibit_6,imports,2025-07-01,FALSE,FALSE,2,95413,NA
exhibit_6,imports,2025-07-01,FALSE,FALSE,3,34053,NA
exhibit_6,imports,2025-07-01,FALSE,FALSE,4,58757,NA
exhibit_6,imports,2025-07-01,FALSE,FALSE,5,12823,NA
exhibit_6,imports,2025-08-01,FALSE,FALSE,total_bop,266587,NA
exhibit_6,imports,2025-08-01,FALSE,FALSE,net_adjustments,3781,NA
exhibit_6,imports,2025-08-01,FALSE,FALSE,total_census,262806,NA
exhibit_6,imports,2025-08-01,FALSE,FALSE,0,16913,NA
exhibit_6,imports,2025-08-01,FALSE,FALSE,1,49141,NA
exhibit_6,imports,2025-08-01,FALSE,FALSE,2,92760,NA
exhibit_6,imports,2025-08-01,FALSE,FALSE,3,34594,NA
exhibit_6,imports,2025-08-01,FALSE,FALSE,4,55657,NA
exhibit_6,imports,2025-08-01,FALSE,FALSE,5,13742,NA
exhibit_6,imports,2025-09-01,FALSE,FALSE,total_bop,274362,NA
exhibit_6,imports,2025-09-01,FALSE,FALSE,net_adjustments,5927,NA
exhibit_6,imports,2025-09-01,FALSE,FALSE,total_census,268435,NA
exhibit_6,imports,2025-09-01,FALSE,FALSE,0,16771,NA
exhibit_6,imports,2025-09-01,FALSE,FALSE,1,49450,NA
exhibit_6,imports,2025-09-01,FALSE,FALSE,2,88821,NA
exhibit_6,imports,2025-09-01,FALSE,FALSE,3,33495,NA
exhibit_6,imports,2025-09-01,FALSE,FALSE,4,67398,NA
exhibit_6,imports,2025-09-01,FALSE,FALSE,5,12500,NA
exhibit_6,imports,2025-10-01,FALSE,FALSE,total_bop,261178,NA
exhibit_6,imports,2025-10-01,FALSE,FALSE,net_adjustments,4574,NA
exhibit_6,imports,2025-10-01,FALSE,FALSE,total_census,256604,NA
exhibit_6,imports,2025-10-01,FALSE,FALSE,0,16447,NA
exhibit_6,imports,2025-10-01,FALSE,FALSE,1,46989,NA
exhibit_6,imports,2025-10-01,FALSE,FALSE,2,95227,NA
exhibit_6,imports,2025-10-01,FALSE,FALSE,3,32944,NA
exhibit_6,imports,2025-10-01,FALSE,FALSE,4,52682,NA
exhibit_6,imports,2025-10-01,FALSE,FALSE,5,12315,NA
exhibit_6,imports,2025-11-01,FALSE,FALSE,total_bop,276354,NA
exhibit_6,imports,2025-11-01,FALSE,FALSE,net_adjustments,5340,NA
exhibit_6,imports,2025-11-01,FALSE,FALSE,total_census,271014,NA
exhibit_6,imports,2025-11-01,FALSE,FALSE,0,16825,NA
exhibit_6,imports,2025-11-01,FALSE,FALSE,1,44779,NA
exhibit_6,imports,2025-11-01,FALSE,FALSE,2,102606,NA
exhibit_6,imports,2025-11-01,FALSE,FALSE,3,32730,NA
exhibit_6,imports,2025-11-01,FALSE,FALSE,4,60363,NA
exhibit_6,imports,2025-11-01,FALSE,FALSE,5,13711,NA
exhibit_6,imports,2025-12-01,FALSE,FALSE,total_bop,283497,NA
exhibit_6,imports,2025-12-01,FALSE,FALSE,net_adjustments,2903,NA
exhibit_6,imports,2025-12-01,FALSE,FALSE,total_census,280595,NA
exhibit_6,imports,2025-12-01,FALSE,FALSE,0,16992,NA
exhibit_6,imports,2025-12-01,FALSE,FALSE,1,50911,NA
exhibit_6,imports,2025-12-01,FALSE,FALSE,2,108785,NA
exhibit_6,imports,2025-12-01,FALSE,FALSE,3,33443,NA
exhibit_6,imports,2025-12-01,FALSE,FALSE,4,57075,NA
exhibit_6,imports,2025-12-01,FALSE,FALSE,5,13388,NA
exhibit_6,imports,2026-01-01,TRUE,FALSE,total_bop,276984,NA
exhibit_6,imports,2026-01-01,TRUE,FALSE,net_adjustments,4028,NA
exhibit_6,imports,2026-01-01,TRUE,FALSE,total_census,272956,NA
exhibit_6,imports,2026-01-01,TRUE,FALSE,0,16736,NA
exhibit_6,imports,2026-01-01,TRUE,FALSE,1,48809,NA
exhibit_6,imports,2026-01-01,TRUE,FALSE,2,110784,NA
exhibit_6,imports,2026-01-01,TRUE,FALSE,3,30677,NA
exhibit_6,imports,2026-01-01,TRUE,FALSE,4,51622,NA
exhibit_6,imports,2026-01-01,TRUE,FALSE,5,14330,NA
exhibit_6,imports,2026-02-01,TRUE,FALSE,total_bop,288589,NA
exhibit_6,imports,2026-02-01,TRUE,FALSE,net_adjustments,1590,NA
exhibit_6,imports,2026-02-01,TRUE,FALSE,total_census,286999,NA
exhibit_6,imports,2026-02-01,TRUE,FALSE,0,16822,NA
exhibit_6,imports,2026-02-01,TRUE,FALSE,1,51813,NA
exhibit_6,imports,2026-02-01,TRUE,FALSE,2,118237,NA
exhibit_6,imports,2026-02-01,TRUE,FALSE,3,32172,NA
exhibit_6,imports,2026-02-01,TRUE,FALSE,4,54040,NA
exhibit_6,imports,2026-02-01,TRUE,FALSE,5,13914,NA
exhibit_6,imports,2026-03-01,TRUE,FALSE,total_bop,298617,NA
exhibit_6,imports,2026-03-01,TRUE,FALSE,net_adjustments,2026,NA
exhibit_6,imports,2026-03-01,TRUE,FALSE,total_census,296591,NA
exhibit_6,imports,2026-03-01,TRUE,FALSE,0,17407,NA
exhibit_6,imports,2026-03-01,TRUE,FALSE,1,54286,NA
exhibit_6,imports,2026-03-01,TRUE,FALSE,2,119926,NA
exhibit_6,imports,2026-03-01,TRUE,FALSE,3,35196,NA
exhibit_6,imports,2026-03-01,TRUE,FALSE,4,56552,NA
exhibit_6,imports,2026-03-01,TRUE,FALSE,5,13223,NA
exhibit_6,imports,2026-04-01,TRUE,FALSE,total_bop,305074,NA
exhibit_6,imports,2026-04-01,TRUE,FALSE,net_adjustments,2735,NA
exhibit_6,imports,2026-04-01,TRUE,FALSE,total_census,302339,NA
exhibit_6,imports,2026-04-01,TRUE,FALSE,0,17457,NA
exhibit_6,imports,2026-04-01,TRUE,FALSE,1,53221,NA
exhibit_6,imports,2026-04-01,TRUE,FALSE,2,126893,NA
exhibit_6,imports,2026-04-01,TRUE,FALSE,3,34671,NA
exhibit_6,imports,2026-04-01,TRUE,FALSE,4,56263,NA
exhibit_6,imports,2026-04-01,TRUE,FALSE,5,13835,NA
exhibit_6,imports,2026-05-01,TRUE,FALSE,total_bop,317321,NA
exhibit_6,imports,2026-05-01,TRUE,FALSE,net_adjustments,2814,NA
exhibit_6,imports,2026-05-01,TRUE,FALSE,total_census,314507,NA
exhibit_6,imports,2026-05-01,TRUE,FALSE,0,18237,NA
exhibit_6,imports,2026-05-01,TRUE,FALSE,1,56308,NA
exhibit_6,imports,2026-05-01,TRUE,FALSE,2,128033,NA
exhibit_6,imports,2026-05-01,TRUE,FALSE,3,36894,NA
exhibit_6,imports,2026-05-01,TRUE,FALSE,4,59762,NA
exhibit_6,imports,2026-05-01,TRUE,FALSE,5,15275,NA
exhibit_6,imports,2026-06-01,TRUE,FALSE,total_bop,309220,NA
exhibit_6,imports,2026-06-01,TRUE,FALSE,net_adjustments,2552,NA
exhibit_6,imports,2026-06-01,TRUE,FALSE,total_census,306668,NA
exhibit_6,imports,2026-06-01,TRUE,FALSE,0,17758,NA
exhibit_6,imports,2026-06-01,TRUE,FALSE,1,55317,NA
exhibit_6,imports,2026-06-01,TRUE,FALSE,2,125869,NA
exhibit_6,imports,2026-06-01,TRUE,FALSE,3,35897,NA
exhibit_6,imports,2026-06-01,TRUE,FALSE,4,57685,NA
exhibit_6,imports,2026-06-01,TRUE,FALSE,5,14142,NA
exhibit_6,imports,2026-07-01,FALSE,FALSE,total_bop,320627,NA
exhibit_6,imports,2026-07-01,FALSE,FALSE,net_adjustments,1997,NA
exhibit_6,imports,2026-07-01,FALSE,FALSE,total_census,318630,NA
exhibit_6,imports,2026-07-01,FALSE,FALSE,0,17631,NA
exhibit_6,imports,2026-07-01,FALSE,FALSE,1,53528,NA
exhibit_6,imports,2026-07-01,FALSE,FALSE,2,140264,NA
exhibit_6,imports,2026-07-01,FALSE,FALSE,3,35388,NA
exhibit_6,imports,2026-07-01,FALSE,FALSE,4,57964,NA
exhibit_6,imports,2026-07-01,FALSE,FALSE,5,13854,NA
exhibit_10,exports,2025-01-01,FALSE,FALSE,total,142725,NA
exhibit_10,exports,2025-01-01,FALSE,FALSE,0,10031,NA
exhibit_10,exports,2025-01-01,FALSE,FALSE,1,44922,NA
exhibit_10,exports,2025-01-01,FALSE,FALSE,2,50511,NA
exhibit_10,exports,2025-01-01,FALSE,FALSE,3,11479,NA
exhibit_10,exports,2025-01-01,FALSE,FALSE,4,19884,NA
exhibit_10,exports,2025-01-01,FALSE,FALSE,5,6232,NA
exhibit_10,exports,2025-01-01,FALSE,FALSE,residual,-334,NA
exhibit_10,exports,2025-02-01,FALSE,FALSE,total,145710,NA
exhibit_10,exports,2025-02-01,FALSE,FALSE,0,9573,NA
exhibit_10,exports,2025-02-01,FALSE,FALSE,1,46018,NA
exhibit_10,exports,2025-02-01,FALSE,FALSE,2,52035,NA
exhibit_10,exports,2025-02-01,FALSE,FALSE,3,12629,NA
exhibit_10,exports,2025-02-01,FALSE,FALSE,4,20285,NA
exhibit_10,exports,2025-02-01,FALSE,FALSE,5,5661,NA
exhibit_10,exports,2025-02-01,FALSE,FALSE,residual,-491,NA
exhibit_10,exports,2025-03-01,FALSE,FALSE,total,150005,NA
exhibit_10,exports,2025-03-01,FALSE,FALSE,0,10483,NA
exhibit_10,exports,2025-03-01,FALSE,FALSE,1,48565,NA
exhibit_10,exports,2025-03-01,FALSE,FALSE,2,51744,NA
exhibit_10,exports,2025-03-01,FALSE,FALSE,3,13236,NA
exhibit_10,exports,2025-03-01,FALSE,FALSE,4,19911,NA
exhibit_10,exports,2025-03-01,FALSE,FALSE,5,6168,NA
exhibit_10,exports,2025-03-01,FALSE,FALSE,residual,-103,NA
exhibit_10,exports,2025-04-01,FALSE,FALSE,total,155808,NA
exhibit_10,exports,2025-04-01,FALSE,FALSE,0,10018,NA
exhibit_10,exports,2025-04-01,FALSE,FALSE,1,56491,NA
exhibit_10,exports,2025-04-01,FALSE,FALSE,2,52420,NA
exhibit_10,exports,2025-04-01,FALSE,FALSE,3,11192,NA
exhibit_10,exports,2025-04-01,FALSE,FALSE,4,18863,NA
exhibit_10,exports,2025-04-01,FALSE,FALSE,5,6094,NA
exhibit_10,exports,2025-04-01,FALSE,FALSE,residual,730,NA
exhibit_10,exports,2025-05-01,FALSE,FALSE,total,149361,NA
exhibit_10,exports,2025-05-01,FALSE,FALSE,0,9741,NA
exhibit_10,exports,2025-05-01,FALSE,FALSE,1,50920,NA
exhibit_10,exports,2025-05-01,FALSE,FALSE,2,51282,NA
exhibit_10,exports,2025-05-01,FALSE,FALSE,3,11525,NA
exhibit_10,exports,2025-05-01,FALSE,FALSE,4,19700,NA
exhibit_10,exports,2025-05-01,FALSE,FALSE,5,6020,NA
exhibit_10,exports,2025-05-01,FALSE,FALSE,residual,173,NA
exhibit_10,exports,2025-06-01,FALSE,FALSE,total,146241,NA
exhibit_10,exports,2025-06-01,FALSE,FALSE,0,10036,NA
exhibit_10,exports,2025-06-01,FALSE,FALSE,1,45409,NA
exhibit_10,exports,2025-06-01,FALSE,FALSE,2,52577,NA
exhibit_10,exports,2025-06-01,FALSE,FALSE,3,11743,NA
exhibit_10,exports,2025-06-01,FALSE,FALSE,4,20761,NA
exhibit_10,exports,2025-06-01,FALSE,FALSE,5,6199,NA
exhibit_10,exports,2025-06-01,FALSE,FALSE,residual,-485,NA
exhibit_10,exports,2025-07-01,FALSE,FALSE,total,145951,NA
exhibit_10,exports,2025-07-01,FALSE,FALSE,0,10037,NA
exhibit_10,exports,2025-07-01,FALSE,FALSE,1,44774,NA
exhibit_10,exports,2025-07-01,FALSE,FALSE,2,53068,NA
exhibit_10,exports,2025-07-01,FALSE,FALSE,3,11524,NA
exhibit_10,exports,2025-07-01,FALSE,FALSE,4,20688,NA
exhibit_10,exports,2025-07-01,FALSE,FALSE,5,6420,NA
exhibit_10,exports,2025-07-01,FALSE,FALSE,residual,-559,NA
exhibit_10,exports,2025-08-01,FALSE,FALSE,total,145284,NA
exhibit_10,exports,2025-08-01,FALSE,FALSE,0,9963,NA
exhibit_10,exports,2025-08-01,FALSE,FALSE,1,44385,NA
exhibit_10,exports,2025-08-01,FALSE,FALSE,2,54926,NA
exhibit_10,exports,2025-08-01,FALSE,FALSE,3,11035,NA
exhibit_10,exports,2025-08-01,FALSE,FALSE,4,19288,NA
exhibit_10,exports,2025-08-01,FALSE,FALSE,5,6279,NA
exhibit_10,exports,2025-08-01,FALSE,FALSE,residual,-592,NA
exhibit_10,exports,2025-09-01,FALSE,FALSE,total,151186,NA
exhibit_10,exports,2025-09-01,FALSE,FALSE,0,10205,NA
exhibit_10,exports,2025-09-01,FALSE,FALSE,1,49183,NA
exhibit_10,exports,2025-09-01,FALSE,FALSE,2,52000,NA
exhibit_10,exports,2025-09-01,FALSE,FALSE,3,10943,NA
exhibit_10,exports,2025-09-01,FALSE,FALSE,4,22417,NA
exhibit_10,exports,2025-09-01,FALSE,FALSE,5,6577,NA
exhibit_10,exports,2025-09-01,FALSE,FALSE,residual,-138,NA
exhibit_10,exports,2025-10-01,FALSE,FALSE,total,157138,NA
exhibit_10,exports,2025-10-01,FALSE,FALSE,0,10016,NA
exhibit_10,exports,2025-10-01,FALSE,FALSE,1,55662,NA
exhibit_10,exports,2025-10-01,FALSE,FALSE,2,51607,NA
exhibit_10,exports,2025-10-01,FALSE,FALSE,3,11298,NA
exhibit_10,exports,2025-10-01,FALSE,FALSE,4,21493,NA
exhibit_10,exports,2025-10-01,FALSE,FALSE,5,6387,NA
exhibit_10,exports,2025-10-01,FALSE,FALSE,residual,676,NA
exhibit_10,exports,2025-11-01,FALSE,FALSE,total,148001,NA
exhibit_10,exports,2025-11-01,FALSE,FALSE,0,9703,NA
exhibit_10,exports,2025-11-01,FALSE,FALSE,1,50053,NA
exhibit_10,exports,2025-11-01,FALSE,FALSE,2,52405,NA
exhibit_10,exports,2025-11-01,FALSE,FALSE,3,10760,NA
exhibit_10,exports,2025-11-01,FALSE,FALSE,4,18839,NA
exhibit_10,exports,2025-11-01,FALSE,FALSE,5,6057,NA
exhibit_10,exports,2025-11-01,FALSE,FALSE,residual,184,NA
exhibit_10,exports,2025-12-01,FALSE,FALSE,total,144209,NA
exhibit_10,exports,2025-12-01,FALSE,FALSE,0,9781,NA
exhibit_10,exports,2025-12-01,FALSE,FALSE,1,44015,NA
exhibit_10,exports,2025-12-01,FALSE,FALSE,2,54104,NA
exhibit_10,exports,2025-12-01,FALSE,FALSE,3,10586,NA
exhibit_10,exports,2025-12-01,FALSE,FALSE,4,20271,NA
exhibit_10,exports,2025-12-01,FALSE,FALSE,5,6294,NA
exhibit_10,exports,2025-12-01,FALSE,FALSE,residual,-842,NA
exhibit_10,exports,2026-01-01,FALSE,FALSE,total,156405,NA
exhibit_10,exports,2026-01-01,FALSE,FALSE,0,10467,NA
exhibit_10,exports,2026-01-01,FALSE,FALSE,1,52114,NA
exhibit_10,exports,2026-01-01,FALSE,FALSE,2,57686,NA
exhibit_10,exports,2026-01-01,FALSE,FALSE,3,9797,NA
exhibit_10,exports,2026-01-01,FALSE,FALSE,4,17749,NA
exhibit_10,exports,2026-01-01,FALSE,FALSE,5,8347,NA
exhibit_10,exports,2026-01-01,FALSE,FALSE,residual,246,NA
exhibit_10,exports,2026-02-01,FALSE,FALSE,total,162464,NA
exhibit_10,exports,2026-02-01,FALSE,FALSE,0,10259,NA
exhibit_10,exports,2026-02-01,FALSE,FALSE,1,57282,NA
exhibit_10,exports,2026-02-01,FALSE,FALSE,2,56451,NA
exhibit_10,exports,2026-02-01,FALSE,FALSE,3,10994,NA
exhibit_10,exports,2026-02-01,FALSE,FALSE,4,20320,NA
exhibit_10,exports,2026-02-01,FALSE,FALSE,5,6595,NA
exhibit_10,exports,2026-02-01,FALSE,FALSE,residual,561,NA
exhibit_10,exports,2026-03-01,FALSE,FALSE,total,163999,NA
exhibit_10,exports,2026-03-01,FALSE,FALSE,0,10929,NA
exhibit_10,exports,2026-03-01,FALSE,FALSE,1,58088,NA
exhibit_10,exports,2026-03-01,FALSE,FALSE,2,57306,NA
exhibit_10,exports,2026-03-01,FALSE,FALSE,3,11213,NA
exhibit_10,exports,2026-03-01,FALSE,FALSE,4,18544,NA
exhibit_10,exports,2026-03-01,FALSE,FALSE,5,7086,NA
exhibit_10,exports,2026-03-01,FALSE,FALSE,residual,833,NA
exhibit_10,exports,2026-04-01,FALSE,FALSE,total,165044,NA
exhibit_10,exports,2026-04-01,FALSE,FALSE,0,10748,NA
exhibit_10,exports,2026-04-01,FALSE,FALSE,1,55640,NA
exhibit_10,exports,2026-04-01,FALSE,FALSE,2,60467,NA
exhibit_10,exports,2026-04-01,FALSE,FALSE,3,11044,NA
exhibit_10,exports,2026-04-01,FALSE,FALSE,4,19941,NA
exhibit_10,exports,2026-04-01,FALSE,FALSE,5,7320,NA
exhibit_10,exports,2026-04-01,FALSE,FALSE,residual,-115,NA
exhibit_10,exports,2026-05-01,FALSE,FALSE,total,154923,NA
exhibit_10,exports,2026-05-01,FALSE,FALSE,0,11113,NA
exhibit_10,exports,2026-05-01,FALSE,FALSE,1,50885,NA
exhibit_10,exports,2026-05-01,FALSE,FALSE,2,57491,NA
exhibit_10,exports,2026-05-01,FALSE,FALSE,3,10922,NA
exhibit_10,exports,2026-05-01,FALSE,FALSE,4,18071,NA
exhibit_10,exports,2026-05-01,FALSE,FALSE,5,6854,NA
exhibit_10,exports,2026-05-01,FALSE,FALSE,residual,-413,NA
exhibit_10,exports,2026-06-01,TRUE,FALSE,total,153525,NA
exhibit_10,exports,2026-06-01,TRUE,FALSE,0,10840,NA
exhibit_10,exports,2026-06-01,TRUE,FALSE,1,49999,NA
exhibit_10,exports,2026-06-01,TRUE,FALSE,2,56696,NA
exhibit_10,exports,2026-06-01,TRUE,FALSE,3,11540,NA
exhibit_10,exports,2026-06-01,TRUE,FALSE,4,18556,NA
exhibit_10,exports,2026-06-01,TRUE,FALSE,5,6553,NA
exhibit_10,exports,2026-06-01,TRUE,FALSE,residual,-659,NA
exhibit_10,exports,2026-07-01,FALSE,FALSE,total,150810,NA
exhibit_10,exports,2026-07-01,FALSE,FALSE,0,10578,NA
exhibit_10,exports,2026-07-01,FALSE,FALSE,1,46278,NA
exhibit_10,exports,2026-07-01,FALSE,FALSE,2,58057,NA
exhibit_10,exports,2026-07-01,FALSE,FALSE,3,11377,NA
exhibit_10,exports,2026-07-01,FALSE,FALSE,4,20056,NA
exhibit_10,exports,2026-07-01,FALSE,FALSE,5,6182,NA
exhibit_10,exports,2026-07-01,FALSE,FALSE,residual,-1718,NA
exhibit_10,imports,2025-01-01,FALSE,FALSE,total,282999,NA
exhibit_10,imports,2025-01-01,FALSE,FALSE,0,15340,NA
exhibit_10,imports,2025-01-01,FALSE,FALSE,1,62431,NA
exhibit_10,imports,2025-01-01,FALSE,FALSE,2,83993,NA
exhibit_10,imports,2025-01-01,FALSE,FALSE,3,34171,NA
exhibit_10,imports,2025-01-01,FALSE,FALSE,4,73472,NA
exhibit_10,imports,2025-01-01,FALSE,FALSE,5,10667,NA
exhibit_10,imports,2025-01-01,FALSE,FALSE,residual,2925,NA
exhibit_10,imports,2025-02-01,FALSE,FALSE,total,279948,NA
exhibit_10,imports,2025-02-01,FALSE,FALSE,0,14773,NA
exhibit_10,imports,2025-02-01,FALSE,FALSE,1,57794,NA
exhibit_10,imports,2025-02-01,FALSE,FALSE,2,85005,NA
exhibit_10,imports,2025-02-01,FALSE,FALSE,3,34313,NA
exhibit_10,imports,2025-02-01,FALSE,FALSE,4,76374,NA
exhibit_10,imports,2025-02-01,FALSE,FALSE,5,10427,NA
exhibit_10,imports,2025-02-01,FALSE,FALSE,residual,1261,NA
exhibit_10,imports,2025-03-01,FALSE,FALSE,total,297116,NA
exhibit_10,imports,2025-03-01,FALSE,FALSE,0,14839,NA
exhibit_10,imports,2025-03-01,FALSE,FALSE,1,50946,NA
exhibit_10,imports,2025-03-01,FALSE,FALSE,2,88195,NA
exhibit_10,imports,2025-03-01,FALSE,FALSE,3,36829,NA
exhibit_10,imports,2025-03-01,FALSE,FALSE,4,99050,NA
exhibit_10,imports,2025-03-01,FALSE,FALSE,5,10513,NA
exhibit_10,imports,2025-03-01,FALSE,FALSE,residual,-3256,NA
exhibit_10,imports,2025-04-01,FALSE,FALSE,total,240000,NA
exhibit_10,imports,2025-04-01,FALSE,FALSE,0,14232,NA
exhibit_10,imports,2025-04-01,FALSE,FALSE,1,36161,NA
exhibit_10,imports,2025-04-01,FALSE,FALSE,2,85277,NA
exhibit_10,imports,2025-04-01,FALSE,FALSE,3,30149,NA
exhibit_10,imports,2025-04-01,FALSE,FALSE,4,67123,NA
exhibit_10,imports,2025-04-01,FALSE,FALSE,5,10409,NA
exhibit_10,imports,2025-04-01,FALSE,FALSE,residual,-3350,NA
exhibit_10,imports,2025-05-01,FALSE,FALSE,total,239375,NA
exhibit_10,imports,2025-05-01,FALSE,FALSE,0,14146,NA
exhibit_10,imports,2025-05-01,FALSE,FALSE,1,35910,NA
exhibit_10,imports,2025-05-01,FALSE,FALSE,2,84597,NA
exhibit_10,imports,2025-05-01,FALSE,FALSE,3,33196,NA
exhibit_10,imports,2025-05-01,FALSE,FALSE,4,63654,NA
exhibit_10,imports,2025-05-01,FALSE,FALSE,5,11016,NA
exhibit_10,imports,2025-05-01,FALSE,FALSE,residual,-3146,NA
exhibit_10,imports,2025-06-01,FALSE,FALSE,total,230854,NA
exhibit_10,imports,2025-06-01,FALSE,FALSE,0,14012,NA
exhibit_10,imports,2025-06-01,FALSE,FALSE,1,34615,NA
exhibit_10,imports,2025-06-01,FALSE,FALSE,2,86098,NA
exhibit_10,imports,2025-06-01,FALSE,FALSE,3,32250,NA
exhibit_10,imports,2025-06-01,FALSE,FALSE,4,55926,NA
exhibit_10,imports,2025-06-01,FALSE,FALSE,5,10735,NA
exhibit_10,imports,2025-06-01,FALSE,FALSE,residual,-2782,NA
exhibit_10,imports,2025-07-01,FALSE,FALSE,total,245173,NA
exhibit_10,imports,2025-07-01,FALSE,FALSE,0,14428,NA
exhibit_10,imports,2025-07-01,FALSE,FALSE,1,42801,NA
exhibit_10,imports,2025-07-01,FALSE,FALSE,2,89900,NA
exhibit_10,imports,2025-07-01,FALSE,FALSE,3,31217,NA
exhibit_10,imports,2025-07-01,FALSE,FALSE,4,56831,NA
exhibit_10,imports,2025-07-01,FALSE,FALSE,5,11159,NA
exhibit_10,imports,2025-07-01,FALSE,FALSE,residual,-1163,NA
exhibit_10,imports,2025-08-01,FALSE,FALSE,total,229825,NA
exhibit_10,imports,2025-08-01,FALSE,FALSE,0,13629,NA
exhibit_10,imports,2025-08-01,FALSE,FALSE,1,34733,NA
exhibit_10,imports,2025-08-01,FALSE,FALSE,2,86637,NA
exhibit_10,imports,2025-08-01,FALSE,FALSE,3,31879,NA
exhibit_10,imports,2025-08-01,FALSE,FALSE,4,53622,NA
exhibit_10,imports,2025-08-01,FALSE,FALSE,5,11981,NA
exhibit_10,imports,2025-08-01,FALSE,FALSE,residual,-2656,NA
exhibit_10,imports,2025-09-01,FALSE,FALSE,total,234947,NA
exhibit_10,imports,2025-09-01,FALSE,FALSE,0,13647,NA
exhibit_10,imports,2025-09-01,FALSE,FALSE,1,34980,NA
exhibit_10,imports,2025-09-01,FALSE,FALSE,2,83015,NA
exhibit_10,imports,2025-09-01,FALSE,FALSE,3,30854,NA
exhibit_10,imports,2025-09-01,FALSE,FALSE,4,64913,NA
exhibit_10,imports,2025-09-01,FALSE,FALSE,5,10890,NA
exhibit_10,imports,2025-09-01,FALSE,FALSE,residual,-3352,NA
exhibit_10,imports,2025-10-01,FALSE,FALSE,total,223792,NA
exhibit_10,imports,2025-10-01,FALSE,FALSE,0,13315,NA
exhibit_10,imports,2025-10-01,FALSE,FALSE,1,32849,NA
exhibit_10,imports,2025-10-01,FALSE,FALSE,2,88800,NA
exhibit_10,imports,2025-10-01,FALSE,FALSE,3,30383,NA
exhibit_10,imports,2025-10-01,FALSE,FALSE,4,50703,NA
exhibit_10,imports,2025-10-01,FALSE,FALSE,5,10670,NA
exhibit_10,imports,2025-10-01,FALSE,FALSE,residual,-2929,NA
exhibit_10,imports,2025-11-01,FALSE,FALSE,total,235831,NA
exhibit_10,imports,2025-11-01,FALSE,FALSE,0,13683,NA
exhibit_10,imports,2025-11-01,FALSE,FALSE,1,30947,NA
exhibit_10,imports,2025-11-01,FALSE,FALSE,2,95513,NA
exhibit_10,imports,2025-11-01,FALSE,FALSE,3,30205,NA
exhibit_10,imports,2025-11-01,FALSE,FALSE,4,58116,NA
exhibit_10,imports,2025-11-01,FALSE,FALSE,5,11877,NA
exhibit_10,imports,2025-11-01,FALSE,FALSE,residual,-4509,NA
exhibit_10,imports,2025-12-01,FALSE,FALSE,total,243626,NA
exhibit_10,imports,2025-12-01,FALSE,FALSE,0,13767,NA
exhibit_10,imports,2025-12-01,FALSE,FALSE,1,34845,NA
exhibit_10,imports,2025-12-01,FALSE,FALSE,2,101188,NA
exhibit_10,imports,2025-12-01,FALSE,FALSE,3,30861,NA
exhibit_10,imports,2025-12-01,FALSE,FALSE,4,54990,NA
exhibit_10,imports,2025-12-01,FALSE,FALSE,5,11561,NA
exhibit_10,imports,2025-12-01,FALSE,FALSE,residual,-3586,NA
exhibit_10,imports,2026-01-01,FALSE,FALSE,total,235725,NA
exhibit_10,imports,2026-01-01,FALSE,FALSE,0,13562,NA
exhibit_10,imports,2026-01-01,FALSE,FALSE,1,33041,NA
exhibit_10,imports,2026-01-01,FALSE,FALSE,2,102261,NA
exhibit_10,imports,2026-01-01,FALSE,FALSE,3,28303,NA
exhibit_10,imports,2026-01-01,FALSE,FALSE,4,49739,NA
exhibit_10,imports,2026-01-01,FALSE,FALSE,5,12287,NA
exhibit_10,imports,2026-01-01,FALSE,FALSE,residual,-3468,NA
exhibit_10,imports,2026-02-01,FALSE,FALSE,total,244211,NA
exhibit_10,imports,2026-02-01,FALSE,FALSE,0,13502,NA
exhibit_10,imports,2026-02-01,FALSE,FALSE,1,34291,NA
exhibit_10,imports,2026-02-01,FALSE,FALSE,2,106580,NA
exhibit_10,imports,2026-02-01,FALSE,FALSE,3,29654,NA
exhibit_10,imports,2026-02-01,FALSE,FALSE,4,52064,NA
exhibit_10,imports,2026-02-01,FALSE,FALSE,5,11854,NA
exhibit_10,imports,2026-02-01,FALSE,FALSE,residual,-3734,NA
exhibit_10,imports,2026-03-01,FALSE,FALSE,total,249896,NA
exhibit_10,imports,2026-03-01,FALSE,FALSE,0,13722,NA
exhibit_10,imports,2026-03-01,FALSE,FALSE,1,35027,NA
exhibit_10,imports,2026-03-01,FALSE,FALSE,2,107129,NA
exhibit_10,imports,2026-03-01,FALSE,FALSE,3,32448,NA
exhibit_10,imports,2026-03-01,FALSE,FALSE,4,54345,NA
exhibit_10,imports,2026-03-01,FALSE,FALSE,5,11256,NA
exhibit_10,imports,2026-03-01,FALSE,FALSE,residual,-4032,NA
exhibit_10,imports,2026-04-01,FALSE,FALSE,total,249446,NA
exhibit_10,imports,2026-04-01,FALSE,FALSE,0,13681,NA
exhibit_10,imports,2026-04-01,FALSE,FALSE,1,32331,NA
exhibit_10,imports,2026-04-01,FALSE,FALSE,2,110533,NA
exhibit_10,imports,2026-04-01,FALSE,FALSE,3,32003,NA
exhibit_10,imports,2026-04-01,FALSE,FALSE,4,54191,NA
exhibit_10,imports,2026-04-01,FALSE,FALSE,5,11780,NA
exhibit_10,imports,2026-04-01,FALSE,FALSE,residual,-5071,NA
exhibit_10,imports,2026-05-01,FALSE,FALSE,total,254766,NA
exhibit_10,imports,2026-05-01,FALSE,FALSE,0,14340,NA
exhibit_10,imports,2026-05-01,FALSE,FALSE,1,32594,NA
exhibit_10,imports,2026-05-01,FALSE,FALSE,2,109212,NA
exhibit_10,imports,2026-05-01,FALSE,FALSE,3,33918,NA
exhibit_10,imports,2026-05-01,FALSE,FALSE,4,57384,NA
exhibit_10,imports,2026-05-01,FALSE,FALSE,5,12934,NA
exhibit_10,imports,2026-05-01,FALSE,FALSE,residual,-5616,NA
exhibit_10,imports,2026-06-01,TRUE,FALSE,total,247883,NA
exhibit_10,imports,2026-06-01,TRUE,FALSE,0,13914,NA
exhibit_10,imports,2026-06-01,TRUE,FALSE,1,32525,NA
exhibit_10,imports,2026-06-01,TRUE,FALSE,2,106631,NA
exhibit_10,imports,2026-06-01,TRUE,FALSE,3,33085,NA
exhibit_10,imports,2026-06-01,TRUE,FALSE,4,54785,NA
exhibit_10,imports,2026-06-01,TRUE,FALSE,5,11934,NA
exhibit_10,imports,2026-06-01,TRUE,FALSE,residual,-4991,NA
exhibit_10,imports,2026-07-01,FALSE,FALSE,total,257197,NA
exhibit_10,imports,2026-07-01,FALSE,FALSE,0,13799,NA
exhibit_10,imports,2026-07-01,FALSE,FALSE,1,32344,NA
exhibit_10,imports,2026-07-01,FALSE,FALSE,2,117225,NA
exhibit_10,imports,2026-07-01,FALSE,FALSE,3,32515,NA
exhibit_10,imports,2026-07-01,FALSE,FALSE,4,55083,NA
exhibit_10,imports,2026-07-01,FALSE,FALSE,5,11678,NA
exhibit_10,imports,2026-07-01,FALSE,FALSE,residual,-5448,NA
exhibit_19,balance,2026-07-01,NA,NA,NA,1178,Australia
exhibit_19,balance,2026-06-01,NA,NA,NA,1322,Australia
exhibit_19,balance,2026-07-01,NA,NA,NA,888,Belgium
exhibit_19,balance,2026-06-01,NA,NA,NA,920,Belgium
exhibit_19,balance,2026-07-01,NA,NA,NA,2393,Brazil
exhibit_19,balance,2026-06-01,NA,NA,NA,1686,Brazil
exhibit_19,balance,2026-07-01,NA,NA,NA,-3204,Canada
exhibit_19,balance,2026-06-01,NA,NA,NA,-6940,Canada
exhibit_19,balance,2026-07-01,NA,NA,NA,-15238,China
exhibit_19,balance,2026-06-01,NA,NA,NA,-15345,China
exhibit_19,balance,2026-07-01,NA,NA,NA,-1336,France
exhibit_19,balance,2026-06-01,NA,NA,NA,-1549,France
exhibit_19,balance,2026-07-01,NA,NA,NA,-5570,Germany
exhibit_19,balance,2026-06-01,NA,NA,NA,-7095,Germany
exhibit_19,balance,2026-07-01,NA,NA,NA,3142,Hong Kong
exhibit_19,balance,2026-06-01,NA,NA,NA,3205,Hong Kong
exhibit_19,balance,2026-07-01,NA,NA,NA,-5018,India
exhibit_19,balance,2026-06-01,NA,NA,NA,-4519,India
exhibit_19,balance,2026-07-01,NA,NA,NA,-3919,Ireland
exhibit_19,balance,2026-06-01,NA,NA,NA,-2688,Ireland
exhibit_19,balance,2026-07-01,NA,NA,NA,-462,Israel
exhibit_19,balance,2026-06-01,NA,NA,NA,-1181,Israel
exhibit_19,balance,2026-07-01,NA,NA,NA,-2529,Italy
exhibit_19,balance,2026-06-01,NA,NA,NA,-2549,Italy
exhibit_19,balance,2026-07-01,NA,NA,NA,-4176,Japan
exhibit_19,balance,2026-06-01,NA,NA,NA,-3275,Japan
exhibit_19,balance,2026-07-01,NA,NA,NA,-10379,"Korea, South"
exhibit_19,balance,2026-06-01,NA,NA,NA,-7405,"Korea, South"
exhibit_19,balance,2026-07-01,NA,NA,NA,-4824,Malaysia
exhibit_19,balance,2026-06-01,NA,NA,NA,-4367,Malaysia
exhibit_19,balance,2026-07-01,NA,NA,NA,-27452,Mexico
exhibit_19,balance,2026-06-01,NA,NA,NA,-20277,Mexico
exhibit_19,balance,2026-07-01,NA,NA,NA,7764,Netherlands
exhibit_19,balance,2026-06-01,NA,NA,NA,7226,Netherlands
exhibit_19,balance,2026-07-01,NA,NA,NA,1256,Saudi Arabia
exhibit_19,balance,2026-06-01,NA,NA,NA,1826,Saudi Arabia
exhibit_19,balance,2026-07-01,NA,NA,NA,1947,Singapore
exhibit_19,balance,2026-06-01,NA,NA,NA,1847,Singapore
exhibit_19,balance,2026-07-01,NA,NA,NA,-598,Switzerland
exhibit_19,balance,2026-06-01,NA,NA,NA,2929,Switzerland
exhibit_19,balance,2026-07-01,NA,NA,NA,-18084,Taiwan
exhibit_19,balance,2026-06-01,NA,NA,NA,-14929,Taiwan
exhibit_19,balance,2026-07-01,NA,NA,NA,2518,United Kingdom
exhibit_19,balance,2026-06-01,NA,NA,NA,2221,United Kingdom
exhibit_19,balance,2026-07-01,NA,NA,NA,-23322,Vietnam
exhibit_19,balance,2026-06-01,NA,NA,NA,-21593,Vietnam
exhibit_19,balance,2026-07-01,NA,NA,NA,-14921,All other countries
exhibit_19,balance,2026-06-01,NA,NA,NA,-10682,All other countries
exhibit_19,balance,2026-07-01,NA,NA,NA,1777,CAFTA-DR
exhibit_19,balance,2026-06-01,NA,NA,NA,1484,CAFTA-DR
exhibit_19,balance,2026-07-01,NA,NA,NA,-8941,European Union
exhibit_19,balance,2026-06-01,NA,NA,NA,-10895,European Union
exhibit_19,balance,2026-07-01,NA,NA,NA,6580,South/Central America
exhibit_19,balance,2026-06-01,NA,NA,NA,5615,South/Central America
exhibit_19,exports,2026-07-01,NA,NA,NA,2751,Australia
exhibit_19,exports,2026-06-01,NA,NA,NA,2811,Australia
exhibit_19,exports,2026-07-01,NA,NA,NA,3453,Belgium
exhibit_19,exports,2026-06-01,NA,NA,NA,3152,Belgium
exhibit_19,exports,2026-07-01,NA,NA,NA,5397,Brazil
exhibit_19,exports,2026-06-01,NA,NA,NA,4613,Brazil
exhibit_19,exports,2026-07-01,NA,NA,NA,29251,Canada
exhibit_19,exports,2026-06-01,NA,NA,NA,28785,Canada
exhibit_19,exports,2026-07-01,NA,NA,NA,10346,China
exhibit_19,exports,2026-06-01,NA,NA,NA,10040,China
exhibit_19,exports,2026-07-01,NA,NA,NA,3857,France
exhibit_19,exports,2026-06-01,NA,NA,NA,4034,France
exhibit_19,exports,2026-07-01,NA,NA,NA,7224,Germany
exhibit_19,exports,2026-06-01,NA,NA,NA,6895,Germany
exhibit_19,exports,2026-07-01,NA,NA,NA,3505,Hong Kong
exhibit_19,exports,2026-06-01,NA,NA,NA,3560,Hong Kong
exhibit_19,exports,2026-07-01,NA,NA,NA,4359,India
exhibit_19,exports,2026-06-01,NA,NA,NA,4126,India
exhibit_19,exports,2026-07-01,NA,NA,NA,1672,Ireland
exhibit_19,exports,2026-06-01,NA,NA,NA,1991,Ireland
exhibit_19,exports,2026-07-01,NA,NA,NA,1301,Israel
exhibit_19,exports,2026-06-01,NA,NA,NA,1037,Israel
exhibit_19,exports,2026-07-01,NA,NA,NA,3261,Italy
exhibit_19,exports,2026-06-01,NA,NA,NA,4079,Italy
exhibit_19,exports,2026-07-01,NA,NA,NA,8274,Japan
exhibit_19,exports,2026-06-01,NA,NA,NA,9542,Japan
exhibit_19,exports,2026-07-01,NA,NA,NA,6096,"Korea, South"
exhibit_19,exports,2026-06-01,NA,NA,NA,6909,"Korea, South"
exhibit_19,exports,2026-07-01,NA,NA,NA,2574,Malaysia
exhibit_19,exports,2026-06-01,NA,NA,NA,2970,Malaysia
exhibit_19,exports,2026-07-01,NA,NA,NA,32632,Mexico
exhibit_19,exports,2026-06-01,NA,NA,NA,32815,Mexico
exhibit_19,exports,2026-07-01,NA,NA,NA,9772,Netherlands
exhibit_19,exports,2026-06-01,NA,NA,NA,9233,Netherlands
exhibit_19,exports,2026-07-01,NA,NA,NA,1459,Saudi Arabia
exhibit_19,exports,2026-06-01,NA,NA,NA,2211,Saudi Arabia
exhibit_19,exports,2026-07-01,NA,NA,NA,4814,Singapore
exhibit_19,exports,2026-06-01,NA,NA,NA,4306,Singapore
exhibit_19,exports,2026-07-01,NA,NA,NA,4448,Switzerland
exhibit_19,exports,2026-06-01,NA,NA,NA,6454,Switzerland
exhibit_19,exports,2026-07-01,NA,NA,NA,4755,Taiwan
exhibit_19,exports,2026-06-01,NA,NA,NA,4618,Taiwan
exhibit_19,exports,2026-07-01,NA,NA,NA,8005,United Kingdom
exhibit_19,exports,2026-06-01,NA,NA,NA,7715,United Kingdom
exhibit_19,exports,2026-07-01,NA,NA,NA,1679,Vietnam
exhibit_19,exports,2026-06-01,NA,NA,NA,1639,Vietnam
exhibit_19,exports,2026-07-01,NA,NA,NA,38260,All other countries
exhibit_19,exports,2026-06-01,NA,NA,NA,41005,All other countries
exhibit_19,exports,2026-07-01,NA,NA,NA,4851,CAFTA-DR
exhibit_19,exports,2026-06-01,NA,NA,NA,4592,CAFTA-DR
exhibit_19,exports,2026-07-01,NA,NA,NA,36491,European Union
exhibit_19,exports,2026-06-01,NA,NA,NA,36548,European Union
exhibit_19,exports,2026-07-01,NA,NA,NA,21458,South/Central America
exhibit_19,exports,2026-06-01,NA,NA,NA,20697,South/Central America
exhibit_19,imports,2026-07-01,NA,NA,NA,1574,Australia
exhibit_19,imports,2026-06-01,NA,NA,NA,1489,Australia
exhibit_19,imports,2026-07-01,NA,NA,NA,2565,Belgium
exhibit_19,imports,2026-06-01,NA,NA,NA,2232,Belgium
exhibit_19,imports,2026-07-01,NA,NA,NA,3004,Brazil
exhibit_19,imports,2026-06-01,NA,NA,NA,2927,Brazil
exhibit_19,imports,2026-07-01,NA,NA,NA,32454,Canada
exhibit_19,imports,2026-06-01,NA,NA,NA,35725,Canada
exhibit_19,imports,2026-07-01,NA,NA,NA,25584,China
exhibit_19,imports,2026-06-01,NA,NA,NA,25385,China
exhibit_19,imports,2026-07-01,NA,NA,NA,5193,France
exhibit_19,imports,2026-06-01,NA,NA,NA,5583,France
exhibit_19,imports,2026-07-01,NA,NA,NA,12794,Germany
exhibit_19,imports,2026-06-01,NA,NA,NA,13990,Germany
exhibit_19,imports,2026-07-01,NA,NA,NA,363,Hong Kong
exhibit_19,imports,2026-06-01,NA,NA,NA,355,Hong Kong
exhibit_19,imports,2026-07-01,NA,NA,NA,9377,India
exhibit_19,imports,2026-06-01,NA,NA,NA,8645,India
exhibit_19,imports,2026-07-01,NA,NA,NA,5591,Ireland
exhibit_19,imports,2026-06-01,NA,NA,NA,4678,Ireland
exhibit_19,imports,2026-07-01,NA,NA,NA,1763,Israel
exhibit_19,imports,2026-06-01,NA,NA,NA,2218,Israel
exhibit_19,imports,2026-07-01,NA,NA,NA,5790,Italy
exhibit_19,imports,2026-06-01,NA,NA,NA,6629,Italy
exhibit_19,imports,2026-07-01,NA,NA,NA,12451,Japan
exhibit_19,imports,2026-06-01,NA,NA,NA,12817,Japan
exhibit_19,imports,2026-07-01,NA,NA,NA,16475,"Korea, South"
exhibit_19,imports,2026-06-01,NA,NA,NA,14314,"Korea, South"
exhibit_19,imports,2026-07-01,NA,NA,NA,7398,Malaysia
exhibit_19,imports,2026-06-01,NA,NA,NA,7337,Malaysia
exhibit_19,imports,2026-07-01,NA,NA,NA,60084,Mexico
exhibit_19,imports,2026-06-01,NA,NA,NA,53092,Mexico
exhibit_19,imports,2026-07-01,NA,NA,NA,2008,Netherlands
exhibit_19,imports,2026-06-01,NA,NA,NA,2007,Netherlands
exhibit_19,imports,2026-07-01,NA,NA,NA,203,Saudi Arabia
exhibit_19,imports,2026-06-01,NA,NA,NA,385,Saudi Arabia
exhibit_19,imports,2026-07-01,NA,NA,NA,2867,Singapore
exhibit_19,imports,2026-06-01,NA,NA,NA,2458,Singapore
exhibit_19,imports,2026-07-01,NA,NA,NA,5046,Switzerland
exhibit_19,imports,2026-06-01,NA,NA,NA,3525,Switzerland
exhibit_19,imports,2026-07-01,NA,NA,NA,22839,Taiwan
exhibit_19,imports,2026-06-01,NA,NA,NA,19547,Taiwan
exhibit_19,imports,2026-07-01,NA,NA,NA,5486,United Kingdom
exhibit_19,imports,2026-06-01,NA,NA,NA,5493,United Kingdom
exhibit_19,imports,2026-07-01,NA,NA,NA,25001,Vietnam
exhibit_19,imports,2026-06-01,NA,NA,NA,23232,Vietnam
exhibit_19,imports,2026-07-01,NA,NA,NA,53181,All other countries
exhibit_19,imports,2026-06-01,NA,NA,NA,51687,All other countries
exhibit_19,imports,2026-07-01,NA,NA,NA,3074,CAFTA-DR
exhibit_19,imports,2026-06-01,NA,NA,NA,3108,CAFTA-DR
exhibit_19,imports,2026-07-01,NA,NA,NA,45433,European Union
exhibit_19,imports,2026-06-01,NA,NA,NA,47443,European Union
exhibit_19,imports,2026-07-01,NA,NA,NA,14878,South/Central America
exhibit_19,imports,2026-06-01,NA,NA,NA,15083,South/Central America
