wording,employment_size,period,estimate
old_question,NA,202520,10
old_question,NA,202519,9.9
old_question,NA,202518,9.1
old_question,NA,202517,9.7
old_question,NA,202516,8.8
old_question,NA,202515,9.4
old_question,NA,202514,9.3
old_question,NA,202513,9.3
old_question,NA,202512,9.2
old_question,NA,202511,9.2
old_question,NA,202510,8.7
old_question,NA,202509,8.7
old_question,NA,202508,8.3
old_question,NA,202507,8
old_question,NA,202506,7.8
old_question,NA,202505,7.4
old_question,NA,202504,7.3
old_question,NA,202503,6.8
old_question,NA,202502,6.7
old_question,NA,202501,6
old_question,NA,202426,6.3
old_question,NA,202425,6.1
old_question,NA,202424,6.1
old_question,NA,202423,6.1
old_question,NA,202422,6
old_question,NA,202421,6
old_question,NA,202420,6
old_question,NA,202419,5.9
old_question,NA,202418,5.7
old_question,NA,202417,5.5
old_question,NA,202416,5.1
old_question,NA,202415,5.1
old_question,NA,202414,5
old_question,NA,202413,4.7
old_question,NA,202412,5
old_question,NA,202411,4.6
old_question,NA,202410,4.8
old_question,NA,202409,4.7
old_question,NA,202408,4.8
old_question,NA,202407,4.2
old_question,NA,202406,4.4
old_question,NA,202405,4.3
old_question,NA,202404,5.4
old_question,NA,202403,5
old_question,NA,202402,5.3
old_question,NA,202401,4.6
old_question,NA,202326,4.9
old_question,NA,202325,4.9
old_question,NA,202324,4.6
old_question,NA,202323,4.4
old_question,NA,202322,3.9
old_question,NA,202321,3.8
old_question,NA,202320,3.7
old_question,NA,202319,3.7
new_question,NA,202619,23.8
new_question,NA,202618,23.2
new_question,NA,202617,22.4
new_question,NA,202616,21.8
new_question,NA,202615,21.5
new_question,NA,202614,21.7
new_question,NA,202613,20.6
new_question,NA,202612,20.6
new_question,NA,202611,20.6
new_question,NA,202610,19.5
new_question,NA,202609,19.8
new_question,NA,202608,19.8
new_question,NA,202607,19.1
new_question,NA,202606,18.9
new_question,NA,202605,18.2
new_question,NA,202604,17.5
new_question,NA,202603,18.9
new_question,NA,202602,18.2
new_question,NA,202601,17.7
new_question,NA,202526,17.8
new_question,NA,202525,17.2
new_question,NA,202524,17.3
new_question,A,202619,23.8
new_question,A,202618,23.6
new_question,A,202617,22.5
new_question,A,202616,21.9
new_question,A,202615,20.8
new_question,A,202614,20.8
new_question,A,202613,20
new_question,A,202612,20.1
new_question,A,202611,20
new_question,A,202610,19.1
new_question,A,202609,19
new_question,A,202608,19.2
new_question,A,202607,19
new_question,A,202606,18.5
new_question,A,202605,18.2
new_question,A,202604,17.5
new_question,A,202603,18.5
new_question,A,202602,18.2
new_question,A,202601,17.6
new_question,A,202526,17.7
new_question,A,202525,16.9
new_question,A,202524,17
new_question,B,202619,21.1
new_question,B,202618,21
new_question,B,202617,20.4
new_question,B,202616,20
new_question,B,202615,21.3
new_question,B,202614,20.5
new_question,B,202613,19.7
new_question,B,202612,20.7
new_question,B,202611,19
new_question,B,202610,18.5
new_question,B,202609,19.5
new_question,B,202608,18.5
new_question,B,202607,17.5
new_question,B,202606,18.6
new_question,B,202605,17.1
new_question,B,202604,15.7
new_question,B,202603,17.9
new_question,B,202602,17.5
new_question,B,202601,16.8
new_question,B,202526,18.3
new_question,B,202525,16.3
new_question,B,202524,15.5
new_question,C,202619,23
new_question,C,202618,20.8
new_question,C,202617,21.8
new_question,C,202616,20.2
new_question,C,202615,21.3
new_question,C,202614,22.5
new_question,C,202613,20
new_question,C,202612,19.2
new_question,C,202611,21.6
new_question,C,202610,19.1
new_question,C,202609,19.4
new_question,C,202608,19.9
new_question,C,202607,18.2
new_question,C,202606,17.4
new_question,C,202605,17.4
new_question,C,202604,17.2
new_question,C,202603,18.9
new_question,C,202602,16.6
new_question,C,202601,16.2
new_question,C,202526,16
new_question,C,202525,17.9
new_question,C,202524,17.8
new_question,D,202619,24.5
new_question,D,202618,23.3
new_question,D,202617,21.8
new_question,D,202616,22.4
new_question,D,202615,22.7
new_question,D,202614,25.1
new_question,D,202613,22.6
new_question,D,202612,22.7
new_question,D,202611,21.5
new_question,D,202610,19.5
new_question,D,202609,21.3
new_question,D,202608,22.4
new_question,D,202607,19.4
new_question,D,202606,21.5
new_question,D,202605,18.6
new_question,D,202604,17.4
new_question,D,202603,19.4
new_question,D,202602,18.3
new_question,D,202601,18.1
new_question,D,202526,18.5
new_question,D,202525,18.1
new_question,D,202524,18.7
new_question,E,202619,29.4
new_question,E,202618,25.8
new_question,E,202617,26.2
new_question,E,202616,27.8
new_question,E,202615,28.4
new_question,E,202614,27.6
new_question,E,202613,25.5
new_question,E,202612,24.7
new_question,E,202611,24.4
new_question,E,202610,25.5
new_question,E,202609,25.8
new_question,E,202608,25.6
new_question,E,202607,21.8
new_question,E,202606,22.3
new_question,E,202605,20.3
new_question,E,202604,20.6
new_question,E,202603,25.1
new_question,E,202602,23.8
new_question,E,202601,20.9
new_question,E,202526,17.5
new_question,E,202525,20.1
new_question,E,202524,20.7
new_question,F,202619,34.1
new_question,F,202618,34.5
new_question,F,202617,30.3
new_question,F,202616,30.3
new_question,F,202615,33.6
new_question,F,202614,30.5
new_question,F,202613,34.2
new_question,F,202612,29.7
new_question,F,202611,31.1
new_question,F,202610,30.6
new_question,F,202609,32
new_question,F,202608,30.6
new_question,F,202607,28.8
new_question,F,202606,26
new_question,F,202605,25
new_question,F,202604,24.3
new_question,F,202603,24.6
new_question,F,202602,25.6
new_question,F,202601,28.2
new_question,F,202526,25.4
new_question,F,202525,24.7
new_question,F,202524,23.7
new_question,G,202619,44
new_question,G,202618,38.4
new_question,G,202617,39.9
new_question,G,202616,41.5
new_question,G,202615,36.8
new_question,G,202614,38.8
new_question,G,202613,40.3
new_question,G,202612,40.7
new_question,G,202611,36.8
new_question,G,202610,36.1
new_question,G,202609,37.3
new_question,G,202608,31.2
new_question,G,202607,37
new_question,G,202606,35.3
new_question,G,202605,33.5
new_question,G,202604,31.9
new_question,G,202603,34.8
new_question,G,202602,27.1
new_question,G,202601,32.5
new_question,G,202526,32.7
new_question,G,202525,25.6
new_question,G,202524,30.5
